# Super Quiz questions, in English.
#   id;category;difficulty;question;right;wrong1;wrong2;wrong3;trivia
# Difficulty runs from 1 to 3. This bank is independent from the
# Italian one: the two languages do not ask the same questions, and
# each keeps its own record of what has already been asked.
# The id says where the row comes from: oq- OpenQuizzDB, tdb- Open
# Trivia DB.
# You can add your own by putting a domande.en.csv in the data
# folder (/var/lib/dmd), same format. Yours are never touched by
# updates.
#
# Fonte: OpenQuizzDB (openquizzdb.org) - CC BY-SA 4.0
# Fonte: Open Trivia DB (opentdb.com) - CC BY-SA 4.0
# 4820 domande.
oq-3-3;Harry Potter;1;"Where does the Dursley family live in the ""Harry Potter"" saga?";4 Privet Drive;4 Privet Road;4 Privet Avenue;4 Privet Square;Harry Potter's cousin Dursley is an unruly, violent and angry boy.
oq-3-5;Harry Potter;1;"What is Hermione's last name in the ""Harry Potter"" saga?";Granger;Greengrass;Grindelwald;Gaunt;Hermione is the best friend of Harry Potter and Ron Weasley, and resides, during her schooling, at Hogwarts, at the Gryffindor house.
oq-3-6;Harry Potter;1;"In the ""Harry Potter"" saga, a Muggle is someone born into a family...";Without magic;Without money;Without secrets;Without children;In humans, magical powers are inherited, transmitted by dominant or recessive alleles.
oq-3-11;Harry Potter;2;"What form does Ron's scarecrow take in the ""Harry Potter"" saga?";A spider;A dragon;A wolf;A scorpion;Nineteen years after Voldemort's fall, Ron and Hermione have two children: Rose and her younger brother Hugo.
oq-3-13;Harry Potter;2;"Which actor plays Draco Malfoy in ""Harry Potter""?";Tom Felton;Rupert Grint;Robbie Coltrane;Jeff Rawle;Tom Felton began a musical career in early 2007 under the pseudonym Feltbeats, gaining 3 million fans on Instagram.
oq-3-15;Harry Potter;2;"What is the name of the dragon belonging to Hagrid in the ""Harry Potter"" saga?";Norbert;Errol;Crockdur;Aragog;Hagrid, born of a human and a giant, was one of the first characters created by J. K. Rowling.
oq-3-17;Harry Potter;2;"What subject does Professor Snape teach in the ""Harry Potter"" saga?";Potions;Enchantment;Metamorphosis;Defense;A dark, proud, embittered, and bitter character, Snape has a complex, ambiguous, and somewhat indecipherable personality.
oq-3-18;Harry Potter;2;"What is the first name of Hagrid, the half-giant of the ""Harry Potter"" saga?";Rubeus;Albus;Severus;Remus;Hagrid is a game warden and has been teaching Care of Magical Creatures since volume 3 of the saga.
oq-3-20;Harry Potter;2;Who gave Harry Potter the high-performing Nimbus 2000?;M. McGonagall;S. Rogue;D. Malefoy;A. Dumbledore;Minerva McGonagall is Head of Hogwarts and also a Transfiguration teacher.
oq-3-21;Harry Potter;3;"What is the formula for the killing curse in the ""Harry Potter"" saga?";Avada Kedavra;Mortibus Rem;Machina Fino;Post Mortem;Avada Kedavra causes instant death, in a flash of green light and a sound similar to a gust of wind.
oq-3-26;Harry Potter;3;"What is the name of Draco Malfoy's mother in ""Harry Potter""?";Narcissa;Dolores;Lily;Bellatrix;The Malfoys and the Blacks are related by marriage between Narcissa and Lucius, where young Draco is the sole heir.
oq-3-27;Harry Potter;3;At Hogwarts, what floor is the On Demand Room located on?;Seventh Floor;Second floor;Eleventh floor;Twentieth Floor;A large number of hidden passages, stairs and moving painting portraits make the establishment quite mysterious.
oq-3-28;Harry Potter;3;What is the first Christmas gift that Hagrid offers to Harry Potter?;Flute;Baguette;Owl;Key;Hagrid, a member of the Order of the Phoenix, was raised at Hogwarts in the Gryffindor House, where he arrived in 1940.
oq-3-29;Harry Potter;3;What is the zodiac sign of young Harry Potter, born in 1980?;Lion;Virgo;Libra;Taurus;Harry James Potter was born on July 31, 1980 and therefore has the same birthday as J. K. Rowling.
oq-8-2;Tutankhamun;1;What profession did Howard Carter, son of animal painter Samuel John Carter, do?;Archaeologist;Physicist;Journalist;Decorator;Howard Carter is best known for having discovered Tutankhamun's tomb in 1922.
oq-8-3;Tutankhamun;1;How many sarcophagi protected Tutankhamun's mummy?;Three;Two;Four;Five;At the end of seventy days, Tutankhamun will be buried, according to the royal funeral rites.
oq-8-4;Tutankhamun;1;What material is Tutankhamun's death mask made of?;Gold;Bronze;Plaster;Money;Over the face of Tutankhamun is folded a fine gold mask whose features recall the face of Queen Tiyi.
oq-8-5;Tutankhamun;1;What precious material evoked the Sun god for the Egyptians?;Gold;Platinum;Titanium;Palladium;In Egyptian mythology, Ra (or Ra) is the god of the solar disk and the creator of the universe.
oq-8-8;Tutankhamun;1;By what technique did the Egyptians open the underground world to the soul?;Embalming;Dissection;Cremation;Hanging;In ancient Egypt, embalmers are also called taricheutes, meaning preserved meat, embalmed body.
oq-8-9;Tutankhamun;1;In ancient Egypt, what abode was essential for eternal life?;Sarcophagus;Baptistery;Mausoleum;Colombarium;Most often carved in stone and placed above the ground, the sarcophagus is sometimes buried.
oq-8-11;Tutankhamun;2;What is the weight of the solid gold funerary mask from Tutankhamun's coffin?;11 kg;8 kg;5 kg;2 kg;This sculpture, discovered in 1925, is a true masterpiece of Egyptian goldsmithing.
oq-8-12;Tutankhamun;2;On Tutankhamun's mask, which animal repels enemies with its breath?;Cobra;Horse;Dragon;Scorpio;In Egyptian mythology, Wadjet is a protective cobra goddess of Lower Egypt.
oq-8-13;Tutankhamun;2;What does the false beard of Tutankhamun's funeral mask symbolize?;Immortality;Power;Glory;Posterity;In ancient Egypt, the false beard is one of the attributes that the pharaoh shares with the gods.
oq-8-14;Tutankhamun;2;What precious material symbolizes the bones of the deceased pharaoh?;Money;Gold;Platinum;Bronze;The exhibitions devoted to Tutankhamun very regularly experience considerable popular success.
oq-8-15;Tutankhamun;2;Which patron funded Howard Carter's excavation of Tutankhamun's tomb?;Lord Carnarvon;Thomas Young;Harry Burton;Geoffrey Martin;Lord Carnarvon married in 1895 with the very rich Almina Wombwell, natural daughter of the banker Alfred de Rothschild.
oq-8-16;Tutankhamun;2;Who was first reserved for embalming under the Old Egyptian Empire?;To the pharaohs;To the scribes;To priests;To animals;Embalming refers to all the techniques aimed at preserving the bodies of dead people.
oq-8-17;Tutankhamun;2;How many steps go down to the front door of Tutankhamun's tomb?;Sixteen;Thirty;Four;Fifty;From there, a corridor leads to a door closing the entrance to the first room, called the antechamber by Carter.
oq-8-18;Tutankhamun;2;What was the first room in Tutankhamun's tomb called?;Antechamber;Vestibule;Reserve;Dormitory;When it was discovered, the antechamber contained more than 700 rooms piled up jumbled together.
oq-8-19;Tutankhamun;2;How was Tutankhamun's mummy almost charred?;Ointments;Suffers;Natron;Bronze;It is indeed by the ointments poured at the time of burial that the mummy was almost charred.
oq-8-20;Tutankhamun;2;How many daughters who died prematurely would Pharaoh Tutankhamun have had?;Two;Three;Four;Five;Examination of their mummies in 2011 revealed that one of the fetuses died at five or six months of pregnancy.
oq-8-21;Tutankhamun;3;Who discovered Tutankhamun's tomb in 1922?;Howard Carter;Somers Clarke;Henry Salt;Alfred Lucas;In 1924, he did many interviews in the United States where he was seen as a real star.
oq-8-22;Tutankhamun;3;What Egyptian designation is used for Tutankhamun's tomb?;KV62;MC23;DS36;ZX44;The visit to the KV62 tomb is subject to a specific price which may vary depending on the season.
oq-8-23;Tutankhamun;3;How many works and pieces of furniture did Tutankhamun's tomb contain?;2,099;1,245;3,627;4,830;The treasure chamber contained models of ships, numerous statues and two mummies of fetuses.
oq-8-24;Tutankhamun;3;What name does the most emblematic headdress of the pharaohs bear?;Nemes;Pakol;Causia;Kippa;The nemes is a head covering of fabric, quite complex, made up of several parts.
oq-8-25;Tutankhamun;3;Which protective goddess of the pharaoh is found on Tutankhamun's mask?;Nekhbet;Kekou;Miysis;Hathor;In her role of protector of the pharaoh, Nekhbet is associated with the cobra goddess Ouadjet, symbol of Lower Egypt.
oq-8-26;Tutankhamun;3;What mineral was often used for funerary jewelry among the Egyptians?;Amethyst;Zircon;Garnet;Opal;The color of amethyst only remains stable up to 250 ° C. Beyond that, most amethysts will discolour.
oq-8-28;Tutankhamun;3;What mineral allowed the Egyptians to dehydrate human tissue?;Natron;Nickel;Lithium;Bismuth;The Egyptians observed the similarity in matter between the purified, heated and dried natron and the water soluble part.
oq-8-29;Tutankhamun;3;What did we slip under the mummies' faces to restore their shape?;Clay;Gypsum;Ocher;Coal;A mummy is a corpse that has been preserved from destruction and decay.
oq-18-1;Star Trek;1;"In ""Star Trek"", which fleet is responsible for defending the Federation's borders?";Starfleet;FedCon;Cardassia;Klingon;Starfleet's primary mission is to gather as much information as possible about the Universe.
oq-18-2;Star Trek;1;"What word was used in the late 1960s to refer to fans of the ""Star Trek"" series?";Trekkies;Spockies;Sixties;Friendies;Sometimes the term trekkie is replaced by trekker, which for some has a less pejorative connotation.
oq-18-3;Star Trek;1;Which actor remains inseparable from the early adventures of Captain James T. Kirk?;William Shatner;DeForest Kelley;Leonard Nimoy;James Doohan;"William Shatner has written several books in the ""Star Trek"" series, published in French by Fleuve Noir editions."
oq-18-4;Star Trek;1;"In the universe of ""Star Trek"", which physicist is also a fine helmsman?";Sulu;McCoy;Uhura;Chekov;It could be that Hikaru Sulu is a distortion of Hikari utsuru, evoking moving at the speed of light.
oq-18-5;Star Trek;1;"What is the most iconic technological gadget in the ""Star Trek"" saga?";Teleporter;Planitron;Telecran;Cosmic cube;Teleportation is normally performed from a teleportation platform to a given position.
oq-18-8;Star Trek;1;"In ""Star Trek"", which female crew member is of African American descent?";Uhura;Chekov;Chapel;McCoy;Over time, his name is completed and becomes Nyota Upende Uhura, meaning in Swahili star-love-freedom.
oq-18-9;Star Trek;1;"Who replaced Leonard Nimoy in the last feature films of ""Star Trek""?";Zachary Quinto;Chris Pine;Jonathan Frakes;Avery Brooks;"On October 16, 2011, the actor spoke about his homosexuality for the first time in an interview with ""New York Magazine""."
oq-18-10;Star Trek;1;"What is the nickname of the Scottish Enterprise engineer in the ""Star Trek"" saga?";Scotty;Jimmy;Benny;Vinny;Montgomery Scott, nicknamed Scotty, has two loves: his Enterprise, which he pampers carefully, and whiskey.
oq-18-11;Star Trek;2;"Who is the writer behind the creation of the ""Star Trek"" universe?";Gene Roddenberry;David Jacobs;Ed Burns;William Stuart;Asteroid 4659 Roddenberry, and an impact crater on Mars, Roddenberry Crater, are both named in his honor.
oq-18-14;Star Trek;2;"Who replaced William Shatner in the last feature films of ""Star Trek""?";Chris Pine;Zachary Quinto;Patrick Stewart;Brent Spiner;"In 2017, Chris Pine will join a superhero franchise for the blockbuster ""Wonder Woman""."
oq-18-16;Star Trek;2;"How many films based on the original ""Star Trek"" series hit screens before 2018?";Six;Eight;Ten;Twelve;"""Star Trek, the Movie"" is the film adaptation of the third episode of the second season of the television series."
oq-18-19;Star Trek;2;"In ""Star Trek"", which alien species is native to the planet Kronos?";Klingons;Romulans;Borgs;Talosians;Klingons are generally larger and stronger humanoids than Humans due to powerful musculature.
oq-18-21;Star Trek;3;"The first pilot in the ""Star Trek"" series was refused because the second in command was...";A woman;Too old;Too young;Black;"The ""Star Trek"" series has given rise to widespread enthusiasm among a large audience with the creation of many fanzines."
oq-18-22;Star Trek;3;"In ""Star Trek"", which race of creatures is partly organic and partly mechanical?";Borgs;Klingons;Romulans;Andorians;The assimilation of a large number of peoples allowed the Borg to reach a surprising technological level.
oq-18-23;Star Trek;3;"What name has been given to the biggest ""Star Trek"" convention in Europe?";FedCon;SpaceCraft;EuroTrek;AlphaKirk;In 2011, FedCon broke the world record for most people wearing a Star Trek costume, with 691 people.
oq-18-24;Star Trek;3;"What is the first name of Enterprise Team Member Chekov in ""Star Trek""?";Pavel;Nyota;Hikaru;Janice;Pavel Chekov's Russian accent betrays his Slavic origins as well as his love for vodka.
oq-18-26;Star Trek;3;"In ""Star Trek"", how many parts is the galaxy divided into?";Four;Six;Two;Eight;"The ""Star Trek"" universe portrays a future in which humanity eradicated disease, racism, poverty and war on Earth."
oq-18-27;Star Trek;3;"Which android is found in ""Star Trek: The Next Generation""?";Data;Kapa;Worf;Soong;This American television series, comprising 178 episodes of 45 minutes, aired between 1987 and 1994.
oq-18-28;Star Trek;3;"Which documentary released in 2011 tells about the influence that ""Star Trek"" may have had?";"""Trek Nation""";"""Space Odyssey""";"""Galaxy Five""";"""First Contact""";"The documentary ""Trek Nation"" analyzes the impact that ""Star Trek"" and its creator, Gene Roddenberry, may have had."
oq-18-29;Star Trek;3;"In ""Star Trek"", which species has a body temperature close to -30 ° C?";Breens;Borgs;Klingons;Romulans;To travel, they therefore travel in refrigerated suits because a temperature above -18 ° C can kill them.
oq-18-30;Star Trek;3;"Who illustrated many of the posters for the ""Star Trek"" saga?";Bob Peak;Clark Hulings;Gerald Brom;Ben Stahl;"American painter and illustrator Bob Peak is also known for the posters of ""My Fair Lady"" and ""Apocalypse Now""."
oq-23-2;Tennis;1;What is the nationality of Roger Federer, one of the greatest tennis players of all time?;Switzerland;Belgian;French;German;Roger Federer is the only player in tennis history to have won five Grand Slam tournaments in a row.
oq-23-5;Tennis;1;In tennis, when a ball bounces off the field, it is said that it is ...;Out;Nothing;False;White;When the ball falls into the net, on the side of the player who hit the ball, the point is also awarded to the opponent.
oq-23-7;Tennis;1;What is the color of the ball used in tennis?;Yellow;Red;Green;Blue;Coated with felt, balls must be yellow or white in official competitions.
oq-23-8;Tennis;1;In tennis, when playing doubles, what area of the field is added?;The corridors;The squares;The lines;The funds;For the doubles game, two 1.37 meter lanes are added, thus increasing the width of the court to 10.97 meters.
oq-23-10;Tennis;1;What is the first action taken at the beginning of a tennis match?;Service;Smash;Stolen;Lift;The service must be struck diagonally so that the ball falls into the service square.
oq-23-11;Tennis;2;Which of these professional tennis players is the most aged?;Andre Agassi;Marat Safin;Rafael Nadal;Roger Federer;Andre Agassi has won 60 singles titles on the ATP Tour, including 8 Grand Slam tournaments.
oq-23-12;Tennis;2;In which year did Rafael Nadal win his first Grand Slam?;2005;2004;2003;2002;Rafael Nadal is considered by many specialists as the best clay player in the history of tennis.
oq-23-14;Tennis;2;In all four Grand Slam tournaments, each round is played in how many winning sets?;Three;Two;Four;Five;To achieve the Grand Slam in tennis is to win, the same year, the four major tournaments of the international circuit.
oq-23-15;Tennis;2;For men, who is the youngest winner of the Roland Garros tournament?;Michael Chang;Jim Courier;Thomas Muster;Boris Becker;Michael Chang's best ATP ranking in singles was second in the world on 9 September 1996.
oq-23-16;Tennis;2;In tennis, what is the score of the game when the server scores 3 points and the receiver 2?;40-30;30-40;3-2;2-3;The possible scores to win a set are: 6/0, 6/1, 6/2, 6/3, 6/4 and 7/5.
oq-23-17;Tennis;2;Which of these tennis players has been naturalized in America since 1992?;Ivan Lendl;Boris Becker;John McEnroe;Pete Sampras;Lendl has marked the history of tennis by his baseline play, more offensive than those of his predecessors.
oq-23-18;Tennis;2;Who became at 19 the youngest winner of the US Open tournament?;Pete Sampras;Andre Agassi;Boris Becker;Roger Federer;Pete Sampras is the only player of the Open era to have completed six seasons in the world rankings.
oq-23-19;Tennis;2;What elbow pain is common among tennis players?;Tennis elbow;Tennis shadow;Longbow Tennis;Tennis middow;According to the scientific literature, the symptoms would last on average from 6 months to 2 years and would recur in 26% of cases.
oq-23-20;Tennis;2;In its center, the tennis net must have a minimum height of how many centimeters?;91 cm;101 cm;111 cm;121 cm;The net should be dark in color and the strip of net white with a size of 10 to 13 cm.
oq-23-21;Tennis;3;Who was the first number one worldwide when creating the ATP ranking?;Ilie Nastase;Jimmy Connors;Björn Borg;Adriano Panatta;On the court, Ilie Nastase did not hesitate to amuse the public or verbally attack the referee.
oq-23-22;Tennis;3;Who holds the record for 48 broken rackets in a tennis match?;Marat Safin;John McEnroe;Lleyton Hewit;Tommy Haas;Marat Safin is the only Russian player with Ievgueni Kafelnikov to have won a Grand Slam tournament.
oq-23-24;Tennis;3;Which South African tennis player was Steffi Graf's black beast?;Amanda Coetzer;Monica Seles;Christ Evert;Gabriela Sabatini;In 1995 at the Canada Open, Amanda Coetzer eliminated three top five players: Steffi Graf, Jana Novotna and Mary Pierce.
oq-23-25;Tennis;3;Who is the last player to beat Justine Henin in an official tournament?;Kuznetsova;Dementieva;Safina;Jankovic;Despite a relative handicap of size and weight, Justine Henin was one of the dominant players of the years 2003 to 2008.
oq-23-26;Tennis;3;In which year was Wimbledon, the oldest tennis tournament in the world created?;1877;1897;1887;1867;The Wimbledon tournament is since its beginnings organized by the All England Lawn Tennis and Croquet Club, an English sports club.
oq-23-27;Tennis;3;What former tennis player was dubbed the Terrible?;Ivan Lendl;John McEnroe;Pete Sampras;Boris Becker;The public, especially French, supported little Ivan Lendl, reproaching him on the side unfriendly.
oq-23-28;Tennis;3;Which tennis player won 64 Grand Slam titles?;Margaret Court;Steffi Graf;Justine Henin;Christ Evert;Margaret Court then embarked on a local political career in Western Australia.
oq-23-29;Tennis;3;With what brand of racket does Roger Federer play, professional since 1998?;Wilson;Lacoste;Babolat;Head;Federer played in 2012 with the Wilson Pro Staff Six.One racquet, characterized by its small striking surface.
oq-23-30;Tennis;3;Which tennis player has unintentionally caused the death of a referee by one of his balls?;Stephan Edberg;Mats Wilander;Jimmy Connors;John McEnroe;Stephan Edberg is with John McEnroe one of only two players to be number one in singles and men's singles.
oq-24-1;Castles;1;In the gardens of what castle can we admire a beautiful orangery?;Versailles;Chenonceau;Fontainebleau;Seals;The orangery shelters in winter 1,500 shrubs in box, in majority of the orange trees but also laurels, grenadiers or myrtles.
oq-24-3;Castles;1;At the beginning of the Middle Ages, in what subject were the first strong castles built?;Wood;Straw;Iron;Stones;The castle is a European innovation that appeared in the 9th century after the fall of the Carolingian Empire.
oq-24-5;Castles;1;What is the name of the ditch, usually filled with water, that surrounds a strong castle?;Douves;Shirt;Contrescarpe;Latrines;The use of gears, such as towers and bullies, was then made difficult or impossible.
oq-24-8;Castles;1;What was the favorite residence of the Kings of France at the Renaissance?;Blois;Amboise;Fontainebleau;Meudon;The royal castle around a courtyard has a panorama of French architecture from the Middle Ages to the classical era.
oq-24-10;Castles;1;What is generally found behind the drawbridge of a castle?;Harrow;Murderers;Douves;Turret;The bottom of the harrow is often filled with spikes to discourage anyone from trying to pass underneath as it descends.
oq-24-11;Castles;2;In which department can you visit the chateau Chenonceau, looking very feminine?;Indre-et-Loire;Vaucluse;Dordogne;Finistère;The chateau of Chenonceau is one of the chateaux commonly called the chateaux of the Loire.
oq-24-12;Castles;2;What is the name of a small tower in a castle?;Turret;Tourette;Tourine;Touronne;Turrets served as a watchtower, defending a weak point or a postern.
oq-24-13;Castles;2;Which castle is presumed to be buried Leonardo da Vinci?;Amboise;Blois;Sully-Sur-Loire;Saumur;De Vinci developed ideas that were far ahead of his time, such as the airplane, the helicopter, the submarine and the automobile.
oq-24-15;Castles;2;What castle was Hergé inspired to create the Moulinsart castle?;Cheverny;Langeais;Villandry;Chaumont-Sur-Loire;The castle, raised in a very classical style, was designed by Jacques Bougier, architect of a part of the castle of Blois.
oq-24-16;Castles;2;Near which city did Louis XIV build his future residence?;Versailles;Angers;Fontainebleau;Chambord;The king and the court resided there permanently from 1682 to 1789, with the exception of the years of the Regency from 1715 to 1723.
oq-24-17;Castles;2;In which city can one visit the castle of the dukes of Brittany?;Nantes;Rennes;Brest;Angers;Became property of the city of Nantes in 1915, the castle has been used for tourism and museums since 1924.
oq-24-19;Castles;2;Which castle that belonged to the Grand Condé in the 17th century was a place of celebration?;Chantilly;Versailles;Chenonceau;Fontainebleau;Chantilly Castle Gardens are one of the most remarkable creations of André Le Nôtre.
oq-24-20;Castles;2;In which city of France is the castle of Henri IV, classified as a historical monument?;Pau;Toulouse;Bordeaux;Mont-de-Marsan;"The castle of Pau carries within it the tormented marks of modern history, under the benevolent figure of the ""gallant green""."
oq-24-22;Castles;3;What little decrepit door is sometimes practiced in a castle wall?;Poterne;Harrow;Escarpe;Bretèche;Placed in the bottom of the curtain walls, at the level of the ditches, she was generally under the protection of the murderers of a nearby tower.
oq-24-23;Castles;3;Which wall connects two towers in medieval military architecture?;Courtine;Poterne;Harrow;Escarpe;In bastioned military architecture, a curtain wall is a rampart connecting two bastions.
oq-24-24;Castles;3;Which stone structure placed at the top of a tower allows a fuse?;Machicolation;Bastillon;Merlon;Gabion;This active defense system, replacing the hoardings, is used to throw various materials to defend the foot of the fortifications.
oq-24-26;Castles;3;In the harbor of which city can you see the castle of If?;Marseille;Nice;Toulon;Nantes;This three-storey square construction measures 28 meters on each side, flanked by 3 towers and pierced by wide embrasures.
oq-24-27;Castles;3;Which classed castle includes three dungeons built at three different times?;Falaise;Olivet;Caen;Vire;The phases of construction are clearly identifiable, each dungeon corresponding to a distinct period.
oq-24-28;Castles;3;Which castle is composed of 17 towers erected under the reign of Saint-Louis?;Angers;Toulon;Rambures;Falaise;The Fortress, also called the castle of the Dukes of Anjou, is erected on a promontory slate slate overlooking Maine.
oq-24-29;Castles;3;Which castle of the Somme is built almost entirely in bricks?;Rambures;Bertangles;Raincheval;Folleville;The castle of Rambures was spared by Louis XIII during the ordinances of Richelieu.
oq-24-30;Castles;3;What Mayenne castle with eight towers was built in just one year?;Lassay;Courbeveille;Fresnay;Terchant;The two towers of the south-east and south-west angles are circular, while the other six are flanked by the wall of the curtain walls.
oq-165-1;General knowledge;1;What nickname was given to Victoria Beckham among the Spice Girls?;Posh;Push;Pesh;Pish;The solo career of Victoria Posh Beckham (pretty quickly stopped) is the most disastrous of the Spice Girls.
oq-165-2;General knowledge;1;Which boy band was Justin Timberlake before progressing in a solo career?;NSYNC;Take That;G-Squad;Backstreet Boys;The members of the NSYNC group were Lance Bass, Chasez, Joey Fatone, Chris Kirkpatrick and Justin Timberlake.
oq-165-4;General knowledge;1;In the X-Men, what substance is the skeleton of Wolverine?;Adamantium;Vibranium;Cavorite;Neutronium;Adamantium, the most resistant imaginary metal alloy of all known imaginary metals, does not oxidize or rust.
oq-165-6;General knowledge;1;In what year did the first version of the movie E.T. come out?;1982;1984;1986;1980;For eleven years in a row, the American blockbuster E.T. the extra-terrestrial will remain at the top of the global box office.
oq-165-7;General knowledge;1;What is the color of the triangle on a PlayStation 2 gamepad?;Green;Blue;Red;Mauve;The PS2 is a sixth-generation video game console marketed by Sony Computer Entertainment.
oq-165-8;General knowledge;1;Who became the first artist produced by Internet users in France?;Grégoire;Matthieu;Antoine;Simon;Grégoire's first album, released in 2008 and turned into a diamond disc, was produced by 347 Internet users.
oq-165-9;General knowledge;1;Which actor plays Spider-Man in the series of films made by Sam Raimi?;Tobey Maguire;Val Kilmer;Ben Foster;Jason Statham;Tobey Maguire will no longer be chosen to interpret Peter Parker's character in Spiderman 4.
oq-165-11;General knowledge;2;In what year did the first prototype of the 205 come out of the Peugeot workshops?;1981;1977;1969;1992;The builder's flagship model, the 205 will save it from a delicate financial situation after the purchase of Chrysler Europe.
oq-165-12;General knowledge;2;Which audiovisual production company belongs to Christophe Dechavanne?;Coyote;Réservoir Prod;Case Productions;Visu Tele;The Coyote Group is one of the largest independent producers in the French audiovisual landscape.
oq-165-13;General knowledge;2;With which movie did Clint Eastwood make a biography of Charlie Parker?;Bird;Parker;Dizzy;Charlie;The film of high quality is one of the very few devoted to jazz and music of a director himself a musician.
oq-165-14;General knowledge;2;Jon Voight, interpreter of the movie Macadam Cowboy, has a famous girl called ...;Angelina Jolie;Kate Moss;Katie Holmes;Jennifer Aniston;Originally from Germany and Slovakia, Jon Voight attended stage design classes at the Catholic University of New York.
oq-165-15;General knowledge;2;In the magical world of Pokémon, who are the sworn enemies of Sacha and her friends?;Team Rocket;Team Alpha;Team Miaouss;Team Draco;The Team Rocket is a fictional criminal organization, under the ownership of Giovanni, of the animated series Pokémon.
oq-165-16;General knowledge;2;The Marriage of Figaro is an ope-food of which great composer?;Mozart;Puccini;Verdi;Toscanini;After the first representation given in Vienna in May 1786, eight other representations were proposed.
oq-165-18;General knowledge;2;What sexy stripper was Marilyn Manson's companion for several years?;Dita Von Teese;Ursula Martinez;Carol Doda;Tori Welles;The signature of Dita, a burlesque dancer, arose from her meeting with Catherine D'Lish, her best friend.
oq-165-19;General knowledge;2;Which actor had his agent meet Johnny Depp, then unknown to the general public?;Nicolas Cage;Bruce Willis;Morgan Freeman;Clint Eastwood;Johnny Depp has become famous thanks to the television series 21 Jump Street and his role as Jack Sparrow.
oq-165-20;General knowledge;2;What is the duration fixed for the mandate of the European delegates?;Five years;Four years;Three years;Six years;One-third of the Euro-respondents are women, a higher percentage than in most national parliaments.
oq-165-22;General knowledge;3;Who created the characters of Heads slaps on the internet?;Michel Beaudet;Michel Beaudry;Michel Beaulieu;Michel Beaupré;The site created by the ex-advertising Michel Beaudet knows, since its creation on August 16, 2006, a very big success.
oq-165-23;General knowledge;3;What is the new name of the free instant messaging software Gaim?;Pidgin;Connect;iShare;Komunnity;Gaim was renamed Pidgin in 2007 because of complaints from AOL and its AIM brand.
oq-165-25;General knowledge;3;In which city were the sadly famous pacifists of the 1972 Bloody Sunday killed?;Derry;Dublin;Belfast;Limerick;Every year, on the last Sunday of January, a memorial march takes place in the Bogside District.
oq-165-26;General knowledge;3;What wicker basket can throw the ball to the Basque pelota?;Chistera;Bertsu;Makhila;Talo;Universal game, legacy of other civilizations, the Basque pelota gathers several traditional games from the game of palm.
oq-165-27;General knowledge;3;In which city was founded the Oxbow clothing brand in 1985?;Pont-Audemer;Bordeaux;Biarritz;Chambord;"The brand of clothing Oxbow, now ""French Surf House"", wants to pioneer a sport-fashion positioning."
oq-165-30;General knowledge;3;Who impressively embodied Commissioner Valencia on TV?;Bernard Tapie;Frédéric Diefenthal;Jean Reno;Richard Berry;Bernard Tapie has mostly been talked about in a series of financial operations, with among others the Credit Lyonnais.
oq-168-1;Make-up;1;What other trendier name do we give to lip gloss today?;Gloss;Corrector;Blush;Eyeshadow;The gloss exists in colored or not versions, iridescent or not. Tinted, it can possibly replace lipstick.
oq-168-2;Make-up;1;Which of these creams is considered essential before any product applied to the skin?;Moisturizing;Chantilly;Solar;Brulee;The moisturizer helps prevent unsightly foundation stains in places where the skin is the driest.
oq-168-4;Make-up;1;What base can be useful if the skin tends to shine during the day?;Mattifying;Sticky;Stagnant;Shiny;On the other hand, matifying papers make it possible to absorb the excess sebum before, for example, a retouching.
oq-168-6;Make-up;1;With what do you open your eyes by curling and lengthening the lashes?;Mascara;Blush;Gloss;Eyeshadow;The mascara is posed by looking downwards, placing the brush at the base of the lashes and going up along the lashes.
oq-168-7;Make-up;1;What object is used to redraw the curve of the eyebrow?;Pencil;Eraser;Scissors;Pen;To fill in any holes in the eyebrow, draw small lines with a pencil, imitating the hairs.
oq-168-8;Make-up;1;What brand name was once used in everyday language to speak of mascara?;Rimmel;Sephora;Clarins;Bourjois;Rimmel is a cosmetic product created in 1880 by Eugène Rimmel and used to highlight the eyes.
oq-168-9;Make-up;1;What make-up object effectively prevents lipstick from spinning?;Lip liner;Eyeliner;Lip gloss;Varnish;Choose a neutral lip liner that is lighter than lipstick, because ideally, it should be invisible.
oq-168-11;Make-up;2;In make-up, what do you also call blush?;Blush;Rimmel;Gloss;Fluid;The most common and easiest to apply blush is to smile overly and put the blush on the cheekbones.
oq-168-12;Make-up;2;Which product theoretically constitutes the final touch of makeup?;Lipstick;Foundation;Mascara;Blush;If the eyes are already heavily made up, it is better to choose neutral, natural and discreet shades of lipstick.
oq-168-14;Make-up;2;Which pencil is specifically designed to make up the inside of the eye?;Kohl;Gloss;Mascara;Rimmel;Severe lead poisoning is still observed following the use of kohl with lead sulfide.
oq-168-18;Make-up;2;What product is mainly used to moisturize and especially protect the lips?;Balm;Gel;Soap;Butter;The feminine ointment comes from the fact that the old ointments were flavored with API apple.
oq-168-19;Make-up;2;How do you qualify makeup done by tattooing?;Permanent;Indecent;Disappointing;Growing up;This pigmentation of the skin has the particularity of being lasting: it is maintained for several years.
oq-168-21;Make-up;3;What makeup product has the effect of imitating a tan and giving a better glow?;Indian land;Irish salt;Italian water;English balm;The most common mistake is to put the Indian soil all over the face, the ideal being to apply it on the places where the sun beats.
oq-168-22;Make-up;3;What was the first cosmetic online sales site in France in 2019?;Yves Rocher;Clarins;Clinique;L'Oréal;Yves Rocher is a company owned by the Yves Rocher group and has 1,700 stores, including 650 in France.
oq-168-23;Make-up;3;In what year did James Bruce Mason patent the swivel lipstick?;1923;1938;1947;1952;Before this date, in 1915, Maurice Lévy, an American inventor, registered the patent for the sliding system tube.
oq-168-24;Make-up;3;In ancient Egypt, what could green eyeshadows invoke?;Protection;Destruction;Domination;Meditation;The green eyeshadows (wadju) could invoke the protection of Hathor, the goddess of festivities and love.
oq-168-25;Make-up;3;Which brand developed the first long-lasting opaque colored nail polishes?;Revlon;Maybelline;Benefit;Kiko;In 1950, the colors of the varnishes created in 1932 will this time be matched with the American fashion collections.
oq-168-26;Make-up;3;In Antiquity, what virtue was granted to black eyeshadow?;Disinfection;Sweating;Illumination;Eruption;Thanks to lead sulfide and the chlorine it contained, black eyeshadow, called mesdemet, also served as a disinfectant.
oq-168-27;Make-up;3;What false mole was once used to bring out the whiteness of the complexion?;Fly;Wasp;Hornet;Bee;The Romans and the Egyptians already used flies to camouflage small buttons.
oq-168-29;Make-up;3;What brand wants to be the make-up for theater and for the city?;Bourjois;Estée Lauder;NYX;Revlon;A long-standing company of Chanel, the Bourjois brand markets perfumes, make-up and cosmetics.
oq-173-1;Horses;1;What position do horses adopt for a light sleep?;Standing;On the right flank;On the left flank;On the belly;Like most large herbivores, the horse sleeps little (3 to 5 hours a day) because of its vulnerability to predators.
oq-173-4;Horses;1;What food does the horse really appreciate?;Oats;Hay;Fodder;Muesli;Oats are straw cereals and are widely used in animal feed (especially from equine).
oq-173-8;Horses;1;Which car brand is emblematic of a horse cabre?;Ferrari;Peugeot;Alfa Romeo;Lamborghini;"As early as 1947, the initial ""Scudetto"" logo was reserved for models prepared by Scuderia Ferrari, the racing team."
oq-173-9;Horses;1;How often should the hoofs of the horse be properly cleaned?;Once a day;Once a week;Once a month;Once a year;Hoofed animals walk on the tip of their fingers, unlike humans who walk on the soles of their feet.
oq-173-10;Horses;1;What is the name of the winged horse of Greek mythology?;Pegasus;Argus;Merengo;Fungus;Pegasus ascends to heaven after his birth and puts himself at the service of Zeus who charges him with bringing lightning to Olympus.
oq-173-13;Horses;2;In what state is a horse that folds his ears on his neck?;Faché;Terrified;Happy;Tired;The study of the horse's gestures, ear movements and the attitudes of his head helps to determine his mood.
oq-173-14;Horses;2;What color is Stewball in Hugues Aufray's song?;White;Black;Gray;Chestnut;The song celebrates the victory of a white horse with chestnut blotches on a gray mare during a horse race.
oq-173-15;Horses;2;"How much does the newborn foal of an ""ordinary"" horse weigh about?";45 kg;15 kg;30 kg;60 kg;In the domestic state, the foal stays with its mother until weaning, usually at the age of six months, when the breeder disembarks them.
oq-173-17;Horses;2;What do we usually see to know the age of a horse?;Teeth;The crines;The legs;Clogs;Because the horse's teeth are constantly pushing, the masticatory movement is often not enough to use the dental table.
oq-173-19;Horses;2;"What does the phrase ""not to be under the hoof of a horse"" mean?";To be rare;Be careful;To be stingy;To be fast;"Originally, in the seventeenth century, the expression contained ""in the step of a horse"", the step wanting to mean the word ""trace""."
oq-173-20;Horses;2;On how many toes rest on the ground does the horse walk?;One;Two;Three;Four;The horse is a perissodactyl, an order of mammals ungulate to odd number of fingers, in this case only one.
oq-173-22;Horses;3;Approximately how many different breeds of horses do you currently have?;300;200;400;500;In 2008, according to data from the FAO, 58 million horses are reported worldwide on five continents.
oq-173-23;Horses;3;At what average frequency does the heart of a horse beat at rest?;40 ppm;60 ppm;80 ppm;100 ppm;Cardiac, circulatory, nervous, and vicious curse diseases affect only domestic horses.
oq-173-24;Horses;3;What name does the V-shaped protrusion stand under the horse's foot?;The fork;The bead;The corner;The punch;The horse's fork is a protruding V-shaped projection with a softer tubular horn.
oq-173-26;Horses;3;Which of these dress colors does not exist in horses?;Camouflage;Pie;Isabelle;Chestnut;A number of horse dresses consist of a mixture of white or black hairs on one of the three basic dresses.
oq-173-27;Horses;3;What breed of horses always has a chestnut robe and a white tail?;Haflinger;Fjord;Shetland;Frisian;From his breeding for work in rough terrain, the Haflinger, native to Tyrol, inherited a great robustness.
oq-173-29;Horses;3;From what distance can horses recognize odors?;600 m;450 m;300 m;150 m;The horse performs a flehmen, particular behavior of scent allowing inter alia to detect pheromones.
oq-173-30;Horses;3;What does it take to massage a seemingly nervous horse?;The ears;The back;The tail;Belly;The touch contacts are few between horses, except for the mother with her foal.
oq-174-1;Cities of the world;1;In which city of France the andouillette, sausage and Guignol do they make you think?;Lyon;Marseille;Nice;Cannes;Lyon is in a geographical crossroads, north of the natural corridor of the Rhine valley.
oq-174-2;Cities of the world;1;Which city, capital of Greece, includes the port of Piraeus?;Athens;Patras;Larissa;Heraklion;Athens is one of the oldest cities in the world, with a human presence attested by the Neolithic.
oq-174-3;Cities of the world;1;Which town in the south-west of France come from famous prunes AOC?;Agen;Marmande;Tonneins;Nérac;The name Agen is definitely associated with the prune, whose production area is mainly located in Lot-et-Garonne.
oq-174-6;Cities of the world;1;At the same time city and province, from which country is Bangkok the capital?;Thailand;Malaysia;Burma;Laos;The Asian economic boom of the 1980s-90s brought many multinationals to settle in Bangkok.
oq-174-7;Cities of the world;1;In which city of Africa did the explorer Savorgnan de Brazza give his name?;Brazzaville;Kinshasa;Libreville;Nairobi;The city was founded on October 3, 1880 at the site of the former pre-colonial townships named by Nkuna.
oq-174-8;Cities of the world;1;Which capital is also the political and cultural center of China?;Beijing;Shanghai;Hong Kong;Tokyo;Located near the Great Wall, Beijing is home to famous landmarks such as the Forbidden City and the Temple of Heaven.
oq-174-19;Cities of the world;2;In which city do we find the largest number of taxis in the world?;New York;London;Tokyo;Brazilia;Taxis are operated by private companies, licensed by the New York Taxi and Limousine Commission.
oq-174-21;Cities of the world;3;Where is the city of Chicago built?;Lake;Océan;Volcano;Faille;Chicago is the second largest industrial center in the United States and belongs to the Industrial Belt.
oq-174-25;Cities of the world;3;What is the name of the Arab Quarter or the Medina of Algiers?;Casbah;Bled;Souk;Torah;The history of the Kasbah of Algiers goes back to Antiquity, where it was first a Punic port, then Berber and finally Roman.
oq-174-26;Cities of the world;3;Which country is Rangoon the largest city in terms of number of inhabitants?;Burma;Laos;Malaysia;Philippines;The name of the country's capital (Rangoon / Rangoon) can be translated as the end of the discord or the end of the conflict.
oq-174-27;Cities of the world;3;In which country is Hammerfest, the northernmost city of Europe?;Norway;Sweden;Finland;Scotland;Located in Finnmark County, Hammerfest is said to be the most northerly city in the world.
oq-174-28;Cities of the world;3;Which capital of Liberia is located at the edge of the Atlantic Ocean?;Monrovia;Nimba;Grand Bassa;Lofa;Monrovia plays a big role in the country's economy by providing the bulk of iron ore exports.
oq-175-2;Animals by numbers;1;How many pulses per minute does the heart of a hibernating hedgehog have?;18;28;38;8;Do not confuse the hedgehogs with other mammals carrying quills, such as porcupines.
oq-175-3;Animals by numbers;1;How many kilometers is the howling monkey scream audible?;3 km;6 km;9 km;12 km;This monkey screams every morning, and when it fights with other howler monkeys, they also scream with screams.
oq-175-4;Animals by numbers;1;In which year was the last living dodo seen in Mauritius?;1681;1723;1832;1908;In addition to its inability to fly, the dodo had developed no fear of humans, making him an easy prey.
oq-175-5;Animals by numbers;1;How many bison did Buffalo Bill slaughter in just 18 months?;4,000;3000;2,000;1,000;The stetson hat and the bandana were popularized by Buffalo Bill while not all cowboys wore it.
oq-175-6;Animals by numbers;1;At what altitude do alpine ibex live in general?;3,500 m;2,300 m;1,900 m;4,600 m;The Alpine ibex prey includes steep walls, steep cliffs or steep walls.
oq-175-7;Animals by numbers;1;How many minutes can a sea lion swim underwater without breathing?;5 min;7 min;9 min;11 min;Unlike seals, fur seals use their fins on the ground to walk.
oq-175-8;Animals by numbers;1;What is, in centimeters, the length of the tongue of an adult anteater?;60 cm;50 cm;70 cm;80 cm;The largest representative of the group is the giant anteater or large anteater, an animal measuring more than one meter in length.
oq-175-9;Animals by numbers;1;What is the percentage of rodents among mammals?;40%;30%;20%;10%;These animals are characterized by their unique pair of incisors which serve them to gnaw, dig galleries or defend themselves.
oq-175-11;Animals by numbers;2;How many pounds of meat can a hyena eat during a meal?;14 kg;4 kg;24 kg;34 kg;It is impossible to discern, by simple observation, a hyena from a female, since both are alike.
oq-175-13;Animals by numbers;2;How much does a termite queen lay eggs on average per day?;30;60;90;120;From a termite couple are born larvae that give sterile workers or pupae that will give sexed adults.
oq-175-14;Animals by numbers;2;How fast can a leopard at rest reach in just two seconds?;60 km / h;80 km / h;100 km / h;40 km / h;Leopard holds an important place in some African cultures where this king of animals is the attribute of the chiefs.
oq-175-15;Animals by numbers;2;How many minutes can a sperm whale stay underwater without breathing?;90 min;70 min;50 min;30 min;Spermaceti, a white and waxy substance from the head of the animal, was harvested by the sperm whale.
oq-175-16;Animals by numbers;2;How fast can a peregrine falcon reach when it is on its prey?;240 km / h;200 km / h;160 km / h;120 km / h;Its prey is often birds, but some individuals can also attack small land animals.
oq-175-17;Animals by numbers;2;How many milliliters of blood can a vampire bat drink in one night?;20 ml;40 ml;60 ml;80 ml;The vampire bat is native to the tropical areas of the American continent (Mexico, Chile, Brazil and Argentina).
oq-175-18;Animals by numbers;2;By what factor is the weight of a polar bear multiplied two months after birth?;25;35;45;55;Perfectly adapted to its habitat, the polar bear has a thick layer of fat and a fur that isolates it from the cold.
oq-175-20;Animals by numbers;2;How many eggs does the average Nile crocodile produce in good health?;100;70;40;130;At the eggs' closing, the baby crocodile is approximately 30 cm and has the same body as his mother, whether male or female.
oq-175-21;Animals by numbers;3;What is the maximum length of the jump that a cougar can make?;12 m;10 m;8 m;6 m;For the purposes of hunting or in case of threat, he is able to climb trees and be very agile.
oq-175-22;Animals by numbers;3;How much does a normally formed mosquito have teeth?;47;34;29;11;Adults feed on flower nectar and participate in the pollination of plants, just like butterflies.
oq-175-23;Animals by numbers;3;What is the length in centimeters of a koala intestine?;300 cm;200 cm;100 cm;400 cm;The koala is closely related to the eucalyptus or gum tree, from which it only eats the leaves of certain species.
oq-175-25;Animals by numbers;3;What is the maximum speed already reached by the sailing swordfish?;109 km / h;99 km / h;89 km / h;119 km / h;Possessing vertical streaks on the flanks, the sailfish is considered to be the fastest fish.
oq-175-26;Animals by numbers;3;How many animals from the Berlin Zoo survived in the Second World War?;91;344;892;1,712;The first animal donations to the Berlin Zoo, founded in 1844, were made by Frederick William IV, King of Prussia.
oq-175-27;Animals by numbers;3;Out of a thousand marine turtles, how many only reach the age to reproduce?;15;100;250;640;Sea turtles, although vulnerable, are present in all the oceans of the world, with the exception of the Arctic Ocean.
oq-175-29;Animals by numbers;3;In the broad sense of the term, how many species of kangaroos are there?;63;51;44;37;An emblematic animal of Australia, the big kangaroo is more popular in the countryside than in the cities.
oq-175-30;Animals by numbers;3;How many species have been discovered so far?;9 600;8 700;7,200;6 400;Beetles, ladybugs, lucans, beetles, cockchafers and charanceps are allopoei.
oq-177-1;Cartoons;1;Where are the two Astro boosters the little robot?;In his feet;Under his arms;In the back;At the waist;Broadcast since 1963 on Japanese screens, the manga of Osamu Tezuka had already been published for the first time in 1952.
oq-177-2;Cartoons;1;Who does not finish dying in the first seasons of South Park?;Kenny;Stan;Kyle;Eric;The little boy with the orange hood is the laughingstock of Cartman, one of four cartoon heroes of Trey Parker and Matt Stone.
oq-177-3;Cartoons;1;With which boys of his band usually makes Scoubidou team?;Sammy;Fred;Roger;Logan;The detective dog was soon back, accompanied by guest-stars like Batman and Robin or Laurel and Hardy.
oq-177-4;Cartoons;1;Who is the oldest child of the Simpson family?;Bart;Lisa;Maggie;Marge;Since its inception in 1989, Matt Groenig's cartoon has been a worldwide success, translated to big screen in 2007.
oq-177-5;Cartoons;1;What animal is Capuchin, Candy's little mate?;Raccoon;Hamster;Chat;Rabbit;The girl finds herself at the orphanage held by Miss Pony, and Candy falls in love with the prince of the hills.
oq-177-6;Cartoons;1;How to describe Margotte's merry-go-round, Zebulon et Pollux?;Enchanted;Haunted;Encircled;Frightened;The animation series of Serge Danot appeared in 1963 on the first channel of the ORTF.
oq-177-7;Cartoons;1;Who is round like a balloon and more yellow than a lemon?;Pac-Man;Pengo;Digger;Fruity;This hero was one of the first video game stars to have his own cartoon, before Super Mario Bros and Zelda.
oq-177-10;Cartoons;1;Who is Tom Sayer's best friend in St. Petersburg?;Huckleberry Finn;Jim Hollis;Benjamin Rogers;Muff Potter;A true wanderer on his own, he coaches Tom Sayer with him on numerous adventures on the Mississippi River.
oq-177-11;Cartoons;2;What object does Gigi manage to transform into a young woman?;Pendant;Hat;Umbrella;Belt;Aged 12, Gigi is a princess sent to Earth by her parents to give hope to some humans.
oq-177-13;Cartoons;2;Which 10-year-old TV series heroine uses Omnitrix?;Ben 10;Astro;Kenny;Yogi;The omnitrix is the bracelet he attaches to his wrist and allows him to mutamage into ten superpower heres.
oq-177-14;Cartoons;2;With what object Sophie communicates with Finot in Inspector Gadget?;Watch;Phone;Doll;Ring;Ultra-sophisticated, the watch offers Sophie the opportunity to talk and see her dog to come together to help Gadget.
oq-177-16;Cartoons;2;Why is Calimero the only black chick around him?;He is dirty;He is sick;He is furious;He is burned;In 1961, Calimero was the star of an advertisement for Italian laundry where he recovered his original color once cleaned.
oq-177-18;Cartoons;2;Which animal is Saturnin, heroine of the series created by Jean Tourane?;A duckling;A raccoon;A zebra;An elephant;The characteristic small bird, whose miniature world is identical to that of humans, began his career in 1965.
oq-177-19;Cartoons;2;What animating process did the Kiri clown create?;Puppets;Plasticine;Cardboard paper;Mosaics;From city to city, his trailer drives his companions Pip'lett, Laura, Ratibus and Bianca in many adventures.
oq-177-20;Cartoons;2;What cartoon heroine was the star of Fleischer Studios with Popeye?;Betty Boop;Manny;Dora Marquez;Charlotte;Appeared in 1930, the sensual brunette is one of the emblematic animated characters of the inter-war period.
oq-177-21;Cartoons;3;What is the youth channel whose slogan was The TV that moves the whole family?;Gulli;HD1;Cstar;W9;At the launch of DTT in France in 2005, the Lagardère Group and France Televisions joined forces.
oq-177-23;Cartoons;3;What animated television show is young Yugo the hero?;Wakfu;Code Lyoko;Molusco;Star Butterfly;Accompanied by his five friends, the child will try to stop the ambitions of Nox flying the world's creative energy.
oq-177-24;Cartoons;3;Who is probably the most famous space shrine?;X-Or;Jiban;Bioman;Ulysses;This Japanese series broadcast in 1983 has for her husband Gordan who turns into X-Gold asking for transmutation.
oq-177-25;Cartoons;3;What is the fox and enemy of Aglae and Sidonie?;Croquetou;Agenor;Saturnin;Hugo;In the farm, the sow Aglae and the goose Sidonie are helped by the rooster Agenor to disguise Craquetou in less than five minutes.
oq-177-26;Cartoons;3;What animal was Mr. Ed in the US children's name series?;Horse;Lion;Ane;Owl;Mr. Ed, the talking horse that belongs to the architect Wilbur Post, uses this gift galore by saying everything he thinks.
oq-177-28;Cartoons;3;How many are the heroes of the Petites Canailles appeared in 1962?;Five;Six;Seven;Eight;These damn boys with a different personality are Alfafa, Buck, Darla, Porky and Spanky.
oq-177-30;Cartoons;3;What little animal is Hamtaro in the manga created by Ritsuko Kawai?;Hamster;Horse;Duckling;Raccoon;The cartoon is signed Ritsuko Kawai and appeared on the screens of Midi zouzous of France 5 in 2003.
oq-180-1;Merry Christmas;1;For a Christian, whose birthday is Christmas on Christmas Day?;Jesus;Marie;Joseph;Judas;Before the Christianization of the West, Noel corresponded to the birth day of Sol Invictus.
oq-180-2;Merry Christmas;1;What do you eat most of the time at Christmas since a custom introduced by Charles VII?;Turkey;Bouillabaisse;Coq au vin;Paupiettes;In France, in Belgium and the United Kingdom, Christmas turkey is traditionally stuffed with chestnuts.
oq-180-4;Merry Christmas;1;In 1931, for which firm Haddon Sundblom did he draw Father Christmas in red?;Coca-Cola;IBM;McDonald's;Walt Disney;This American illustrator is best known for his pin-ups and Christmas Santa's commercials for The Coca-Cola Company.
oq-180-6;Merry Christmas;1;With whom did Gaspard and Balthazar come to pay homage to Jesus?;Melchior;Athos;Herod;Michée;The Magi are only evoked by the Gospel according to Matthew, the three other canonical gospels ignoring this episode.
oq-180-8;Merry Christmas;1;If you hear Buon Natale, in which country do you wish Happy Christmas?;Italy;Spain;Portugal;Greece;In France, three-quarters of French people consider that Christmas is first and foremost a family or commercial celebration.
oq-180-9;Merry Christmas;1;In the United States, what name is given to Father Christmas who delivers his gifts?;Santa Claus;Santa Fe;Santa Barbara;Santa Monica;The feast of Santa Claus (Saint Nicolas in English) is fixed on December 6th, 19 days before the Christmas party in France.
oq-180-11;Merry Christmas;2;The three wise men brought gold, incense and what else?;Myrrh;Coriander;Amber;Musk;The scent of myrrh is sometimes associated with erythema and is mentioned seven times in the Song of Songs.
oq-180-12;Merry Christmas;2;How many fingers does the Thérèse knitted glove hold in The Santa Claus is a junk?;Three;Four;Five;Six;The Christmas Father is a junk is the origin (1979) a piece of theater interpreted by the troupe of Splendid.
oq-180-13;Merry Christmas;2;Which Christmas season is Christmas on the austral continent?;Summer;Spring;Winter;Autumn;Christmas is a Christian feast celebrating the birth of Jesus of Nazareth, called Nativity, each year.
oq-180-14;Merry Christmas;2;By how many reindeers is the Santa Claus's sled pulled out most of the time?;Eight;Six;Twelve;Ten;The reindeer of Santa Claus are the ones who, traditionally, draw the knight of Santa Claus when he distributes the gifts.
oq-180-15;Merry Christmas;2;Which region of France comes from the tradition of the Christmas tree?;Alsace;Brittany;Provence;Burgundy;Christmas trees can be sold cut or potted, allowing replanting at the end of the festivities.
oq-180-18;Merry Christmas;2;What is the first Christmas gift that Hagrid offers to Harry Potter?;Flute;Baguette;Owl;Key;Hagrid, a member of the Order of the Phoenix, was raised at Hogwarts in the Gryffindor House, where he arrived in 1940.
oq-180-19;Merry Christmas;2;Which city in France is now famous for its Christmas market?;Strasbourg;Lyon;Arras;Rennes;The Christmas market in Strasbourg, followed by most of the city's traders, dates from 1570.
oq-180-20;Merry Christmas;2;Which bowler hat without leather boots left us on December 25th?;Charlie Chaplin;Buster Keaton;Harold Loyd;James Dean;Perfectionist, Charlie Chaplin's financial independence allowed him to devote years to the development of his works.
oq-180-21;Merry Christmas;3;In which commune of France is installed since 1962 the official secretariat of Santa Claus?;Libourne;Pontoise;Courbevoie;Rochefort;About sixty postman leprechauns are at work to answer the letters and e-mails of children eager to write to him.
oq-180-22;Merry Christmas;3;How much do we distinguish about fir species in the world?;46;6;460;4,600;The fir trees, close relatives of the cedars, belong to the family Pinaceae and the subfamily Abietoideae.
oq-180-24;Merry Christmas;3;What was the color of Father Christmas before it became red?;Green;Orange;Yellow;Gray;The French imagery shows it around 1870-1890 as an old man dressed in a mainly green and sometimes blue coat.
oq-180-25;Merry Christmas;3;In which region of France do you eat the thirteen desserts of Christmas?;Provence;Alsace;Auvergne;Brittany;Desserts can be brewed with cooked wine or muscat wine, while in the end all the liqueurs appear.
oq-180-26;Merry Christmas;3;In which year did Tino Rossi sing for the first time Little Papa Christmas?;1946;1950;1934;1962;Written by Raymond Vincy, this song was performed for the first time in 1946 in the film Destins.
oq-180-27;Merry Christmas;3;In Ireland, what is left on the table before leaving for Christmas Mass?;Whiskey and carrots;Apples and lemons;Gin and oranges;Bread and salt;The official symbol of Ireland is the Celtic harp, but the Irish clover is often used as another symbol (rugby).
oq-180-29;Merry Christmas;3;Which pope would have instituted the festival of Nativity in Rome on December 25, 354?;Liberty;Marcellin;Eusebius;Pontian;Bishop of Rome succeeding Julius I, Pope Libero will be the first to designate Rome as the Apostolic See.
oq-184-1;Animals at random;1;Why do polar bears lie in the snow when they run?;To refresh;To rest;Sleeping;To eat;Polar bears can quickly become too hot under their very thick fur and their layer of insulating fat.
oq-184-2;Animals at random;1;What part of the body allows seahorses to swim?;Dorsal fin;Ventral fin;Head;Tail;Although they are fish, seahorses swim very slowly with wavy movements.
oq-184-3;Animals at random;1;Why can not we hear the cries of the bat?;Too acute;Too weak;Too serious;Too strong;The bats emit and receive ultrasounds that our ear can not perceive (max 20 000 hertz).
oq-184-5;Animals at random;1;What heavy and painful task lies with the queen of ants?;Lay eggs;Defend the nest;Seeking to eat;Kill the males;The queen is the only ant in the nest to hatch eggs, which are actually hatched larvae from which the future ants will be born.
oq-184-7;Animals at random;1;Why do the necrophores fight each other?;Corpses;Females;Territory;Gold;A couple of necrophores bury a dead animal in the ground and lay eggs there whose larvae are fed.
oq-184-10;Animals at random;1;What does the weakest wolf show after a fight for the hierarchy?;Her belly;His language;His teeth;His cock;The lower wolf is thus not injured but will in the future have to submit to the dominant mate, according to their pronounced hierarchy.
oq-184-11;Animals at random;2;What is the most common cause of death among elephants in freedom?;Wear of teeth;Broken trumpet;Disease;Bite of snakes;When the last molar is worn out by chewing, the elephant can no longer feed enough and dies sadly of hunger.
oq-184-12;Animals at random;2;With what part of her body does the mole move under the ground?;Vibrisses;Eyes;Muzzle;Ears;The moles orient themselves almost exclusively by using a kind of mustache and kill their food in this way.
oq-184-13;Animals at random;2;Apart from the horse, which other animal is the tapir related to?;Rhinoceros;Elephant;Pig;Hamster;The tapirs, of the family of the ungulates, use their trunk like hand and can thus retract it when this one disturbs them.
oq-184-17;Animals at random;2;How does the lynx usually mark its territory?;Erections;Excrement;Hair;Dead mice;In addition to scuffing, lynxes sometimes also use their urine as a scent mark to define their area.
oq-184-18;Animals at random;2;Cut for the race, how fast can a hurdle run?;120 km / h;90 km / h;60 km / h;150 km / h;The fastest animal can only maintain this speed for a few hundred meters, giving the gazelles a chance.
oq-184-19;Animals at random;2;How do sowbugs protect themselves from attacks?;By wrapping up;In flight;By burying himself;By flying away;The body of a woodlouse, in this case immobile, is composed of several solid rings that recall a knight's armor.
oq-184-21;Animals at random;3;After how long does a baby get meat for the first time?;Six months;One month;One year;Six years;In the first six months, baby tigers who do not know their father are breastfed by their mother.
oq-184-23;Animals at random;3;What vital function can the fennec amazingly do without?;Drink;To eat;Sleeping;See;The liquid that the fennec absorbs thanks to its diet is enough for him and is therefore admirably adapted to life in the desert.
oq-184-25;Animals at random;3;In general, how many hours a day is a giant panda busy eating?;Sixteen;Twelve;Eight;Four;The giant panda eats only young bamboo shoots but these are not very nutritious.
oq-184-27;Animals at random;3;Why do martens sometimes kill chickens?;Blood;Paws;Liver;Thighs;Martens only drink blood and leave the rest, preferring to eat rabbits, eggs, lettuce or insects.
oq-184-28;Animals at random;3;What is the bell of the rattlesnake made of?;Horn;Wood;Limestone;Stones;The six to ten rings of horn located at the end of the rattlesnake's tail come from the previous moults.
oq-184-29;Animals at random;3;During what season of the year can we hear the owl scream?;Spring;Summer;Autumn;Winter;The owl shrieks in April and May to attract the attention of a female who will then remain loyal to his side all his life.
oq-184-30;Animals at random;3;How many quills is composed of the fur of the male hedgehog?;16,000;12,000;8,000;4,000;In case of danger, the hedgehog can set its many quills and curl up on itself to protect the enemies.
oq-185-1;Winter sports;1;In skiing, what is the level of difficulty associated with a green track?;Easy;Medium;Difficult;Very difficult;Track colors are assigned based on slope, length, width, and sun and wind exposure.
oq-185-2;Winter sports;1;Apart from the feet, what is the easiest way to move with skis?;On the shoulder;Under the arm;In the back;On the head;The set of bindings, shoes and clothes benefit from the spectacular rise of materials for sixty years.
oq-185-5;Winter sports;1;Which of these colors does not allow to know the difficulty of a ski slope?;Mauve;Green;Blue;Red;However, no standard defines how colors are assigned to ski slopes, as the choice is left to the operators.
oq-185-6;Winter sports;1;What is needed to use mechanical lifts?;Package;Footprint;Bonnet;Satchel;The price often includes a common package ranging from one day to one week in ski resorts for downhill skiing.
oq-185-7;Winter sports;1;What will you wear for a hike on soft snow?;Rackets;Rollers;Boots;Espadrilles;The racket, fixed under the walking shoe, increases the contact surface with the snow and often allows not to sink.
oq-185-8;Winter sports;1;Aside from bumps, in what type of snow is the monoski?;Powder;Black;In grains;Wet;The monoski is still practiced at high level in freeride and high mountain and still rivals skiing and snowboarding.
oq-185-9;Winter sports;1;What are we doing on the ski slopes between 5pm and 9am?;Damage;Drying;Mooring;Sprinkling;A snow groomer is a crawler vehicle designed to improve the quality of snow for the practice of board sports.
oq-185-10;Winter sports;1;What sport is practiced on the ice with heavy polished granite stones?;Curling;Bobsleigh;Skeleton;Luge;The goal of curling is to place the stones as close as possible to a circular target drawn on the ice, called the house.
oq-185-12;Winter sports;2;Which maps allow you to find yourself in the mountains during hikes?;IGN;DKV;PMU;APK;The IGN was created by decree in 1940 (signed by Albert Lebrun and Philippe Pétain) and succeeded the Geographical Service of the Army.
oq-185-13;Winter sports;2;By what bright color do the grooming machines signal their presence?;Orange;Green;Blue;Mauve;The terms resurfacer and surfacer refer to the vehicles used to rework the ice surfaces.
oq-185-14;Winter sports;2;Which of these cheeses is not necessary for the creation of a Savoyard fondue?;Roquefort;Emmental;County;Beaufort;Some variations of the recipe allow the addition of a small amount of cherry alcohol (kirsch) to enhance the taste.
oq-185-15;Winter sports;2;What substance is used to get a perfect glide of his skis?;Fart;Jojoba;Cérumen;Paraffin;Overall, there are two main categories of this specific coating: glide wax and wax retaining.
oq-185-16;Winter sports;2;What is the maximum slope percentage that a blue track can have?;25%;15%;35%;45%;The ungroomed tracks, called Skiroute, are for their part indicated by a rhombus generally of red color.
oq-185-18;Winter sports;2;What technique is used to climb a gentle slope without a mechanical lift?;Mounted in duck;Mounted in rabbit;Mounted in zebra;Mounted in bears;Although designed to hoist skiers up the mountain, lifts can also be used downhill.
oq-185-21;Winter sports;3;Which French station is considered the cradle of Nordic skiing?;Autrans;Les Arcs;Isola 2000;Chamrousse;Nordic skiing refers to several Scandinavian-inspired ski disciplines related to Nordic activities.
oq-185-25;Winter sports;3;How many levels does the avalanche scale have?;Five;Six;Seven;Eight;The five levels composing the scale chart are: very weak, weak, medium, high (XL) and exceptional (XXL).
oq-185-26;Winter sports;3;In which French station can you ski on a long track of 22 km?;Alpe d'Huez;Chamrousse;Autrans;Grenoble;Alpe d'Huez has 135 marked trails including 42 green, 37 blue, 39 red and 17 black, but also 2 snowparks.
oq-185-27;Winter sports;3;What is the name of the space between two skis placed side by side?;Cambre;Half-pipe;Stem;Télémark;The camber varies much more freeride or off-piste skiing, declining alpine skiing approaching the ski touring.
oq-185-28;Winter sports;3;What is the difference between a telehandler and a fixed gripper?;Speed;Color;Material;Comfort;A seat suspended on a fixed clamp is still running at the same speed, while a decelerating seat is idling at the entrance to the station.
oq-185-29;Winter sports;3;In which station can we see Mont-Blanc on one side and the Mediterranean on the other?;Isola 2000;Les Arcs;Autrans;Chamrousse;This winter sports resort is named because of its average altitude which is about 2 000 meters.
oq-185-30;Winter sports;3;What downhill sport is practiced on a machine equipped with a handlebar?;Snowscoot;Snowkite;Télémark;Speed riding;This winter sport, born in the 1990s and inspired by BMX, is practiced by sliding on the snow with the help of a handlebar.
oq-186-1;All about snow;1;What substance is often used to quickly melt snow on roads?;Salt;Sugar;Pepper;Flour;In France, roads are classified into four levels of priority, with level 1 roads being treated 24 hours a day if necessary.
oq-186-2;All about snow;1;What young artist sang Jour de neige on television in 1988?;Elsa;Jakie Quartz;Lio;Patricia Kaas;The producers have accompanied the single of this most rhythmic title of the club version album intended for discotheques.
oq-186-4;All about snow;1;What is the name of Sebastien's best friend on TV?;Beautiful;Sidonie;Prunelle;Aglaé;This series was written and produced by Cécile Aubry and aired on September 26 th, 1965 on the first ORTF channel.
oq-186-5;All about snow;1;Who wrote the French novel La neige en deuil offered to many students?;Henri Troyat;Bernard Clavel;Jean Vautrin;Jean-Paul Sartre;This fiction (and the film) is inspired by a real event: the accident of the Malabar Princess on the flanks of Mont Blanc in 1950.
oq-186-7;All about snow;1;Which African general crossed the Alps with elephants?;Hannibal;Hasdrubal;Didon;Hannon;Most of Hannibal's 27 elephants actually died in the Alps crossing or in the wetness of the marshlands.
oq-186-8;All about snow;1;In Europe, what is the first flower that usually grows at the end of winter?;Crocus;Acacia;Dahlia;Ficus;With its large purple flower, Crocus sativus, from which saffron is extracted, needs a lot of heat to bloom.
oq-186-9;All about snow;1;What equipment is required to take the start of a ski descent competition?;Helmet;Knee pads;Brassard;Glasses;The descent is the oldest sport of alpine skiing, now called the discipline queen of its category.
oq-186-11;All about snow;2;What is the initial shape of the ice crystal prism?;Hexagonale;Spherical;Cubic;Linear;The ice crystal results from the gradual crystallization of the water vapor contained in the air without going through the liquid phase.
oq-186-12;All about snow;2;Who wrote the new title Les neiges du Kilimandjaro?;Hemingway;Mauriac;Camus;Steinbeck;The news published in 1936 was translated in France by Marcel Duhamel and adapted to the film under the same title by Henry King.
oq-186-13;All about snow;2;Which Italian champion won the slalom and slalom medal at the Calgary Olympics?;Alberto Tomba;Max Julien;Markus Wasmeier;Ingemar Stenmark;Tomba became four years later in Albertville the first alpine skier to retain an Olympic title by winning the giant.
oq-186-14;All about snow;2;What Nordic people owe, among other things, the invention of sledding?;Vikings;Celts;Romans;Scottish;It seems that the Vikings already used sleds with two skates at that time, much like the current sleds.
oq-186-15;All about snow;2;Who in 1986 succeeded the crossing of North Pole by shooting his own sled?;Jean-Louis Étienne;Louis Marot;Guy Bernardin;Henri Joutel;He headed with the sun and his position was followed by the National Center for Space Studies with an Argos beacon.
oq-186-16;All about snow;2;In which discipline did Franck Piccard win a gold medal at the Calgary Olympics?;Super Géant;Combined;Freestyle;Downhill;Born in 1964, Franck Piccard was one of four members of the top guns team trained and coached by Serge Guillaume.
oq-186-18;All about snow;2;What is the main economic activity of the Pyrenean and Alpine frontiers?;Tourism;Lifting;Cheese;Charcuterie;In addition to the winter sports resorts, there are a number of spas, hotels and hikers.
oq-186-20;All about snow;2;What grindstones are you looking for at the fort des Rousses, in the Jura?;Comté;Black brie;Emmental;Chaumes;The vaulted cellars of the Rousses fort, at a constant temperature of 8 degrees, contain more than 75 000 county wheels (Juraflore).
oq-186-22;All about snow;3;What name was the first snowboard brand?;Winterstick;Burton;Santa Cruz;Plan-B;In 1965, the American Sherman Poppen invented the Snurfer by fixing two skis together, led by a rope fixed at the front of the craft.
oq-186-23;All about snow;3;Which French writer published The other side in 1983?;Gay-Lussac;Gauvin;Genevoix;Gauthier;Bruno Gay-Lussac comes from the chemist Louis Joseph Gay-Lussac and Louis Hachette, founder of the editions of the same name.
oq-186-24;All about snow;3;What is the name of a small wooden sledge with only one skate in the center?;Paret;Bobsleigh;Skeleton;Kitesurf;Formerly, this means of travel was used by the children of the valley of Manigod (Haute-Savoie, canton of Thénes).
oq-186-25;All about snow;3;Which photographer from Chamonix is famous for his collection of ski and mountain photos?;Pierre Tairraz;René Tanguy;John Thomas;Marc Trivier;The vocation of the boy is part of a family tradition that accompanies with the generations the evolution of photography.
oq-186-27;All about snow;3;Which village of Savoy is today famous for its devils carved in the wood?;Bessans;Bonneval;Bramans;Modane;Today, the devil of Bessans appears on the village's postal flame and throne in the fountain of the town hall square.
oq-186-28;All about snow;3;Who composed the original version of the popular song Étoile des neiges?;Franz Winkler;Jakob Dont;Paul Pisk;Marcel Tyberg;Many performers will record this tube in French from 1950: Line Renaud, Patrice and Mario, or André Claveau.
oq-186-29;All about snow;3;In which year was the bicentennial of the ascent of Mont Blanc celebrated?;1986;1966;2006;1946;The summit, the object of fascination in many cultural works, has for several centuries represented a goal.
oq-186-30;All about snow;3;What is the oldest ski factory in France in the 1920s?;Duret;Atomic;Dynastar;Nordica;A specialist in skiing and monoskiing, Duret now offers various handcrafted products: noble wood species, carbon, titanal.
oq-188-2;Gladiators;1;In what vast public building were gladiator fights generally organized?;Amphitheater;Operate;Gallodrome;Forum;Unlike the circuses and theaters of ancient Greece, the amphitheatres are monuments born in the Roman world.
oq-188-5;Gladiators;1;Which laniste was the owner of the gladiator school of Capua?;Batiatus;Caius;Titus;Scarpus;The school in Capua was composed mainly of Thracians (including Spartacus) and Gauls (including Crixus).
oq-188-6;Gladiators;1;Who is probably the most popular of Thracian gladiators?;Spartacus;Ambiorix;Hasdrubal;Jugurtha;Spartacus was the main leader of the revolts during the Third Servile War in Italy between 73 and 71 BC.
oq-188-9;Gladiators;1;Which year before Christ dates the oldest gladiatorial combat mentioned in the texts?;264;148;327;432;This fight was quickly followed by many others and it was thus, in 105 BC, that the games became public.
oq-188-10;Gladiators;1;Which of these famous Gallic gladiators belonged to Lentulus Batiatus?;Crixus;Amador;Gannicus;Dessalines;On the side of Spartacus, Crixus was one of the leaders of the slave rebellion that led to the Third Servile War.
oq-188-12;Gladiators;2;What gladiator was fighting with equipment some of whom are calling on a fisherman?;Statutory;Secutor;Venator;Samnite;The lack of protection and the use of evasion tactics have made the lowest and most desperate slice of property.
oq-188-13;Gladiators;2;What Roman emperor committed under his reign no less than 10,000 gladiators?;Auguste;Marc Aurèle;Hadrian;Titus;"With the reign of Augustus, born Caius Octavius, began for the Empire a period of stability known as ""Pax Romana""."
oq-188-15;Gladiators;2;How many types of gladiators make up the majority of the iconographic corpus?;Six;Eight;Ten;Twelve;Some authors believe that the laniste, at one point, took into account the needs of the school but also the physical aptitudes.
oq-188-16;Gladiators;2;What liberation did the gladiators release from their obligation to fight?;Postage;Amnesty;Slander;Sursis;This liberation was accompanied by the symbolic granting of a specific wand allowing them to become notable.
oq-188-17;Gladiators;2;To ensure victory, what were the gladiators often using?;Magic;Drug;Cheating;Silver;One practice was to engrave cursory texts on coiled lead slats and then bury them.
oq-188-18;Gladiators;2;In whose honor did Julius Caesar give gladiator fights?;Julia;Sophia;Carla;Maria;These funeral games organized in honor of his daughter Julia were, however, not lacking political backdrops.
oq-188-19;Gladiators;2;In what year were we able to witness the latest gladiatorial battles in Rome?;418;632;844;229;In 404, Emperor Honorius had already banned gladiator fights following a major brawl in the Coliseum.
oq-188-21;Gladiators;3;What god of fighters was often invoked by gladiators?;Hercules;Perseus;Apollon;Pan;The Hercules of the Romans is sometimes depicted as less violent than its Greek alter ego in the stories in which it occurs.
oq-188-22;Gladiators;3;How was the category to which the gladiators belonged?;Armatura;Batiata;Andala;Guerilla;The origin of the gladiatorial fighting is found in southern Italy, where the fight in arms was intended to honor a dead person.
oq-188-23;Gladiators;3;What type of gladiator is classically opposed to the ruler?;Secutor;Mirmillon;Provocator;Thrace;The mirmillon, the first opponent of the cashier, had a big crest on the helmet that was too easily hanging on the net of the cashier.
oq-188-25;Gladiators;3;What type of gladiator usually started in the afternoons of fighting?;Provocator;Secutor;Statutory;Mirmillon;Gladiators equipped with a provocator have the same armor and fight against an identically armed opponent.
oq-188-26;Gladiators;3;Which small-arm gladiator's main opponent is the mirmillon?;Thrace;Hoplomaque;Andabate;Venator;Cicero's writings are the first documents to attest to the existence of Thracians, around the middle of the first century before our era.
oq-188-27;Gladiators;3;What mysterious gladiator would have been armed with a strangling lace?;Laquearius;Andabate;Hoplomaque;Hasdrubal;Vercingetorix was executed with a strangler lace in August 46 BC. J. - C., in the jails of Rome, then thrown in the sewers.
oq-188-28;Gladiators;3;Which gladiator possessed to fight a dagger and a short spear?;Hoplomaque;Provocator;Thrace;Mirmillon;The hoplomaque is, with Thrace, the only gladiator to wear two very high leggings instead of just one in the left leg.
oq-188-30;Gladiators;3;What gladiator was fighting on horseback, blinded by a closed helmet?;Andabate;Hoplomaque;Provocator;Statutory;Gladiators who lost their sight during a fight could become andabates to avoid being killed.
oq-191-1;Climbing;1;How much is it necessary to be able to pretend to be able to climb climbing?;One;Two;Three;Four;Sport climbing is practiced on fully equipped tracks, where anchorage points have been previously set up.
oq-191-2;Climbing;1;What important knot do we need to know how to do climbing?;Nose in eight;Chair bow;Flat knot;Bow tie;The node in eight is relatively simple to disassemble, does not damage the rope too much and forms a knot larger than the simple knot.
oq-191-3;Climbing;1;What downhill technique is practiced along a rope with a braking system?;Reminder;Tyrolean;Assuring;Obstruction;The invention of the abseiling technique in 1876 was attributed to Jean Charlet-Straton, a Chamonix guide.
oq-191-5;Climbing;1;Which of these quotes means a level of official difficulty climbing?;7C;2-4;C2;B +;The climber who achieves the first climb of a lane is usually the one who gives the first odds of the lane.
oq-191-6;Climbing;1;In climbing, which system constitutes an anchor point in the rock?;Closing;Grigri;Carabiner;Relay;This anchor can serve as a protection point in a length or progression, or serve as a relay.
oq-191-7;Climbing;1;What equipment grips the climber's pelvis like a harness?;Baudrier;Strap ring;Closing;Crash pad;The harness is widely used in the practice of various sports such as climbing, mountaineering, canyoning and speleology.
oq-191-8;Climbing;1;What white powder is used to avoid sweating climbing hands?;Magnets;Flour;Talc;Ice sugar;The carbonate of magnesium may contain a small proportion of silica which, inhaled, can have adverse effects on the lungs.
oq-191-10;Climbing;1;Which of these quotes is considered the highest for an experienced climber?;9a;7c +;1a;e7;The difficulty is estimated for an ascent to the head, without the help of belay points and without resting on the rope.
oq-191-12;Climbing;2;What is the nationality of the Petzl brand, among others known for its headlamps?;French;American;English;Austrian;The brand Petzl offers equipment for mountaineering, climbing, speleology, via ferrata, canyoning and trail running.
oq-191-14;Climbing;2;What part of the climbing wall is called the d-verse?;Leaning;Right;Vertical;On the edge;In 1983, François Savigny invented the removable climbing catches, first in sandstone and then in resin concrete.
oq-191-15;Climbing;2;In what safety system can we pass a rope when climbing?;Carabiner;Tampon;Piolet;Crash pad;The use of the climbing carabiner was in fact a logical consequence of the use of pitons invented by Hans Fiechtl.
oq-191-16;Climbing;2;What is the other name sometimes given by rosin climbers?;Pof;Jumar;Loin;Clip;The pof or rosin is a resin that the musicians put on the hair of the bows. In climbing, the pof waterproofs and sticks.
oq-191-18;Climbing;2;What rules do you have to follow to keep your balance in climbing?;Three points;Full hand;Internal square;Zero time;It consists of constantly maintaining at least three points of support during the progression (two feet one hand or two hands one foot).
oq-191-22;Climbing;3;Which high-level climber is commonly referred to as the French Spiderman?;Alain Robert;Patrick Edlinger;Charles Albert;Jeff Mercier;Alain Robert specializes in rock climbing solo and then in building climbing, also in solo solo.
oq-191-26;Climbing;3;What is the name of the most famous route made by Fred Rouhling?;Akira;Silence;Dreamtime;Hubble;In 1995, Fred Rouhling opened Akira and offered the untimely rating of 9b, which will lead to many climbers' reactions.
oq-191-27;Climbing;3;Which node should be used for rappelling with an oval carabiner?;Half capstan;Nose in eight;Chair bow;Flat knot;This node can be used to ensure a climbing climber or the replacement of a chute when one has lost it.
oq-191-28;Climbing;3;In which climbing mode are we climbing an untested track?;In sight;Flash;Trad;Urban;This climbing mode for savvy climbers is considered more difficult than climbing up or climbing after work.
oq-191-29;Climbing;3;Since 1875, how was climbing formerly called?;Rock climbing;Vairon;Valdrague;Vantance;This name comes from several rocky corridors of Mount Salève, near Geneva where, from 1862, climbers found themselves friendly.
oq-191-30;Climbing;3;What European standard governs artificial climbing structures?;EN 12572;RG 165;BD 432;KC 8855;France has developed a second standard, experimentally in 2005: the standard XP P 90-312.
oq-192-2;Mike Horn;1;How was Mike Horn's wife named, met in 1990 and now deceased?;Cathy;Marie;Sophie;Sandra;A native of New Zealand, a nurse by training, Cathy met her future lover in a Château-d'Oex café in 1990.
oq-192-4;Mike Horn;1;In which expedition did Mike Horn travel around the world through the Arctic Circle?;Arktos;Free to Run;Fabuloso;Taris;During a preliminary expedition to reach the North Pole, Mike Horn was forced to abandon because of frostbite on his hands.
oq-192-7;Mike Horn;1;How many years has the Pangea expedition led by Mike Horn lasted?;4 years;3 years;2 years;5 years;From 2008 to 2012, the Pangea expedition traveled around the world with hundreds of young people from 15 to 20 years of age who succeeded each other.
oq-192-9;Mike Horn;1;How many numbers of the wild state did Mike Horn turn out before deciding to stop?;Eight;Six;Four;Ten;Michaël Youn, M.Pokora, Laure Manaudou, Ch. Dechavanne, Shy'm, Adriana Karembeu, Black M and Franck Gastambide will be chosen.
oq-192-12;Mike Horn;2;How is the first daughter of explorer Mike Horn named?;Annika;Jessica;Francesca;Tatiana;Jessica, the second daughter of Mike and Cathy (who will succumb to breast cancer in 2015), will be born the next year.
oq-192-18;Mike Horn;2;What Island of Canada's Great North Mike Horn has crossed with his family?;Bylot;Hans;Cameron;Matty;Since 1925, Canada has claimed part of the Arctic between 60° W and 141° W longitude, stretching to the North Pole.
oq-192-19;Mike Horn;2;How is also called Gasherbrum I graved by Mike Horn in 2007?;K5;K6;K7;K2;Gasherbrum I, also known as K5 or Hidden Peak, is the eleventh highest mountain in the world.
oq-192-21;Mike Horn;3;When did Mike Horn receive the Laureus Award for best alternative sportsman of the year?;2001;2003;2005;2007;Alone for 18 months, Mike Horn will experience all sorts of wanderings with Latitude Zéros, his world tour by the ecuador.
oq-192-22;Mike Horn;3;What peak in the Himalayas did Mike Horn reach in 2014?;Makalu;Manaslu;Annapurna;K2;Makalu is a Himalayan peak culminating at 8,485 meters above sea level on the border between Tibet, China and Nepal.
oq-192-23;Mike Horn;3;In which sport did Mike Horn's father make a career?;Rugby;Football;Tennis;Golf;After teaching sport and playing rugby, his father died at age forty-two when Mike was eighteen.
oq-192-24;Mike Horn;3;What was the rank of Mike Horn in the South African Special Forces?;Lieutenant;Captain;Sergeant;General;Returning to civilian life, he graduated in the field of Human Movement Science at the University of Stellenbosch.
oq-192-25;Mike Horn;3;In which country did Mike Horn create the No Limits Outdoor Activity Center?;Switzerland;Canada;Finland;Norway;At the same time (1995), Mike Horn became an expert for the training of Swiss mountain guides.
oq-192-26;Mike Horn;3;On which monohull did Mike Horn beat a world record?;Mari Cha III;Paul-Ricard;Shamrock;Rainbow;Mike Horn joined the 45-meter monohull crew in 1997, which broke the Atlantic crossing world record.
oq-192-27;Mike Horn;3;In which project did Mike Horn fight the stereotypes associated with sharks?;Shark Project;Apex;Charc;Ailerons;This program also aims to raise awareness of the problems facing the oceans throughout the world.
oq-192-28;Mike Horn;3;With which Norwegian explorer Mike Horn did he go to the North Pole in 2006?;Borge Ousland;Olav Bjaaland;Gunnar Horn;Otto Sverdrup;On March 23, 2006, Borge Ousland and Mike Horn became the first people to reach the North Pole during the polar night.
oq-192-29;Mike Horn;3;What deep canyon of Father Mike Horn descended in hydrospeed?;Colca;Apurimac;Cotahuasi;Manseriche;At the bottom of the canyon (more than 1 000 meters of degraded with Cabanaconde), the village of Sangalle serves as a refuge for trekkers.
oq-195-1;Numbers;1;How many works did Hercules execute for Eurystheus, King of Tiryns?;12;10;100;40;Hebrew corresponds to Roman Hercules, Phenician Melqart, Artifical Circle and Kakasbos in Asia Minor.
oq-195-3;Numbers;1;What is the difference between the 87 and the 86 square?;173;87;86;1;Every strictly positive real number is the square of exactly two numbers, one strictly positive, the other strictly negative.
oq-195-4;Numbers;1;How many thousands of passengers could the Titanic hold on board?;3,000;2,000;1,000;4,000;The Titanic's hull was equipped with sixteen watertight compartments to protect the ship from waterways.
oq-195-5;Numbers;1;In which year was Charlemagne crowned emperor in Rome?;800;900;700;600;Sovereign reformer, culturally conscious, he protects the arts and letters and is at the origin of the Carolingian renaissance.
oq-195-6;Numbers;1;In measure, what is the value in millimeters of an inch?;25 mm;32 mm;16 mm;45 mm;The thumb is a unit dating back to the Middle Ages, now used for tire sizes or computer screens.
oq-195-8;Numbers;1;In Greek mythology, how many Argonauts accompanied Jason?;50;40;100;500;The Argonauts plague has given rise to several pleas that are inspired quite freely from different sources of myth.
oq-195-9;Numbers;1;In which year did the first Cannes Film Festival take place?;1946;1956;1966;1976;The Festival was founded in 1946 on a project by Jean Zay, Minister of National Education and Fine Arts of the Popular Front.
oq-195-10;Numbers;1;How many years has Robinson Crusoe spent on his island?;28;24;20;16;Robinson Crusoe is an English novel written by Daniel Defoe whose story is very freely inspired by the life of Alexander Selkirk.
oq-195-11;Numbers;2;In computing, how many bytes are in a kilobyte?;1 024;256;512;32;The term is used as a computer measurement unit to indicate memory memorization ability.
oq-195-12;Numbers;2;In which year did Michel Preud'homme win the Lev Yachine Prize?;1994;1992;1990;1988;Michel Preud'homme held the coaching post at Standard de Liege, after being the sports director of the same club.
oq-195-13;Numbers;2;How much does the site of Carnac have menhirs in its alignments?;2 934;2 394;1 934;1 394;The Carnac site is located on the northern limit of Mor Braz, between the Gulf of Morbihan to the east and the Quiberon peninsula to the west.
oq-195-14;Numbers;2;How many so far are known natural satellites around Jupiter?;69;59;49;39;Jupiter is the second planet of the Solar System, after Saturn, with the largest number of natural satellites observed.
oq-195-15;Numbers;2;How far is the departure line from the first hurdle to the 400m hurdle?;45 m;37 m;29 m;18 m;The best male athletes finish the race in about 47 seconds and the female athletes in about 53 seconds.
oq-195-16;Numbers;2;How many matches has the Belgian national football team played with Guy Thys?;100;80;120;140;Born in Antwerp and son of Ivan Thys, Guy Thys was the coach of the most successful Belgian national football team.
oq-195-17;Numbers;2;What is the percentage of silicon used in the composition of the terrestrial bark?;25%;19%;8%;32%;Silicon is comparatively only present in relatively small amounts in the matter constituting the living.
oq-195-18;Numbers;2;How many years has Ferdinand Marcos been President of the Philippines?;21;17;25;19;Marcos may be considered as an expert on the disbursement of funds: he would have turned away billions of dollars from the Philippine Treasury.
oq-195-19;Numbers;2;How many spectators can today welcome the arenas of Verona?;22,000;19,000;16,000;13 000;Almost every night from March to September, shows take place and have the theme of ancient gladiatorial fights.
oq-195-20;Numbers;2;How many pieces contained the imperial palace in the Forbidden City?;9,999;8,888;7,777;6,666;The figure of 9,999 is explained by the fact that only their divinities were allowed to build a palace with 10,000 pieces.
oq-195-21;Numbers;3;What is the total length of the Golden Gate Bridge in San Francisco?;1 280 m;1 146 m;1 073 m;996 m;The Golden Gate Bridge was, until 1964, the longest suspension bridge in the world and remains a famous monument of San Francisco.
oq-195-22;Numbers;3;How many songs of Elvis Presley were number one in the American hit parade?;18;16;14;12;Elvis has helped popularize the nascent rockabilly genre, an energetic mix of country music and rhythm and blues.
oq-195-23;Numbers;3;In Greek mythology, how much did the giant Argos have eyes?;100;80;60;40;There are always fifty who sleep and fifty who watch, so that it is impossible to deceive his vigilance.
oq-195-24;Numbers;3;How often is China's area larger than Japan's?;39;29;19;9;Since 1945, Japan has formed an archipelago of 6,852 islands, the four largest of which are Hokkaido, Honshu, Shikoku, and Kyushu.
oq-195-25;Numbers;3;What is the length of the Andes mountain range at 6,962 meters?;7,100 km;6,700 km;8,300 km;9,700 km;The Andes cordillera begins in Venezuela and then crosses Colombia, Ecuador, Peru, Bolivia, Chile and Argentina.
oq-195-26;Numbers;3;How long is the Seikan Japanese Railway Tunnel?;53 km;42 km;37 km;29 km;The Seikan tunnel is slightly longer than the Channel Tunnel and has a 23.3 km section under the seabed.
oq-195-27;Numbers;3;How many confetti were thrown at John Glenn after his famous space trip?;3,474 tonnes;2,828 tonnes;1,732 tonnes;4,437 tonnes;After leaving NASA in 1963, he began an unsuccessful political career that forced him to turn to the business world.
oq-195-28;Numbers;3;How many soldiers does the Emperor Qin's buried army have?;8,000;6,000;4,000;10,000;Mineral colors were applied after cooking on the statues thus making it possible to distinguish the different units.
oq-195-29;Numbers;3;In which year did Nicolas Appert discover the tin can?;1795;1829;1847;1902;Canning can be defined as a process of conservation which consists in sterilizing by heat the perishable goods.
oq-195-30;Numbers;3;What is the number of islands present in all of Finland?;180,000;160,000;140,000;120,000;Most of the islands are in the South West, in the Aland Archipelago, and along the southern coast of the Gulf of Finland.
oq-196-1;Alan Turing;1;What machine did Alan Turing cryptanalyze during the Second World War?;Enigma;Delilah;ENIAC;Deep Blue;Enigma is a portable electromechanical machine used for encryption and information encryption.
oq-196-4;Alan Turing;1;What Turing program did he write in May 1952 to realize his famous test?;Chess Game;OXO;Ladies;Game of goose;Not having a computer powerful enough to run it, Alan Turing simulated the machine's calculations.
oq-196-5;Alan Turing;1;What physicist's work was Alan Turing inspired in 1928?;Albert Einstein;Lev Landau;Arthur Compton;Werner Heisenberg;Einstein's work challenged Euclid's axioms and the laws of celestial mechanics of Galileo and Newton.
oq-196-6;Alan Turing;1;In which computer operating system did Enigma's encryption algorithm be implemented?;UNIX;Windows;Mac OS;Android;This integrated command was used by civilian and military laboratories that believed to protect their communications.
oq-196-8;Alan Turing;1;Which electromechanical machine was invented by the German Arthur Scherbius?;Enigma;Deep Blue;Colossus;ACE;Enigma was used mainly by the Germans (Die Chiffriermaschine Enigma) during the Second World War.
oq-196-9;Alan Turing;1;Which of these computer languages is not Turing-complete?;SQL;C;Java;Python;A Turing-complete language is said to represent all computable functions in the sense of Turing and Church.
oq-196-10;Alan Turing;1;Which supercomputer was the first to beat a chess world champion?;Deep Blue;Myrinet;GENCI;Sequoia;Artificial Intelligence starts in the 1950s with the work of Alan Turing, who wonders if a machine can think.
oq-196-11;Alan Turing;2;What does it make sense to imitate a machine doing the Turing test?;Conversation;Drawing;Movement;Silhouette;The Turing Test is an AI test proposal based on the ability of a machine to mimic human conversation.
oq-196-13;Alan Turing;2;Why was Alan Turing sued in 1952?;His homosexuality;His knowledge;His money;His religion;To avoid the prison following a news story related to his homosexuality, Alan Turing chose chemical castration by taking oestrogens.
oq-196-15;Alan Turing;2;Which Franco-American made the 1982 Franco-British film Enigma?;Jeannot Szwarc;Olias Barco;Alexandre Aja;Didier Caron;The film Enigma features a beautiful poster with, among others, Martin Sheen, Brigitte Fossey, Sam Neill and Michael Lonsdale.
oq-196-16;Alan Turing;2;Who published the novel Obvious Indecency on the life of Turing?;David Lagercrantz;Björn Larsson;Ulf Durling;Patrick Boman;Lagercrantz is known for writing a biography of Zlatan Ibrahimovic as well as the detective novel What does not kill me.
oq-196-17;Alan Turing;2;In which city was Alan Turing born June 23, 1912?;London;Sydney;Stockholm;Brussels;He was born to colonial administration officer Julius Mathison Turing and his wife Ethel Sarah Turing (born Stoney).
oq-196-18;Alan Turing;2;Very young, how long did Alan Turing learn to read alone?;3 weeks;2 months;6 days;1 year;Early on, the young Turing showed signs of his genius as well as an early affinity for numbers and riddle resolution.
oq-196-19;Alan Turing;2;In which UK deciphering site did Turing and Knox work?;Bletchley Park;Thankful Village;Warship Camp;Base 23;Bletchley Park hosted a secret radio intercepting station and a broadcast station during the Second World War.
oq-196-21;Alan Turing;3;Since which year has the Turing Prize been awarded annually?;1966;1976;1986;1996;The prize is awarded to individuals who have made a significant scientific contribution to the field of computer research.
oq-196-22;Alan Turing;3;What was the approximate price (in euros) of the Enigma-A, released in 1923?;30 000 euros;50 000 euros;70 000 euros;90 000 euros;It is finally the Enigma-D which will become the most widespread model after its adoption by the German Navy in 1926.
oq-196-23;Alan Turing;3;Which voice coding machine was made by Alan Turing?;Delilah;Enigma;Frontera;Kaneda;Turing discovered in 1943 the progress of electronic technologies by starting a cryptanalyst mission.
oq-196-24;Alan Turing;3;What models will Alan Turing be interested in at the end of his life?;Morphogenesis;Thermogenesis;Biogenesis;Endurogenesis;Morphogenesis is the set of laws that determine the form, structure of tissues, organs, and organisms.
oq-196-25;Alan Turing;3;In what year did Queen Elizabeth II grace Turing posthumously?;2013;2003;1993;1983;Following the deciphering of the Enigma machine, Alan Turing will only be recognized as a war hero 55 years after his death.
oq-196-26;Alan Turing;3;How many pages does the Turing manuscript sold in 2015 contain?;56;132;247;398;Alan Turing had released his papers including some thoughts on Leibniz's notation to mathematician Robin Gandy.
oq-196-27;Alan Turing;3;Which Cambridge mathematician helped to improve the Turing bomb?;Gordon Welchman;John Herivel;Harry Hinsley;Hugh Foss;Once manufactured, the bomb became the most automated fundamental tool for Enigma encrypted message attacks.
oq-196-28;Alan Turing;3;What is the first detailed project of a computer made by Turing?;ACE;KDE;PGA;RAR;Turing, however, will not be able to get along with the NPL electronics engineers charged with building this machine.
oq-196-29;Alan Turing;3;Which machine helped Turing to design a computer?;Colossus;Megalox;Gigantic;Mastodonth;Built in eleven months, Colossus consisted of 1,500 and 2,400 vacuum tubes and produced 5,000 operations per second.
oq-196-30;Alan Turing;3;Who was director of Hut 8 in the absence of Alan Turing?;Hugh Alexander;Raymond Keene;Stuart Conquest;William Potter;After the Second World War, Hugh Alexander was for twenty years the head of the H section (cryptanalysis) of the GCHQ.
oq-197-1;The Cure;1;Who embodies without question the emblematic figure of the group The Cure?;Robert Smith;Roger O Donnell;Simon Gallup;Reeves Gabrels;At the age of five, Lol Tolhurst will become Robert Smith's friend and he will later create the first version of The Cure.
oq-197-2;The Cure;1;What musical movement is The Cure still associated with today?;New wave;Rock;Pop;Dance;In the early 1980s, many important new wave bands sprang up from provincial towns in southern England.
oq-197-4;The Cure;1;What title of The Cure will be removed at the time of the Gulf War?;Killing an Arab;It's Not You;Grinding Halt;Accuracy;This will be to the chagrin of Robert Smith who will recall in press conferences the text that inspired him.
oq-197-5;The Cure;1;Who is the only member present since the origin of The Cure group?;Robert Smith;Roger O Donnell;Simon Gallup;Reeves Gabrels;Robert Smith has also been a jury member of the International Songwriting Competition (ISC).
oq-197-6;The Cure;1;Which album is considered the blackest band in The Cure?;Pornography;Bloodflowers;Wish;Disintegration;Despite its oppressive and gothic atmosphere, this album will reach the Top 10 in England as well as in New Zealand.
oq-197-7;The Cure;1;Which city in Sussex County is home to The Cure?;Crawley;Basildon;Chichester;Littlehampton;Crawley is strongly influenced by the influence of London Gatwick Airport which occupies the entire northern part of the city.
oq-197-8;The Cure;1;What accompaniment instrument is featured at The Cure?;Low;Saxophone;Piano;Trumpet;The bass is, especially because of Simon Gallup's particular play, an essential component of The Cure's music.
oq-197-9;The Cure;1;To which musical label will The Cure remain faithful until 2001?;Fiction Records;Geffen Records;City Slang;Too Pure;Chris Parry, former Jam manager and Artistic Director at Polydor, wanted to establish his own independent label.
oq-197-10;The Cure;1;Who, so to speak, writes the lyrics of all The Cure songs?;Robert Smith;Simon Gallup;Reeves Gabrels;Jason Cooper;According to Thierry Desaules, the lyrics of the album Pornography are simply sublime and of great poetry.
oq-197-11;The Cure;2;What is the title of the first single of The Cure released in December 1978?;Killing an Arab;Another Day;So What;Fire in Cairo;This song, inspired by Camus's novel The Foreign, ensures a start of notoriety thanks to alternative fanzines.
oq-197-12;The Cure;2;What year did the Cure release Three Imaginary Boys?;1979;1981;1983;1985;The Melody Maker will titrera about this album: The Eighties Start Here (The 80's start here).
oq-197-13;The Cure;2;Which second album of The Cure is darker and icy than the first?;Seventeen Seconds;Pornography;Faith;The Top;In 2000, Q magazine placed Seventeen Seconds at No. 65 in its list of the 100 best British albums.
oq-197-14;The Cure;2;Who will become the director of clips of The Cure?;Tim Pope;Vincent Moon;Jonathan Glazer;Spike Jonze;Tim Pope has also produced commercials, episodes of television series, documentaries and a short film.
oq-197-15;The Cure;2;What song was composed in 1986 for the TV show The Children of Rock?;Just Like Heaven;Lullaby;Pictures of You;Never Enough;The song was introduced in the double album Kiss Me, Kiss Me, Kiss Me, certified platinum disc.
oq-197-16;The Cure;2;Which member of The Cure group had to be hospitalized following a mourning?;Simon Gallup;Reeves Gabrels;Jason Cooper;Roger O'Donnell;Roberto Soave, Shelley-an Orphan's bassist, will be in charge of the Wish Tour during concerts in November 1992.
oq-197-17;The Cure;2;What movie soundtrack did The Cure take part in with the untitled Burn?;The Crow;Steel;Spawn;Hellboy;This is the latest film in which actor Brandon Lee, who died during the shooting at a shooting scene, plays.
oq-197-18;The Cure;2;After Fiction Records, with which label did The Cure sign in 2003?;Geffen Records;Epic Records;Lava Records;Pablo Records;On the occasion of the end of the contract with Fiction Records comes the compilation Greatest Hits including two new titles.
oq-197-19;The Cure;2;What other group is Robert Smith an idol for his singer?;Placebo;The Libertines;Captain Phoenix;Lush;The members of this formation collaborated with Robert Smith, the leader of Placebo even having the opportunity to interview his idol.
oq-197-21;The Cure;3;Which of these proposals does not mean a live album from The Cure?;Dublin;Paris;Entreat;Concert;In 2018, The Cure officially released 5 live albums, 12 studio albums and 11 VHS / DVDs, not counting numerous compilations.
oq-197-23;The Cure;3;What was the previous name of the Easy Cure group formed in 1976?;Malice;The Libertines;Spunge;The Membranes;Members will change the name of the group (Easy Cure) in January 1977, and finally opt for The Cure in April 1978.
oq-197-24;The Cure;3;In which year did The Cure first appear in South America?;1987;1989;1985;1983;At this time, The Cure was awarded the title of best foreign group of the year in Brazil after eight concerts.
oq-197-25;The Cure;3;Who joined The Cure just before the world tour Kissing Tour?;Roger O'Donnell;Tim Kingsbury;Chris Pitman;Andy Bown;In the introduction, a short film of five minutes shows close-ups of Robert Smith's mouth and eyes.
oq-197-27;The Cure;3;Which radio emitter appeared on the English FM band in 1990?;Cure FM;Smith FM;Wish FM;Day FM;This station, hosted by members of Cure themselves, was intended to promote Mixed Up, a remixes disc.
oq-197-28;The Cure;3;Who gave The Cure the Godlike Genius Award in 2009?;Tim Burton;Robert De Niro;Sean Penn;Stephen Frears;The Cure has received this award for the entire NME Awards at the hands of Tim Burton, who was inspired by the group.
oq-197-29;The Cure;3;Which Dutch group is a true clone group of The Cure?;The Essence;The Diesel;The Butane;The Propane;The group of the 1980s reproduces the arrangements of the British and copying the voice and phrasing of Robert Smith.
oq-197-30;The Cure;3;In which year did The Cure receive the Brit Award for Best British Band?;1991;1993;1995;1997;The Cure has also received an MTV Video Music Award, a Juno Award, a NME Award and several Grammy Awards.
oq-199-1;Active volcanoes;1;Which volcano belonging to the Aeolian Islands is located in the north of Sicily?;Stromboli;Vésuve;Pinatubo;Villarrica;The currently active part of the volcano was formed less than five thousand years ago and is in almost continuous eruption.
oq-199-3;Active volcanoes;1;Which volcano is respectfully named Don Gregorio by locals?;Popocatepetl;Aracar;Goreli;Dempo;According to local tradition, the Popocatepetl would be born on March 12th, a date that reached Vatican Council II on the feast day of Saint Gregory.
oq-199-4;Active volcanoes;1;Which volcano has twenty-five cines pointing on its flanks?;Villarrica;Mahawu;Pinatubo;Sundoro;Its last major eruption, in 1971, opened a fissure 4 km wide, from which 30 million cubic meters of lava flowed.
oq-199-5;Active volcanoes;1;Which submarine volcano has the same name as a famous port of France?;Le Havre;Marseille;Dunkerque;Brest;When it erupted in mid-July 2012, Le Havre produced large quantities of pumice that formed rafts.
oq-199-7;Active volcanoes;1;The eruption of what volcano caused on Earth a general cooling of 0.6°C?;Pinatubo;Misti;Rasshua;Kurub;The human toll, which amounts to less than 1 000 deaths, was relatively limited thanks to the effective evacuation of the populations.
oq-199-8;Active volcanoes;1;Which Italian volcano at an altitude of 1,281 meters borders the Bay of Naples?;Vesuvius;Stromboli;Pinatubo;Villarrica;Vesuvius is at the origin of the destruction of the cities of Pompeii, Herculaneum, Oplontis and Stabies, buried on August 24, 79.
oq-199-9;Active volcanoes;1;Which volcano with three peaks is very close to Novarupta?;Trident;Tenorio;Tecapa;Tanaga;R. F. Griggs named Trident is located in Katmai National Park and Reserve, between Mount Katmai and Mount Mageik.
oq-199-10;Active volcanoes;1;Which of these volcanoes is located on an island in Alaska?;Cleveland;Kambalny;Poas;Pinatubo;Since the region was traversed by the West at the end of the nineteenth century, Mount Cleveland has experienced 19 eruptions.
oq-199-11;Active volcanoes;2;What volcano could again cover the city of Quito with ashes?;Reventador;Cotopaxi;Ambae;Epi;The story of the Reventador is a mixture of phases of building and destruction of a cone, by lateral collapse.
oq-199-14;Active volcanoes;2;Which volcano in Costa Rica experienced 39 rash episodes between 1828 and 2018?;Poas;Olca;Sirung;Pago;The main crater of the stratovolcano today hosts an acidic lake that regularly emits toxic sulphurous fumes.
oq-199-16;Active volcanoes;2;What eruption of 1912 caused a weakening of the monsoon in Asia?;Novarupta;Hekla;Sumaco;Mauna Iki;During this volcanic explosion index eruption of 6, a volcanic surge was formed to the northwest.
oq-199-17;Active volcanoes;2;Which volcano of the United States is the highest volcano in the world?;Mauna Loa;Marapi;Tecapa;Vanua Lava;The Mauna Loa is 17 kilometers above its base, which sinks into the ocean floor.
oq-199-18;Active volcanoes;2;Which active volcano in Sulawesi does not have a crater?;Lokon;Yucamane;Ulawun;Tongkoko;The twin volcanoes of Lokon and Empung rise about 800 meters above the plain of Tondano.
oq-199-19;Active volcanoes;2;Which volcano is located astride the border between Bolivia and Chile?;Olca;Surtla;Mat Ala;Pago;It consists of several aligned eruptive vents with lava flows up to five kilometers in length.
oq-199-20;Active volcanoes;2;For the Hawaiians, which volcano is the home of Pélé?;Kilauea;Popocatepetl;Yasur;Calbuco;The volcano has been monitored and studied since the creation of the Volcanological Observatory of Hawaï in 1912.
oq-199-23;Active volcanoes;3;Which Vanuatu volcano has a low altitude of 361 meters?;Yasur;Alayta;Colo;Guallatiri;It is possible for many tourists to climb to the top of the volcano and observe the permanent eruptions.
oq-199-24;Active volcanoes;3;What volcano of the Peruvian Andes translates as fire tongue in Quechua?;Sabancaya;Sarigan;Nabukelevu;Lopevi;The Sabancaya volcano is located in the Arequipa region, south of Peru, in the Central Andes volcanic zone.
oq-199-26;Active volcanoes;3;Which volcano is part of the Llanquihue national reserve in Chile?;Calbuco;Nissiros;Lewotolo;Salak;The first ascent was made in 1859 by Jean Renous, who was also the first to reach the summit of the Osorno volcano.
oq-201-1;Superheroines;1;Who is Princess Diana, from a tribe of Amazons?;Wonder Woman;Cipher;Gwen Tennyson;Mega Mindy;On December 4, 2013, Gal Gadot was chosen to play the role of Wonder Woman and signed a contract for three films with Marvel Studios.
oq-201-2;Superheroines;1;Which superhero has the power to be over long distances?;Blink;Cléa;Nocturne;Thundra;The popularity of this alternative character, who died after a year, led to the return in2009 of the original version.
oq-201-3;Superheroines;1;Which superhero can block the telepathic who would like to read his thoughts?;Cipher;Wonder Girl;Kamala Khan;Andromeda;In addition to its blocking powers, Cipher is also able to make itself invisible and can also control the X-Jet.
oq-201-4;Superheroines;1;What mystical hybrid can naturally float in the air?;Cléa;Mega Mindy;Tigra;Elsa Bloodstone;The Key character had alternative adaptations to Marvel 1602, Earth X, Ultimate Marvel and Marvel Apes.
oq-201-5;Superheroines;1;"In the TV series ""Birds of Prey"", who is Batman's daughter?";Huntress;Cassandra Cain;Thundra;Abigail Brand;Huntress and her super powers are working with the daughter of Black Canary who are Gotham City's leading crime fighters.
oq-201-6;Superheroines;1;Which superhero possesses a blue skin covered with a fine fur?;Nocturne;Abigail Brand;Miss Hulk;Jessica Cruz;In addition to his physiology, Nocturne possesses the power to enter a person's body and control it for twelve hours.
oq-201-8;Superheroines;1;Which cat-woman possesses endurance and superhuman agility?;Tigra;Miss Hulk;Kamala Khan;Jolt;Her cat-wife condition makes Tigra's mind more difficult to control for someone with telepathic power.
oq-201-9;Superheroines;1;What name is the teen version of Wonder Woman?;Wonder Girl;Huntress;Darna;Cassandra Cain;"Originally, the animated series ""Young Titans"" wanted to make Wonder Girl a character on the main team."
oq-201-10;Superheroines;1;Which Atlante from the Marvel Universe can lift up to fourteen tons in the air?;Andromeda;Blink;Cipher;Huntress;Great warrior, her weapon of choice is the trident, but she knows all Atlantean combat techniques to perfection.
oq-201-11;Superheroines;2;Who was the Batgirl of the DC Comics universe from 1999 until 2009?;Cassandra Cain;Helena Bertinelli;Barbara Gordon;Betty Kane;An American of Asian descent, the daughter of two assassins, Cassandra Caïn was raised to be the greatest murderer in the world.
oq-201-12;Superheroines;2;What woman can survive in the freezing cold of space without a suit?;Ganymède;Kamala Khan;Sif;Gwen Tennyson;A first-class warrior, she uses a large stick in combat, which, by concentrating, can deliver powerful bursts.
oq-201-13;Superheroines;2;Who can transform his physical body into living electricity?;Jolt;Miss Hulk;Cybersix;Carol Danvers;Originally, Jolt has a hyperkinetic agility that gives her an accelerated speed and a phenomenal power of jump.
oq-201-14;Superheroines;2;Which superhero has been mutated by a blood transfusion?;Miss Hulk;Thundra;Ganymède;Huntress;With her green skin that resists bullets and lasers, Miss Hulk is tired very little and does not fear the cold, fire, or diseases.
oq-201-15;Superheroines;2;What Afro-American woman was bombarded with energy?;Monica Rambeau;Gwen Tennyson;Huntress;Mega Mindy;More commonly known as Captain Marvel, she was also nicknamed Photon and Pulsar and, since 2013, Spectrum.
oq-201-16;Superheroines;2;"Who in 2012 became the main heroine of ""Journey into Mystery""?";Sif;Cléa;Jessica Cruz;Kamala Khan;Sif possesses the characteristics of the Asgardians: resistance, strength and endurance superior to human beings.
oq-201-18;Superheroines;2;Who adopted Karen Starr's name on Earth?;Power Girl;Blink;Thundra;Ganymède;Like his cousin Superman, Power Girl (aka Kara Zor-EL) has escaped Krypton's destruction.
oq-201-19;Superheroines;2;Who gets his powers from his father's gem attached to his neck?;Elsa Bloodstone;Ganymède;Cipher;Blink;Sixty pounds, blue eyes, blond hair, the beautiful and fierce Elsa is the daughter of the famous monster hunter Ulysses Bloodstone.
oq-201-20;Superheroines;2;Which superhero can generate heat through his hands?;Abigail Brand;Thundra;Jessica Cruz;Huntress;Abigail Brandest, also a SHIELD elite agent, is well-trained and expert in gun handling.
oq-201-21;Superheroines;3;What artificial woman ran away to escape her creator?;Cybersix;Jolt;Ultra Girl;Gwen Tennyson;Cybersix has fled to a citadel in Meridiana, where she grew up under the identity of a boy named Adrian Seidelman.
oq-201-22;Superheroines;3;Which former pilot of the US Air Force has become an intelligence agent?;Carol Danvers;Ultra Girl;Nocturne;Blink;Carol Danvers can tap into the energy of a 'white hole' and control electro-magnetic energy, ambient heat and gravity.
oq-201-23;Superheroines;3;What superheroine can build everything his mind desires?;Jessica Cruz;Cipher;Key;Darna;A member of the Green Lantern, Jessica can travel back in time thanks to her ring, a particularity she has inherited from Volthoom.
oq-201-24;Superheroines;3;Which Belgian superheroes is played by Free Souffriau?;Mega Mindy;Blink;Gwen Tennyson;Sif;Mega Mindy is the main character and name of a Flemish TV series for children, produced by the Studio 100.
oq-201-25;Superheroines;3;What super-hero of the comics age of age appeared to the general public in August 1941?;Phantom Lady;Ganymède;Cassandra Cain;Cybersix;Several fictional characters have worn the costume of the Phantom Lady, Sandra Knight being the original Phantom Lady.
oq-201-26;Superheroines;3;What super-hero redhead is a stereotype of the super-bitch?;Thundra;Ganymède;Blink;Wonder Girl;Like Mantis, Power Girl and other released superheroes have followed the women's liberation movement of the 1960s.
oq-201-27;Superheroines;3;What name did Sharon Ventura have before being named Miss Chose?;Miss Marvel;Carol Danvers;Cléa;Miss Hulk;As a result of a mutation due to cosmic radiation, she took on the same appearance as La Chose and was nicknamed Miss Chose.
oq-201-28;Superheroines;3;Which teenager living in Jersey City has Pakistani parents?;Kamala Khan;Cléa;Cassandra Cain;Ganymède;The young Kamala Khan is one of the few characters in Muslim comics to be positively portrayed, with Dust and M.
oq-201-29;Superheroines;3;Which accomplished gymnast is part of the Ben 10 universe?;Gwen Tennyson;Darna;Sif;Polaris;She has her own opponents, who are more opposed to her than others: Hex and the Enchantress.
oq-201-30;Superheroines;3;What super-hero of Mars Ravelo was formerly called Varga?;Darna;Cybersix;Polaris;Carol Danvers;The series has undergone many adaptations in her country, in animation series as in the form of TV series and live films.
oq-202-1;Ceramics;1;"The term ceramic comes from the ancient Greek ""keramos"" which means...";Pottery Earth;Footprint;Molding;Tesson;The word appears in its modern sense only in the half of the nineteenth century when archeology begins to take an interest in ceramics.
oq-202-3;Ceramics;1;In ceramics, what kind of material does it use for storing liquids?;Grès;Plaster;Céladon;Curse;Grape, nobler than terra cotta, ranks second in the production of high temperature ceramics.
oq-202-5;Ceramics;1;Which silicate material is heavily used in ceramics?;Clay;Curse;Limon;Sand;The hydrated clay is malleable, can be shaped, becomes solid after drying and the rest permanently.
oq-202-6;Ceramics;1;What vitrifiable coating is placed on the surface of a ceramic to harden it?;E-mail;Ajour;Freelance;Biscuit;Iron oxide produces green, red, yellow, black or brown tones, cobalt oxide blue and chromium oxide green.
oq-202-7;Ceramics;1;The ceramics of which civilization is universally known for porcelain?;Chinese;Greek;French;Peruvian;The large blue and white vases, which appeared during the Yuan Mongol dynasty, will develop fully under the Ming.
oq-202-8;Ceramics;1;In pottery, what technique of formatting uses only the fingers?;Modeling;Shooting;Pouring;Trying;For cooking, the different pieces obtained are placed in a oven at a temperature of 1,000 ° C for about eight hours.
oq-202-9;Ceramics;2;Which pre-Inca civilization is best known for ceramics?;Nazca;Patayan;Pipils;Valdivia;Little colorful during the initial period, they are of great polychrome richness later, between medium and late Nazca.
oq-202-13;Ceramics;2;Which museum offers a magnificent collection of 340,000 pieces of ceramics?;Forbidden City;Louvre;Tate Museum;Vatican;The Palace Museum at the Forbidden City of Beijing features Chinese imperial collections from the Tang and Song dynasties.
oq-202-14;Ceramics;1;Which of these terms is directly opposed to that of terracotta?;Raw earth;Clay;Old Earth;Chemical Earth;Previously to the terracotta, we find in all civilizations a pottery and bricks made of mud.
oq-202-15;Ceramics;2;What color do we get with cobalt oxide?;Blue;Red;Green;Yellow;The purest cobalt came at great expense from the Middle East via Spain, that of Central Europe giving less deep blues.
oq-202-16;Ceramics;2;Which pottery technique superimposes long puddles of clay?;Colombin;Mirette;Rolling;Reserve;The potter secures the pigeons by pressing them against each other and smooths the surface as the coin rises.
oq-202-17;Ceramics;2;Which city in the north of France has a museum devoted to the practice of ceramics?;Rouen;Caen;Le Havre;Dieppe;This museum, created in 1864 and having the label museum of France, is located in the Hocqueville hotel, near Verdrel square in Rouen.
oq-202-18;Ceramics;2;What discipline is devoted to studying objects in ceramics?;Ceramology;Traceability;Palynology;Grid;Ceramology includes the study of manufacturing techniques (making, baking), their forms, and that of decorative motifs.
oq-202-20;Ceramics;2;Which technique allows you to paste differently shaped elements?;Barbotine;Reduction;Calibration;Champlevé;The handles of a vase are for example modeled apart and then assembled to the slip on the body of the turned vase.
oq-202-21;Ceramics;3;What is the fillet without cooking between 980° C and 1040° C?;Biscuit;Biscotte;Bread;Cake;The porcelain biscuit is used to make statuettes, table top and statue reductions.
oq-202-22;Ceramics;3;Which clay-based coating can make a ceramic smoother?;Engobe;Estèque;Chamotte;Chandelier;As the engobe contains loose clay, if it were laid on the dry ceramics, it would crack quickly.
oq-202-23;Ceramics;3;What olive green flavor is characteristic of ancient Chinese ceramics?;Celadon;Pernette;Mullite;Coquemar;Celadon (literally green porcelain) refers to a color and also a type of ceramics peculiar to China and the Far East.
oq-202-24;Ceramics;3;What fine, translucent ceramic is produced from kaolin?;Porcelain;Stamping;Neriage;Albarelle;Kaolins are white, friable and refractory clays, composed of kaolinite, or aluminum silicates.
oq-202-25;Ceramics;3;What dark brown Japanese e-mail is sometimes called chamois?;Tenmoku;Dotaku;Nintoku;Daibutsu;This e-mail is obtained by mixing feldspar, chalk, ball clay, silica, bentonite and red iron oxide (hematite).
oq-202-26;Ceramics;3;In ceramics, what is the name of the clay pellet disintegrated in water?;Barbotine;Scraping;Mandrin;Fritte;The decor with the slip consists of adding reliefs slip on a pottery: so called slip decorated pottery.
oq-202-29;Ceramics;3;Since what year is the know-how of ceramics of art recognized in France?;2009;1999;1989;1979;Each state party must take the necessary steps to ensure the safeguarding of its intangible cultural heritage.
oq-202-30;Ceramics;3;Which architect is known for its glazed architectural glazing?;Louis Sullivan;Victor Bourgeois;Jean Welz;Tony Garnier;At that time, the drawings of the American architect born in 1856 in Boston would have been impossible to execute in any other medium.
oq-204-1;PlayStation 2;1;Which company has commercialized the PlayStation 2 game console?;Sony;Microsoft;Nintendo;Sega;Sony Interactive Entertainment is a subsidiary of Sony specializing in the video industry, based in San Mateo.
oq-204-2;PlayStation 2;1;In which year was the PlayStation 2 game console marketed in France?;2000;2002;2004;2006;The console was in direct competition with the Sega Dreamcast, the Nintendo GameCube and the Microsoft Xbox.
oq-204-3;PlayStation 2;1;In what generation of Sony brand consoles is the PS2?;Sixth;Fifth;Fourth;Third;This generation began in 1998 and ended in January 2013 with the discontinuation of the PlayStation 2 distribution.
oq-204-4;PlayStation 2;1;To which other console of Sony the PlayStation 2 she succeeded?;PlayStation;Saturn;Neo-Geo;Mega Drive;On May 18, 2004, almost ten years after its launch, Sony announces it has distributed 100 million PlayStation worldwide.
oq-204-5;PlayStation 2;1;When it came out, which media could the PlayStation 2 read in an innovative way?;DVD;Blue-ray;Midi Disc;Optical disc;At that time, including serial DVD playback (then all-new format) in this type of device was an important innovation.
oq-204-6;PlayStation 2;1;What aesthetic variant of the PlayStation 2 came out in 2004?;PS2 Slim;PS2 Fat;PS2 Boy;PS2 Grid;This new slim silhouette model was introduced on November 1, 2004 in North America and Europe.
oq-204-7;PlayStation 2;1;Which saga was the most sold among the video games available on the PS2?;"""Gran Theft Auto""";"""Dragon Quest""";"""God of War""";"""Final Fantasy""";Because of its violent content and the presence of a sexual minigame, the game has been banned under 18 years old.
oq-204-8;PlayStation 2;1;How was the PS2 qualified, accepting PlayStation games?;Refurbishable;Autopiloted;Admissive;Ascensional;Compatibility issues are common in computer because of the rapid evolution of hardware and software.
oq-204-9;PlayStation 2;1;Which official gamepad took the appearance of the DualShock?;DualShock 2;Bongo DK;Kinect;Wavebird;The buttons became analog (except L3, R3 and Analog) and the controller produced two levels of extra vibration.
oq-204-10;PlayStation 2;1;Which microphones could you connect to the PS2 to turn it into a karaoke device?;SingStar;Kinec;DualShock;KaraMic;"""SingStar"" is a series of karaoke video games developed by SCE London Studio and published by Sony Computer Entertainment."
oq-204-11;PlayStation 2;2;With which console of Sega the PlayStation 2 was in direct competition?;Dreamcast;GameCube;Xbox;Saturn;Successor to the Saturn, the Dreamcast was the first six generation console on the market, ahead of its competitors.
oq-204-12;PlayStation 2;2;How many PS2 were sold just two days after it was released in Japan?;980 000;790 000;560 000;360,000;The PlayStation 2, the best-selling home console, has a total of 150 million copies shipped as of January 31, 2011.
oq-204-13;PlayStation 2;2;How many video game titles are available in the PS2 catalog?;10 828;8 627;6 742;4 996;Sony claims that 1.52 billion copies of these titles have been sold since the launch of the console on March 4, 2000.
oq-204-14;PlayStation 2;2;What was the launch price of the PlayStation 2 in France?;450 ;560 ;620 ;740 ;The price of the console was reduced to 300 in 2001, 249 in 2003, 199 in 2004, 149 in 2005, 129 in 2006 and99 in 2009.
oq-204-16;PlayStation 2;2;In which year was the production of PS2 stopped in the world?;2013;2014;2015;2016;The production of the console was stopped on November 30, 2012 and Sony announced cease all distribution on the Japanese territory since 2013.
oq-204-17;PlayStation 2;2;How many main processors included the PlayStation 2?;Three;Two;Four;Five;The PlayStation 2 had many processors to use in parallel, which made it a console rather difficult to program.
oq-204-18;PlayStation 2;2;What were the so-called PS2 games publisher versions called?;Blue Disc;Ed Disc;Spare Disc;Go Disc;These special versions of PS2 games were reserved for professionals and especially for in-store demonstrations.
oq-204-19;PlayStation 2;2;Which operating system could be installed on the PS2?;Linux;Windows;Mac OS;Android;Sony has launched a kit including a 20 GB hard drive, a mouse, a keyboard, an ethernet card, two DVDs and a Linux distribution.
oq-204-20;PlayStation 2;2;What was the weight of the slim model of the PlayStation 2?;900 g;1200 g;600 g;1500 g;This change is associated with the externalization of the power box and the removal of the ON / OFF button at the back.
oq-204-22;PlayStation 2;3;What technology was the 8 MB memory card for the PS2?;MagicGate;CGMS;Denuvo;Viaccess;MagicGate is a protection system created and introduced in 1999 by Sony in its memory cards, especially its Memory Stick.
oq-204-24;PlayStation 2;3;Which Japanese engineer led the development of PlayStation 2?;Ken Kutaragi;Hideo Shima;Hiromu Naruse;Yamao Yozo;He opened the studio Cellius, a 51 % subsidiary of Namco Bandai and 49 % of Sony, whose activities are centered around the Cell processor.
oq-204-25;PlayStation 2;3;Which shooter game was released by Konami in 2000 on PS2?;"""Silent Scope""";"""Castlevania""";"""Frogger""";"""Parodius""";Playing with an arcade rifle, the console versions were lacking such an accessory, which will reduce the interest.
oq-204-27;PlayStation 2;3;How many polygons could PS2 calculate per second?;66,000,000;800;7,000;40,000;The FPU and the 128-bit VU0 and VU1 vector computing units allowed the console to reach 6.2 GFLOPS.
oq-204-28;PlayStation 2;3;Which multimedia station was launched by Sony in Japan in 2003?;PSX;PSG;PSM;PSR;It served as a PlayStation and PlayStation 2 game console, DVD burner, TV tuner and digital player via its hard disk.
oq-204-29;PlayStation 2;3;What small adaptable camera for the PS2 was developed by Sony?;EyeToy;SmallCam;FunPlay;Kinect;The EyeToy was mainly manufactured by Logitech, although new versions were later developed by Nam Tai.
oq-204-30;PlayStation 2;3;In what saga do we use a camera with mystic powers?;"""Project Zero""";"""BioShock""";"""Forbidden Siren""";"""Dead Rising""";One of the best horror games, or the best? Anyway, it is very scary even if you play in the light of day.
oq-205-1;Coca-Cola;1;Which Coca-Cola product is a direct competitor of PepsiCo's 7 Up?;Sprite;Fanta;Bonaqua;Nalu;Sprite contains: gaseous water, sugar and acidifiers? (citric acid, sodium citrate and natural lemon-lime flavorings).
oq-205-2;Coca-Cola;1;What fruit juice is at war with its competitor Tropicana?;Minute Maid;Joker;Oasis;Andros;It was now possible to eat fresh orange juice at any time of the year and away from the producing regions.
oq-205-3;Coca-Cola;1;Which brand of Belgian mineral water belongs to the Coca-Cola group?;Chaudfontaine;Bru;Spa;Valvert;The source of Chaudfontaine is located in the Belgian town of Chaudfontaine, in the Walloon Region.
oq-205-4;Coca-Cola;1;What tea is produced jointly by Nestlé and Coca-Cola?;Nestea;May Tea;Arizona;Virgin;Created in 1977, Nestea is currently available in three flavors: Nestea Pêche Blanche, Nestea Tropical and Nestea Citron.
oq-205-5;Coca-Cola;1;Which sugar-free Coca-Cola targets a particularly male audience?;Zero;Blak;Cherry;Life;Like the Coca Light, its recipe released in 2007 in France uses aspartame and acesulfame-k instead of sugar.
oq-205-6;Coca-Cola;1;Which drink is also known as Diet Coke?;Coca-Cola Light;Coca-Cola Zero;Coca-Cola Life;Coca-Cola BlaK;Introduced in France in 1988, the Diet Coke brand was launched in the United States on the Independence Day in 1982.
oq-205-7;Coca-Cola;1;What variation of Coca-Cola went on sale after the classic and the Light?;Cherry;Life;Zero;BlaK;Coca-Cola then created other flavored Coca-Cola: Vanilla, Lemon (lemon), Lime (lime), BlaK (coffee) and Sango (orange).
oq-205-8;Coca-Cola;1;Since which year has Coca-Cola been a registered trademark?;1887;1913;1932;1947;It takes its name from its first composition: the coca leaf and the use of cola nut, a drink then sold by its inventor.
oq-205-9;Coca-Cola;1;Which energy drink from Coca-Cola is sold in the Benelux?;Nalu;Red Bull;Monster;Rodeo;Developed in the research and development center of Coca-Cola Anderlecht, it is produced in Ghent and is sold in Belgium and Luxembourg.
oq-205-11;Coca-Cola;2;In which city of Georgia is the current headquarters of the company Coca-Cola?;Atlanta;Albany;Dalton;Brunswick;At the beginning of 2012, Coca-Cola was the third largest agri-food company in the world in terms of turnover.
oq-205-12;Coca-Cola;2;What beverage from the Coca-Cola company was released after 1945?;Fanta;Sprite;Cherry Coke;Coke Life;The Second World War had made it difficult to import the products needed for the manufacture of Coca Cola.
oq-205-13;Coca-Cola;2;How many brands of drinks does Coca-Cola handle today?;500;400;300;200;On December 24, 2014, the Wall Street Journal announced that the company planned to cut between 1,000 and 2,000 positions.
oq-205-14;Coca-Cola;2;What was, in billions of euros, the turnover of the company Coca-Cola in 2016?;38;32;44;26;In 2012, the only two countries where Coca-Cola could not be marketed were the North Korea and Cuba.
oq-205-15;Coca-Cola;2;Which audiovisual production company did Coca-Cola buy in 1982?;Columbia Pictures;Universal Pictures;Warner Bros.;Paramount Pictures;The company logo represents a personification of the United States, Columbia, carrying a torch (like the Statue of Liberty).
oq-205-16;Coca-Cola;2;Which drink designed for sport is marketed by Coca-Cola?;Aquarius;Isostar;Gatorade;Sporteus;This sports drink was marketed in 1983 in Japan in response to a similar drink called Pocari Sweat.
oq-205-17;Coca-Cola;2;Which version of Coca-Cola is based on the use of stevia?;Life;Zero;BlaK;Cherry;Stevia having a taste close to licorice and influencing the taste of the drink, the composition of the product was then modified.
oq-205-18;Coca-Cola;2;Which derivative of the Coca-Cola drink is enriched with Vitamin C?;Coca-Cola Plus;Coca-Cola New;Coca_cola Fresh;Coca-Cola Mint;The presence of vitamin C and its low level of sodium give Coca-Cola Plus, released in Japan in 2009, a light citrus taste.
oq-205-19;Coca-Cola;2;Which Coca-Cola formula was a major marketing failure?;New Coke;Coca-Cola Light;Coca-Cola Zero;Coca-Cola Life;Public acceptance of the change of formula was bad and New Coke was considered a major marketing failure.
oq-205-20;Coca-Cola;2;Which version of Coca-Cola has an enriched taste in coffee?;BlaK;Cherry;Life;Zero;The Coca-Cola Company launched Coca-Cola BlaK to compete with PepsiCo's Pepsi Maxcappuccino.
oq-205-21;Coca-Cola;3;Who was CEO of Coca-Cola as of January 1, 2017?;Muhtar Kent;Serdar Bilgili;Fikret Orman;Osman Kavala;In 1979, Muhtar Kent began his career as a distributor of Coca-Cola products throughout the United States.
oq-205-22;Coca-Cola;3;Who has designed the shape of the specific glass bottle of the Coca-Cola brand?;Raymond Loewy;Jerry Manock;Milton Glaser;David Rockwell;Raymond Loewy, born in Paris in 1893, is an industrial and graphic designer from France who became French-American after his naturalization.
oq-205-23;Coca-Cola;3;How much is there in the world of different flavors of Fanta?;70;50;30;10;Fanta Shokata is a flavor derived from La Socata, a traditional Romanian drink made from deer flower.
oq-205-24;Coca-Cola;3;Who proposed John Stith Pemberton the name of Coca-Cola for his future drink?;Frank Robinson;Barry Diller;James Quincey;Ronald Allen;Pemberton's accountant offered him the name Coca-Cola and the design of the logo. Haddon Sundblom illustrated Santa Claus.
oq-205-25;Coca-Cola;3;What purified tap water is sold by Coca-Cola?;Dasani;Finley;Powerade;Burn;The mark sold water from the Thames purified by adding calcium chloride, containing bromide, filtered three times.
oq-205-27;Coca-Cola;3;"What product has for slogan: ""Cola kisses the orange""?";Mezzo Mix;Enviga;Dasani;BlaK;Mezzo Mix is a product of Coca-Cola sold only in Germany, Austria, Finland, Belgium and Switzerland.
oq-205-29;Coca-Cola;3;Which drink contains catechins extracted from green tea?;Enviga;Cheerios;Lanvin;Nuts;Enviga is a non-alcoholic, non-alcoholic drink that, according to its manufacturers, burns more calories than it provides.
oq-205-30;Coca-Cola;3;What formula does Coca-Cola use cane sugar rather than standard sugar?;Mexican Coke;Canadian Coke;Indian Coke;German Coke;Named thus by its place of production, this change would give the drink a natural taste.
oq-206-1;Magnesium;1;What is the chemical symbol of magnesium, recognized in 1755?;Mg;Ma;Mm;Ms;Magnesium is the ninth most abundant element in the universe and the eighth most abundant element of the earth's crust.
oq-206-3;Magnesium;1;How much is the estimated daily intake of magnesium in humans?;300 mg;150 mg;450 mg;600 mg;Double the amount is recommended for athletes or pregnant women: it can be calculated with 6 mg per kg of body weight.
oq-206-4;Magnesium;1;In what context is magnesium energy and pollutant?;Recycling;Consumption;Grinding;Dissolution;Magnesium is the eighth most abundant element of the earth's crust and the fourth most common element of the Earth.
oq-206-5;Magnesium;1;What is the origin of our main food source of magnesium?;Cereal;Animal;Chemical;Mineral;Grain products are present at all meals, they are the ones who cover most of the daily needs of the body.
oq-206-6;Magnesium;1;Which of these foods is the richest in magnesium?;Seafood;Spinach;Cocoa;Carouble;In 2011, remains of shells were found, indicating that the Neanderthal man ate seafood.
oq-206-11;Magnesium;2;What is the atomic number of magnesium in the array of elements?;12;24;36;48;The periodic table of elements represents all the chemical elements, ordered by atomic atomic decreasing.
oq-206-12;Magnesium;2;Who in 1755 recognized magnesium as an element?;Joseph Black;James Young;James Keir;John Stenhouse;This Scottish chemist has gone to post-drought for having unpacked the concepts of latent heat and specific heat.
oq-206-14;Magnesium;2;Against what is magnesium used in the navy?;Corrosion;Mold;Seasickness;Tangage;Useful against the corrosion of other immersed metals, its use is common for the protection of boat hulls.
oq-206-15;Magnesium;2;How much magnesium contain 100 grams of Nigari salt?;11 500 mg;2 600 mg;840 mg;1 mg;Nigari, a white powder or crystals, is used as a coagulant for the preparation of the tofu from soymilk.
oq-206-16;Magnesium;2;How much magnesium does an adult have to produce naturally?;0 mg;250 mg;500 mg;750 mg;The excessive consumption of magnesium from the human body being eliminated in the urine, the magnesium accumulates therefore only very little.
oq-206-17;Magnesium;2;What effect does the ingestion of large amounts of magnesium cause?;Laxative;Exciting;Anabolic;Sleepy;Excess magnesium poisoning may occur in children and in the case of persons with renal insufficiency.
oq-206-18;Magnesium;2;What is commonly called magnesium oxide?;Magnesie;Alumina;Urane;Protoxide;It is in the form of a very strong white powder that absorbs water and carbon dioxide from the atmosphere.
oq-206-19;Magnesium;2;What is the taste of natural magnesium sulfate hydrate?;Bitter;Sugar;Dirty;Pepper;Magnesium sulphate, highly soluble, considered a powerful laxative drug, is noted by a bitter taste.
oq-206-20;Magnesium;2;What is the magnesium content of 100 grams of seaweed?;2500 mg;500 mg;1000 mg;1500 mg;Algae are an important part of aquatic ecology and the marine environment, along with bacteria and oyster.
oq-206-21;Magnesium;3;What is the number of magnesium chloride used as a food additive?;E511;E312;E442;E227;Food additives are products that are added to human and/or animal foods to change their consistency and taste.
oq-206-22;Magnesium;3;How many enzymes in the human body is magnesium essential?;300;200;100;400;Essential for cells and enzymes, magnesium is the eleventh most abundant element in the human body.
oq-206-24;Magnesium;3;How many known isotopes can we associate with magnesium?;22;11;33;44;Isotopes are the nucleides sharing the same number of protons but having a different number of neutrons.
oq-206-25;Magnesium;3;What quantity of magnesium does an adult body normally contain?;24 g;48 g;72 g;96 g;Since the serum contains only about 0.3 % of the body's magnesium, it can not be used to diagnose magnesium deficiency.
oq-206-27;Magnesium;3;At what temperature does the magnesium vaporize?;1,200° C;1,000° C;800° C;600° C;The reduction reaction is at 1200 ° C and a vacuum at 0.1 torr: the magnesium is vaporized and is harvested with a purity of 99.99 %.
oq-206-28;Magnesium;3;What is the natural mineral form of magnesium hydroxide?;Brucite;Citral;Camphor;Nodymium;Major deposits include the so-called Chrome's Chrome Mine and the Cedar Hill Quarry.
oq-206-29;Magnesium;3;What is the magnesium content of 100 g of cashew nuts?;167 mg;67 mg;267 mg;367 mg;The kernel kernel is edible once cooked, but raw, it is toxic to humans because of urushiol.
oq-206-30;Magnesium;3;Which G.H. Partin alloy is composed of 88.5 % aluminum?;Partinium;Phynox;Kovar;Zicral;The Partinium prefixes the alloys known under the general name of Duralumin, which will be very used in aviation.
oq-207-2;Breakfast;1;Which drink do we eat almost everywhere in Europe in the morning?;Coffee;Tea;Chocolate;Bier;The Coffee can be served as it is, mixed with milk or cream, or accompanied by a small piece of chocolate (Neapolitan).
oq-207-3;Breakfast;1;What sweet breakfast usually includes a hot drink and bread?;Continental;Anglo-Saxon;Greek;Russian;May be added, especially on festive days, viennoiseries, fruit juice, yogurt, sweet cereals (muesli) or fruit.
oq-207-5;Breakfast;1;At breakfast, which sugars manage to maintain your level of performance for the day?;Slow;Simple;Fast;Fat;The morning breakfast interrupts a ten-hour meal and prepares the body for the energy costs of the morning.
oq-207-6;Breakfast;1;What breakfast is more hearty than the continental meal?;Anglo-Saxon;Russian;Norwegian;Croatian;It is composed of eggs (on the dish or scrambled), bacon, cooked tomatoes, sometimes mushrooms or potatoes.
oq-207-10;Breakfast;1;In what friendly place does breakfast get together?;Bed and breakfast;Sauna;Lift;Cinema;The table d'hôte meal has a friendly character and allows to discuss with both owners and residents around regional dishes.
oq-207-12;Breakfast;2;"What painter do we owe the famous painting titled ""The Lunch on the Grass""?";Manet;Van Gogh;Renoir;Rembrandt;Replicas of this painting will be made by Monet, Cezanne, Picasso, Jacquet, Surian, Dubossarsky and Vinogradov.
oq-207-13;Breakfast;2;What did the rich of ancient Greece eat at breakfast?;Bread and pure wine;Cereals and water;Fruits and honey;Fish and syrup;They only ate one meal a day (the evening), the very substantial lunch being considered only as a supper for dinner.
oq-207-14;Breakfast;2;In the jargon of tourism, what is the name of the continental breakfast?;Full coffee;Fast coffee;Strong coffee;Great cream;It is a succulent meal composed of a hot drink: coffee, tea or chocolate with milk for calcium and protein intake.
oq-207-15;Breakfast;2;If it is not traditional, how is breakfast in Japan considered?;Occidental;Oriental;Austral;Southern;Japanese cuisine is known worldwide through sushi and sashimi through 30,000 restaurants worldwide.
oq-207-16;Breakfast;2;What proportion of Americans skip, rightly, breakfast?;One in five;One in three;One in seven;One out of nine;Under various pretexts (lack of time), part of the population does not eat and just drinks a single drink.
oq-207-17;Breakfast;2;In 1896, what cereal was introduced at breakfast by John Harvey Kellogg?;Corn Flakes;Cheerios;Smacks;Country Crisp;This product was highly appreciated by its consumers, and in 1906, Will Keith Kellogg added cereal sugar and kellogg's milk.
oq-207-18;Breakfast;2;What kind of breakfast was voted best breakfast by 36 countries in 2010?;English;French;Italian;Switzerland;The English breakfast is known for its rich fat content which provides about a third of the daily needs of an individual.
oq-207-22;Breakfast;3;In which year did the word lunch lose its circumflex accent on the letter u?;1798;1837;1874;1903;"The term comes from the Latin word ""disjejunare"", which means to break the jeûne, ""jejunare"" corresponding to the verb jeûner."
oq-207-24;Breakfast;3;How many plates for lunch were loaded aboard the Titanic?;2,500;1,500;3,500;4,500;On his maiden voyage from Southampton to New York, the Titanic was wrecked by hitting an iceberg on April 14, 1912, at 11:40 pm.
oq-207-25;Breakfast;3;"Who made the sculpture entitled ""The Fur Lunch"", the emblem of surrealism?";Meret Oppenheim;Jane Marcet;Nelly Diener;Daisy Dussoix;Made in 1936, this sculpture was immediately bought by Alfred H. Barr and has since been preserved at the Museum of Modern Art in New York.
oq-207-26;Breakfast;3;"What composer does the piano music piece ""La Tartine de beurre"" need to be?";Mozart;Beethoven;Vivaldi;Brahms;Probably apocryphal work published in the nineteenth century, the part of the right hand is played with one finger on a waltz tempo.
oq-207-28;Breakfast;3;What propaganda operation of 1945 went through the postal mail?;"""Corn Flakes""";"""Cheerios""";"""Smacks""";"""Country Crisp""";The operation takes its name from the fact that, for its designers, the mail arrived in the morning, at the time of the breakfast.
oq-207-29;Breakfast;3;Which American company offers most of the lunch cereals sold around the world?;General Mills;Dean Foods;Heinz;Nabisco;It is the world's sixth largest food group, with a portfolio of over one hundred brands, including many leading brands.
oq-207-30;Breakfast;3;What cocktail sometimes drunk at lunch contains orange juice and champagne?;Mimosa;Bellini;Grasshopper;Daiquiri;The mimosa, served in a brunch champagne flute, was created around 1925 at the Hotel Ritz in Paris by Frank Meier.
oq-209-1;Gin;1;Gin is a spirit drink quite close to what ancestral alcohol?;Juniper;Triple dry;Chartreuse;Schnaps;Juniper is a grape spirit flavored with juniper berries typical of northern continental Europe.
oq-209-2;Gin;1;How many great varieties of gin are there in the world today?;Two;Three;Four;Five;Varieties are the highly flavored Genever (Dutch or Belgian Gin) and the slightly flavored London Dry Gin (Gin).
oq-209-4;Gin;1;Which variant of gin fizz contains liqueur de mente?;Green fizz;Old fizz;Golden fizz;Silver fizz;Ingredients should be passed through the shaker with ice-cream, except for sparkling water, pour and then fill with carbonated water.
oq-209-5;Gin;1;What does the tonic water that is poured into your gin and tonic contain?;Quinine;Sulfadoxine;Ferroquine;Nivaquine;Extracted from a shrub native to South America, quinine was once mainly used for the prevention of malaria.
oq-209-6;Gin;1;What white cocktail, much appreciated by the ladies, is composed of gin?;White Lady;Negroni;Monaco;Baltimore;With its white color and dry taste, the white lady is composed of gin, triple sec and lime juice.
oq-209-7;Gin;1;What British statesman was a gin drinker of exception?;Winston Churchill;Stanley Baldwin;Anthony Eden;Harold Wilson;"It was Winston Churchill who said: ""Gin and tonic saved the lives of more English than all the doctors of the Empire""."
oq-209-8;Gin;1;What great brand of gin remains pioneering in this regard?;Hendricks;Gordon;Bombay;Tanqueray;William Grant And Sons Ltd. is an independent Scottish family company that distills and distributes Scotch whiskey and gin.
oq-209-10;Gin;1;What type of glass is traditionally used for gin and tonic?;Tumbler;Tulip;Balloon;Flute;The tumbler is a flat-bottomed glass with a capacity of 25 cl, ideal for serving long drinks cocktails.
oq-209-13;Gin;2;Which cocktail has gin mixed with cocoa cream?;Alexander;Pink Love;Bandista;Stinger;The most common variant of Alexander (or Alexander) is Brandy Alexander, using cognac instead of gin.
oq-209-14;Gin;2;Which alcoholic beverage contains gin and apricot liqueur?;Angel Face;Black hole;Cosmopolitan;Manhattan;"In Harry Craddock's (1930) ""The Savoy Cocktail Book"", his official signature is an apple quarter."
oq-209-15;Gin;2;What great classic crested bars consists of Grand Marnier and gin?;Baltimore;Singapore sling;Negroni;Parrot;The effect of Baltimore is restrictive, characteristic of the cocktails cocktails containing liquor of oranges of Grand Marnier.
oq-209-16;Gin;2;What cocktail based on cherry liquor contains gin?;Casino;Baltimore;Vesper;Macca;This liquor is historically produced in the Zadar areas of Dalmatia, Torreglia near Padua and Friuli.
oq-209-17;Gin;2;In what variant of gin fizz do you add a yolk?;Golden fizz;Silver fizz;Green fizz;Chicken fizz;The real gin fizz consists of 4.5 cl of gin, 3 cl of lemon juice, 1 cl of cane sugar syrup and 8 cl of sparkling water.
oq-209-18;Gin;2;Which gin-based cocktail contains dry white vermouth?;Dry Martini;Angel Face;Alexander;Volcano;The cocktail should not be confused with the vermouth tag of the same name, produced by the Italian multinational Martini
oq-209-21;Gin;3;Which cocktail is considered an Americano with gin?;Negroni;White Lady;Baltimore;Mandarin;The bartender Fosco Scarelli had the idea to give him the name of his inventor to honor the count and to abbreviate his name.
oq-209-22;Gin;3;Against what disease was gin and tonic simply invented?;Malaria;Dysentery;Gale;Tuberculosis;Colonial officials ensured that they had their daily dose of quinine, the only drug effective against malaria.
oq-209-23;Gin;3;Which cocktail contains gin and grenadine syrup?;Singapore sling;Casino;Communard;Moorish;It contains 3 cl of gin, 1.5 cl of cherry liqueur, 1 cl of grenadine syrup, 0.7 5cl of cointreau and 0.75 cl of Benedictine.
oq-209-24;Gin;3;What doctor is often wrongly attributed to the invention of gin?;Franciscus Sylvius;Robert Fludd;Lars Roberg;Nicolas Lémery;Champion of theories of Descartes, he was one of the first, in his adopted country, to support the theory of the circulation of blood.
oq-209-25;Gin;3;What cocktail of connoisseurs contains gin, vodka, lillet and lemon?;Vesper;Russian white;TGV;Alexander;French people have a habit of eating Lillet on ice with a slice of orange, lemon or lime.
oq-209-26;Gin;3;In which manga is one of the main heroes nicknamed Gin?;"""Detective Conan""";"""Robotboy""";"""ThunderCats""";"""Ben 10""";Gin and Vodka were the first members to appear when they forced Shinichi Kudo to take Apotoxin 4869.
oq-209-27;Gin;3;What cocktail was created by Constante Gil at Café Madrid?;Agua de Valencia;Vesper;Casino;White Lady;Agua de Valencia is a cocktail based on cava (or champagne), orange juice, vodka and gin created in 1959 in Valencia.
oq-209-28;Gin;3;Which brandy from Slovakia is similar to the taste of pure gin?;Borovicka;Makgeolli;Arrack;Slivovitz;Exported in large quantities to the cities of Vienna and Budapest, Borovicka is a very popular alcohol in Eastern Europe.
oq-209-29;Gin;3;Which cocktail contains gin, campari and red vermouth?;Negroni;Vesper;Angel Face;Singapore sling;It is served in a glass tumbler or old fashion with ice cream, garnished with half a slice of orange or orange zest.
oq-209-30;Gin;3;What dry martini is eaten with a pickled onion?;Gibson;Classic;Tequini;Negroni;James Bond popularized a second recipe: a measure of Vodka, three measures of gin and half a measure of Lillet.
oq-211-2;PyeongChang 2018;1;What was the host city of the 2018 Olympic Winter Games?;Pyeongchang;Beijing;Nagano;Sapporo;With less than 30 inhabitants per square kilometer, Pyeongchang is relatively sparsely populated because it is located in altitude in a mountainous ar
oq-211-3;PyeongChang 2018;1;How many cities were initially nominated to host the 2018 Winter Olympics?;Three;Four;Five;Six;By the end of the application deadline, Annecy, Munich and Pyeongchang were applicants for these Olympic Games.
oq-211-5;PyeongChang 2018;1;What mobile phone standard has been put in place for the 2018 Olympic Winter Games?;5G;6G;7G;8G;From June 2016, during the Olympics, LETI is piloting the project demonstrating 5G technology for mobile telephony.
oq-211-7;PyeongChang 2018;1;Which sports minister was part of the French official delegation?;Laura Flessel;Carole Montillet;Anne Briand;Fabienne Serrat;A sword specialist, she is a five-time Olympic medalist and won both gold medals in the beginning of the women's épée.
oq-211-9;PyeongChang 2018;1;In which year was the city of Pyeongchang elected for the 2018 Olympics?;2011;2010;2009;2008;The IOC is composed of 115 members who meet at least once a year and elect a president for a period of 8 years.
oq-211-10;PyeongChang 2018;1;Who was the IOC President at the 2018 Olympic Winter Games?;Thomas Bach;Jacques Rogge;Lord Killanin;Avery Brundage;Olympic champion Thomas Bach competed in the team foil event at the 1976 Summer Olympics in Montreal.
oq-211-11;PyeongChang 2018;2;How many sports were there at the 2018 Winter Olympics?;7;6;5;4;The first sports were cross-country skiing, ice-skating, ice hockey, Nordic skiing, skiing, bobsleigh and volleyball.
oq-211-12;PyeongChang 2018;2;What was the name of the mascot of the 2018 Olympic Winter Games?;Soohorang;Roni;Fuwa;Hodori;This is the first time since the 1992 Olympic Games that the Winter Games have a unique mascot, here a white tiger.
oq-211-13;PyeongChang 2018;2;What official slogan was chosen for the 2018 Winter Olympics?;Passion Connected;Be on Top;Yellow Snow;New Generation;"The slogan, ""Passion. Connected."", was unveiled exactly 1,000 days before the Games, at a special event in Seoul."
oq-211-14;PyeongChang 2018;2;On which coastal city did the 2018 Winter Olympic Games take place?;Gangneung;Wonju;Sokcho;Donghae;Gangneung is a town in South Korea with a population of 230,000 located near the Sea of Japan in Gangwon Province.
oq-211-15;PyeongChang 2018;2;Which venue hosted the 2018 Olympic Ski Jumping Competitions?;Alpensia;Pragela;Hakuba;Igman;The opening ceremonies of the 2018 Olympic Winter Games were on schedule, but this site only hosted the competitions.
oq-211-16;PyeongChang 2018;2;Which snow park hosted freestyle skiing during the 2018 Winter Olympics?;Bokwang;Jungbong;Muju;Yongpyong;The station differs from other Gangwong resorts by the number of freestyle infrastructures (half pipe, snowparks, etc., ...).
oq-211-17;PyeongChang 2018;2;What political scandal has affected the image of the 2018 Games?;Choigate;Corrigate;Colgate;Canigate;Following the investigations, the Constitutional Court of Korea decided to confirm the dismissal of President Park Geun-Hye.
oq-211-18;PyeongChang 2018;2;How many paintings was composed of the opening ceremonies of the 2018 Olympics?;Six;Five;Seven;Eight;The common thread is represented by three boys and two girls, from Gangwon Province, in search of peace.
oq-211-19;PyeongChang 2018;2;What is the name of the national anthem of the Republic of Korea?;Aegukga;Arirang;Shy Boy;Gwiyomi song;The lyrics were written in the late nineteenth century by Yun Chi-ho, a politician, or by An Chang-ho, a pro-independence leader.
oq-211-20;PyeongChang 2018;2;Which company simultaneously flew 1 218 light drones into the sky of the 2018 Games?;Intel;Microsoft;Facebook;Toyota;Also offering a Guinness Book world record, the American manufacturer Intel has reproduced the Olympic rings.
oq-211-21;PyeongChang 2018;3;Who was the head of the 2018 Olympic Coordination Commission?;Gunilla Lindberg;Nicole Hoevertsz;Angela Ruggiero;Rita Subowo;Gunilla Lindberg, born May 6, 1947, is a Swedish sports leader, a member of the International Olympic Committee since 1996.
oq-211-22;PyeongChang 2018;3;How many countries participated in the 2018 Olympic Winter Games?;93;87;76;69;The first celebration of the Winter Games, organized every four years, took place in the French resort of Chamonix in 1924.
oq-211-23;PyeongChang 2018;3;Who created the official logo of the 2018 Olympic Winter Games?;Ha Jong-joo;Ha Hyun-woo;Lee Eun-mi;An Ji-yeong;The official logo, designed by Ha Jong-joo, incorporates two characters from Hangeul, the Korean alphabet: Pyeong P and Chang Ch.
oq-211-25;PyeongChang 2018;3;How many trees were razed to build the Jeongseon Alpine Center?;60,000;50,000;40,000;30,000;The PyeongChang organizing committee promised to replant 1,000 trees and restore the site to its original state after the Games.
oq-211-26;PyeongChang 2018;3;Who played the Olympic anthem of the 2018 Olympic Opening Ceremony?;Sumi Hwang;Sumi Jo;Dia;Lee Young-hee;This soprano singer was the first laureate of the Queen Elisabeth Music Competition in Belgium in 2014.
oq-211-27;PyeongChang 2018;3;How many torchbearers relayed the Olympic flame in 2018?;7,500;6,500;5,500;4,500;The number of torchbearers was particularly selected to take into account the total of 75 million Koreans (South and North).
oq-211-28;PyeongChang 2018;3;Which skater turned on the olympic cauldron of the 2018 Olympics?;Kim Yuna;Tara Lipinski;Kristi Yamaguchi;Carol Heiss;She was crowned Olympic champion on February 25, 2010 in Vancouver with the highest score in the history of her sport.
oq-211-29;PyeongChang 2018;3;How many athletes participated in the 2018 Olympic Winter Games?;2 952;2 487;3 422;1 944;Norway, which, after Sochi 2014, has 331 medals, including 118 in gold, ranks first among nations in the Winter Games.
oq-211-30;PyeongChang 2018;3;Which black bear was the Paralympic mascot of the 2018 Games?;Bandabi;Proteas;Aster;Vinicius;The only use of an Asian black bear as a Paralympic mascot dates back to the 1988 Seoul Olympics (Gomdoori).
oq-212-1;Golf;1;In golf, what object is used to send the ball into the hole?;Club;Racquet;Crosse;Stick;Each club is composed of a handle, a grip where the golfer will come to put his hands and a head in contact with the ball.
oq-212-2;Golf;1;In which alphabet is the word Golf associated with the letter G?;Radio;Phonetic;Semaphore;Gothic;A radio alphabet is a code used in radio, which consists of representing each letter of the alphabet by an entire word.
oq-212-3;Golf;1;Which sportsman dominated the world of men's golf in the 2000s?;Tiger Woods;Payne Stewart;Curtis Strange;Raymond Floyd;Following the scandal over his infidelities, he announced that he would retire from the professional golf circuit for an indefinite period.
oq-212-4;Golf;1;How many holes does a typical golf course have in general?;18;16;14;12;On a course of 9 holes, it is sometimes necessary to realize 9 holes in a direction (go) then in the other (return), that is a total of 18 holes.
oq-212-5;Golf;1;In golf, which piece of sand can spice the game considerably?;Bunker;Chip;Dropper;Grip;A golf course is very carefully cared for throughout the year and especially during the golf season.
oq-212-6;Golf;1;What name is given to the grass area around the golf hole?;Green;Fairway;Rough;Pre-rough;Repaired areas, bounded by blue stakes, can meet on the course without being part of it.
oq-212-7;Golf;1;Which player nicknamed The King made golf very popular?;Arnold Palmer;Jordan Spieth;Martin Kaymer;Justin Rose;He ended his career on the professional circuit at age 75 with a fiftieth consecutive participation in the Augusta Masters.
oq-212-8;Golf;1;How many standard shots are set to finish a hole in golf?;By;Birdie;Eagle;Bogey;Usually, on a course of 18 holes, the par is 72: this average is computed according to par of each hole.
oq-212-9;Golf;1;Who is the only person allowed to advise a player on the field?;Shopping Cart;Hook;Practice;Shaft;A caddy is present to allow the player to focus solely on his game by avoiding most chores.
oq-212-10;Golf;1;What is the official language of golf, set because of its origins?;English;French;Spanish;German;In the rules of golf, the French Golf Federation uses the English terms when they are used by golfers.
oq-212-11;Golf;2;What precursor of modern golf is nicknamed The Golden Bear?;Jack Nicklaus;Webb Simpson;Lucas Glover;Michael Campbell;It was the development of Jack Nicklaus' rivalry with Arnold Palmer that developed a certain interest for golf viewers.
oq-212-13;Golf;2;How many holes contained the first course of Saint Andrews?;22;26;30;34;The course had twenty-two holes at the beginning before being cut down for the construction of houses.
oq-212-14;Golf;2;What Spanish did golf know apart from its traditional countries?;Ballesteros;Casper;Coody;Aaron;Numerous times a world between 1986 and 1989, he has been one of the leading figures of the sport since the mid-1970s.
oq-212-15;Golf;2;In golf, what is the limit of a water obstacle that crosses a hole?;Yellow picket;Blue Flag;Red ball;White barrier;A route can present tree parts, bushes, but also water bodies or streams that are called water hazards.
oq-212-16;Golf;2;In golf, which anglophone term is used if you make a shot under the par?;Birdie;Eagle;Bogey;Albatross;The Birdie putt signifies that if the ball falls into the hole as a result of this putt, the player will record a birdie.
oq-212-17;Golf;2;Which golf star won the Masters and the British Open in 1990?;Nick Faldo;Larry Nelson;Tom Watson;Dustin Johnson;He won again in 1990 the title of European Tour Player of the Year, to which he adds the title of Player of the Year of the PGA Tour.
oq-212-18;Golf;2;Which of these proposals does not correspond to a name of a golf club?;Eagle;Iron;Wood;Putter;At the start of a course, a golfer must carry a maximum of fourteen clubs with him: the choice is therefore decisive.
oq-212-19;Golf;2;Which golf club can send the ball far enough with a tense trajectory?;Wood;Iron;Hybrid;Putter;The woods exist in sizes 1, 3, 5, 7 and 9, but can go up to 13.
oq-212-20;Golf;2;What effect does a golf ball have on being strongly slowed down to impact?;Backspin;Topspin;Stance;Swing;Often used during approaches to the green, a ball with backspin will fall and then go back a variable distance.
oq-212-23;Golf;3;What professional lawyer was nicknamed the Mozart of golf?;Bobby Jones;Alex Smith;Alec Ross;Chick Evans;The most accomplished amateur golfer nationally and internationally, he played only 53 tournaments and won 23.
oq-212-24;Golf;3;In which year was the first British Open pro played?;1860;1890;1920;1950;Referee tournament until the 1930s, the British Open Pro became one of the Grand Slam tournaments in the 1960s.
oq-212-25;Golf;3;How was golf called for its beginnings in the Netherlands?;Colf;Wolf;Rolf;Dolf;Because of the many exchanges between the Netherlands and Scotland, the Dutch exported this game (kolbe deed meaning concrete).
oq-212-26;Golf;3;In which city did it settle in 1627 the first manufacturer of golf clubs?;Saint Andrews;Dublin;London;Oslo;This Scottish city is located on the North Sea coast between Edinburgh and Dundee and has a population of 15,000.
oq-212-27;Golf;3;How many tourists on average come to play golf in Thailand each year?;400,000;300,000;200,000;100,000;Thailand has made golf a tourism promotion article by offering them a catalog of 280 different courses.
oq-212-28;Golf;3;Which pesticide used on golf courses has been banned in the United States?;Diazinon;Firponil;Novaluron;Spinosad;Diazinon was once used to control the invasion of cockroaches, silverfish, ants and fleas.
oq-212-29;Golf;3;How many depressions do most golf balls put on sale?;450;300;150;600;The impact of a hit ball (one millisecond) determines the speed of the ball, its angle of fire and its speed of rotation.
oq-212-30;Golf;3;What is the most popular female golf course?;LPGA;FGTB;BKCP;CGSP;In 2017, the total female golf tour was $ 67 million, up from $ 58 million in 2008.
oq-223-1;Cryptocurrencies;1;Under what other name is also known specialists cryptocurrency Peercoin?;PPCoin;RipCoin;ConnectCoin;DualCoin;Peercoin was inspired by Bitcoin and shares with him much of his source code as well as his technical implementation.
oq-223-2;Cryptocurrencies;1;In which portfolio can the Ethers be stocked?;Wallet;Basketball;Magnet;Disket;Ethereum is the second largest decentralized cryptographic currency with a capitalization of more than one hundred billion.
oq-223-3;Cryptocurrencies;1;Which cryptocurrency investor is also the creator of the site bitcoin.com?;Roger Ver;Gavin Wood;Charlie Lee;Sunny King;At the end of 2013, Roger Ver donated more than $ 1 million in bitcoins to the Foundation for Economic Education.
oq-223-4;Cryptocurrencies;1;How many crypto-currencies in the infrastructure category are there so far?;A dozen;One hundred;About fifty;A thousand;Despite their small numbers, it is these crypto-currencies that are likely to bring about the most profound changes.
oq-223-5;Cryptocurrencies;1;What does cryptocurrency bring compared to other solutions like PayPal?;Anonymity;Traceability;Identification;Fees;New European directives soon to be transposed into French law will give priority to the fight against money laundering.
oq-223-6;Cryptocurrencies;1;In which year did Bitcoin, the first cryptocurrency, come into being?;2009;2011;2013;2015;As a currency or commodity, bitcoins can be exchanged for other currencies, goods or services.
oq-223-8;Cryptocurrencies;1;In what television series created by Sam Esmail are we talking about Bitcoin?;"""Mr. Robot""";"""Breaking Bad""";"""The Affair""";"""Homeland""";"According to The Guardian in 2016, ""Mr. Robot"" is one of the most exciting series of the moment, refusing to play by the rules."
oq-223-9;Cryptocurrencies;1;On which platform can you buy up to 200 different crypto-currencies?;Bittrex;Cryptopia;Kraken;CoinHouse;Their custom trading engine has been designed to be scalable and to ensure that orders are executed in real time.
oq-223-11;Cryptocurrencies;2;Which former Google employee developed the Litecoin electronic currency?;Charlie Lee;Kevin Castner;Terri Hall;Robert Walsh;The goal of the Litecoin network is to create a block every two minutes thirty, rather than every ten minutes for Bitcoin.
oq-223-12;Cryptocurrencies;2;In which year was the Stellar open-source payment protocol founded?;2014;2012;2010;2016;The Stellar procotole is supported by a non-profit foundation, the Stellar Development Foundation.
oq-223-13;Cryptocurrencies;2;What type of cryptocurrency goes well beyond the simple means of payment?;Infrastructure;Social;Shopping;Local;True trucks, we should not call them crypto-currencies, their ambition going beyond payment.
oq-223-14;Cryptocurrencies;2;Which ultra-secure cryptocurrency exclusively targets the legal cannabis market?;PotCoin;PayCoin;ZiftrCoin;QuickCoin;In June 2017, PotCoin sponsored the trip of former NBA star Dennis Rodman, then visiting North Korea.
oq-223-16;Cryptocurrencies;2;What name is the first cryptocurrency designed for Android systems?;MangoCoinz;Burstcoin;Reddcoin;Vertcoin;MangoCoinz uses the sensors on your smartphone or tablet to convert energy to money movements.
oq-223-18;Cryptocurrencies;2;Which cryptocurrency exploits the unused disk space of a computer?;Burstcoin;Vertcoin;NameCoin;MangoCoinz;Free space is enough to check the Burstcoin blockchain transactions and receive Burst for this job.
oq-223-19;Cryptocurrencies;2;Which developer is since its beginnings at the heart of cryptocurrency Peercoin?;Sunny King;Charlie Lee;Roger Ver;Gavin Wood;Peercoin was inspired by Bitcoin and shares with him much of his source code as well as his technical implementation.
oq-223-20;Cryptocurrencies;2;Which cryptocurrency tries to encourage the production of photovoltaic electricity?;SolarCoin;Burstcoin;Vertcoin;NameCoin;The Foundation has designed SolarCoins for 40 years to generate 97 500 TWh of solar power.
oq-223-21;Cryptocurrencies;3;Which of these cryptocurrency trading platforms was created in 2017?;Binance;CoinBase;Bibox;Bittrex;On Binance, a global platform, you can trade a large number of different Alt-coins with Bitcoin or Ethereum.
oq-223-22;Cryptocurrencies;3;Which native currency is used by the Ripple payment protocol?;XRP;PRP;RIL;PPE;Launched in 2012, the Ripple network aims to enable secure global financial transactions of any size without debiting.
oq-223-23;Cryptocurrencies;3;Which computer doctor has published the Polkadot whitepaper?;Gavin Wood;Charlie Lee;Sunny King;Roger Ver;Thanks to Polkadot, different blockchains can interchange messages securely and without a trusted third party.
oq-223-24;Cryptocurrencies;3;"Which cryptocurrency has the slogan ""Unbank the banked""?";OmiseGO;PotCoin;Burstcoin;SolarCoin;OmiseGO wants total decentralization of financial flows coupled with widespread access to traditional financial tools.
oq-223-25;Cryptocurrencies;3;What kind of business cryptocurrency is often nicknamed Bitcoin 2.0?;Infrastructure;Social;Shopping;Local;Infrastructure projects aim to build real alternatives to existing financial systems.
oq-223-26;Cryptocurrencies;3;Which local cryptocurrency is intended for the inhabitants of Iceland?;AuroaCoin;NEO;PeerCoin;Litecoin;The coins were distributed free of charge to the 330,000 Icelandic citizens via a dropping on 25 March 2014 at midnight.
oq-223-27;Cryptocurrencies;3;Which of these crypto-currencies can be used for long-term investments?;NxT;Reddcoin;PeerCoin;NameCoin;Nxt was conceived as a flexible platform around which financial applications and services can be built.
oq-223-28;Cryptocurrencies;3;Which bitcoin trading platform was bought by Mark Karpeles?;Mt. Gox;CoinBase;Binance;Huobi;Its brutal collapse in February 2014 was due to hacking resulting in a loss of 744,408 bitcoins.
oq-223-30;Cryptocurrencies;3;Which Chinese cryptocurrency is similar to Ethereum?;NEO;NxT;PPCoin;XRP;Developed since 2014, NEO enables the implementation of smart contracts in many programming languages.
oq-224-1;Cacti;1;What do cacti store in their tissues to deal more effectively with drought?;Suc;Earth;Thorns;Salt;They are almost all succulent or succulent plants, that is to say xenophytes plants that store reserves of juice.
oq-224-2;Cacti;1;How many species does the Cactaceae family include?;2,500;1,500;3,500;4,500;In common parlance, the word cacti often refers to the prickly pear, a common plant on the Mediterranean coast.
oq-224-3;Cacti;1;What form of cactus is often appreciated by collectors?;Monstrous;Shrub;Climbing;Globular;The origin of the phenomenon is unknown, probably due to mutations divided into two categories: fasciation and cristation.
oq-224-5;Cacti;1;At what time of the day do cacti absorb carbon dioxide?;The night;The day;Day and night;Never;Unlike most plants, cacti have a crassulacenic acid metabolism (CAM) to fix carbon.
oq-224-8;Cacti;1;What is the most appropriate temperature for the winter break of the cactus?;7° C;12° C;17° C;22° C;During the summer, a good watering once a week is enough, although cacti can easily do without water for a long time.
oq-224-9;Cacti;1;How much light does a cactus need to flourish?;The maximum;Many;A little;None;However, after wintering, do not expose your cacti directly in direct sunlight but prefer a gradual return to light.
oq-224-10;Cacti;1;In which regions of the world do cacti grow best?;Deserts;Plains;Prairies;Mountains;Cacti are found mainly in Mexico, the United States, the Mediterranean Rim, the Sahara and Australia.
oq-224-11;Cacti;2;How many lodges does the cactus fruit berry contain?;Only one;Two;Three;Four;The fruit of the cactus must be a single bay because there are no internal partitions separating seeds or groups of seeds.
oq-224-12;Cacti;2;Which cactus was formerly used for ritual purposes by Amerindians?;Peyotl;Hylocereus;Cereus;San Pedro;This cactus contains several alkaloids including mescaline, used for its enthesogenic, psychotropic and hallucinogenic properties.
oq-224-13;Cacti;2;What does the ancient Greek word kaktos mean, where does the name cactus come from?;Thistle;Spiked;Sun;Resin;It was used as the name of the first genus of these plants by Carl von Linné, before others were separated.
oq-224-14;Cacti;2;In how many genera are distributed the 2 500 known cacti species?;90;70;50;30;Systematically, genus is a taxonomic rank that groups together a set of species that share similar characteristics.
oq-224-15;Cacti;2;Which cacti have the appearance of classic shrubs and their true leaves?;Primitives;Columns;Globular;Epiphytes;Pereskia is a kind of cactus from the tropical areas of America that has the rare characteristic of wearing visible leaves.
oq-224-16;Cacti;2;In how many morphological types can cactus be grouped?;Five;Four;Six;Seven;Primitive cactus, opunum, columnar cactus, globular cactus and epiphytic cactus with flattened stems are the five morphological types.
oq-224-19;Cacti;2;Which technique easily allows the multiplication of cacti?;Cutting;Cernage;Staking;Marcottage;Cutting consists of giving birth to a new individual from an isolated organ or organ fragment.
oq-224-20;Cacti;2;Which French car brand offers a model called Cactus?;Citroen C4;Audi Q2;Nissan Juke;Peugeot P4;The C4 Cactus is a compact sedan, initially typed crossover, presented on February 5, 2014, the birthday of André Citroën.
oq-224-21;Cacti;3;In 1753, which naturalist grouped the 22 known species of cactus?;Carl von Linné;Olof Celsius;Daniel Rolander;Erik Acharius;This Swedish naturalist, who devoted his life to living beings, laid the foundations of the modern system of binomial nomenclature.
oq-224-22;Cacti;3;How many cactus species today have medicinal and / or veterinary use?;64;94;34;4;64 % of threatened cacti are used by humans in one of these forms and 57 % (236 species) in horticulture.
oq-224-24;Cacti;3;What is the highest species of cactus known today?;Pachycereus pringlei;Harrisia fragrans;Opuntia rufida;Rhipsalis russellii;With a trunk a meter in diameter, its funnel-shaped white flowers 8 cm long appear only in adults.
oq-224-25;Cacti;3;What is the name of an abnormal growth of the top of a cactus stem?;Cristation;Resupination;Serotiny;Ostiole;Crucation is a form of plant tematology that consists of the abnormal growth of the top of a stem.
oq-224-26;Cacti;3;Which columnar cacti is known to contain mescaline?;San Pedro;Parodia;Oroya;Ferocactus;This fast-growing columnar cactus, native to the Peruvian Andes, grows between 2 000 and 3 000 m altitude.
oq-224-28;Cacti;3;Which cactus produces the pitaya, also called the dragon fruit?;Hylocereus;Peyotl;San Pedro;Cereus;The flesh of the pitaya is edible and resembles by its texture and the presence of small black peepers to that of the kiwi, with a softer taste.
oq-224-30;Cacti;3;What series of humorous comics is drawn by Philippe Bercovici?;"""Cactus Club""";"""Circus Cactus""";"""Cactus Man""";"""Red Cactus""";In a holiday club, the host Phil, G.O. Chief, is responsible for dealing with all the whims of his customers.
oq-232-1;OpenBSD;1;OpenBSD is what type of free operating system?;Unix;System V;Linux;Posix;A Unix-like operating system is an operating system that behaves in a similar way to a Unix system.
oq-232-2;OpenBSD;1;Which engineer was behind the creation of the OpenBSD system?;Theo de Raadt;Alan Cox;Linus Torvalds;Richard Stallman;It was after his exclusion from the NetBSD board that Theo de Raadt founded the OpenBSD project in 1994.
oq-232-3;OpenBSD;1;OpenBSD came from the separation of what other operating system?;NetBSD;Fedora;Debian;Solaris;NetBSD is entirely based on free software, most of the components being subject to the BSD License.
oq-232-4;OpenBSD;1;Which of these elements enhances the quality of the OpenBSD project?;Documentation;Design;Price;Flexibility;Source code freedom, quality of documentation, security and integrated cryptography are the main ingredients of OpenBSD.
oq-232-5;OpenBSD;1;What are the main focuses of the OpenBSD developers?;Security;Aesthetic;Yield;Office automation;Developers must do what is right, clean and secure, at the expense of ease, speed, or functionality.
oq-232-6;OpenBSD;1;What name was given to the mascot of the free OpenBSD project?;Puffy;Tux;Dogcow;Wilber;Puffy is used to signify the intention of designers to make an operating system particularly hard to attack.
oq-232-7;OpenBSD;1;How often does the OpenBSD team release a new version?;Six months;Three years;Two years;Five years;According to undeadly.org, the OpenBSD project suffered financial losses of around $ 20,000 a year in 2004 and 2005.
oq-232-8;OpenBSD;1;What is the group's best-known OpenBSD side project?;OpenSSH;CrossCrypt;CipherShed;Cryptoloop;OpenSSH is a set of free IT tools allowing secure communications on a computer network.
oq-232-9;OpenBSD;1;What event brings a group of OpenBSD developers together over several days?;Hackathon;Sicob;CeBIT;Museomix;The philosophy of the hackathon has its source in the ideas of the Free / Libre Open Source Software movements.
oq-232-10;OpenBSD;1;What do OpenBSD developers permanently achieve?;Audits;Conferences;Sketch;Songs;The project practices code audits which are considered to be important elements of the security of a system.
oq-232-11;OpenBSD;2;In how many CVS repositories is the OpenBSD kernel developed?;One;Two;Three;Four;Third party software is offered in binary packages or can be compiled from source using the collection of ports.
oq-232-12;OpenBSD;2;From which city is Theo de Raadt coordinating the OpenBSD project?;Calgary;Nagano;Innsbruck;Grenoble;The city of Calgary, east of the Rocky Mountains, is a well-known destination for winter sports and eco-tourism.
oq-232-13;OpenBSD;2;After the release of which version of NetBSD was the OpenBSD project created?;1.0;1.5;2.0;2.5;Theo De Raadt divested and created the OpenBSD system in 1994 from version 1.
oq-232-14;OpenBSD;2;What algorithm was added for password encryption on OpenBSD?;Blowfish;Camellia;Skipjack;Square;Designed by Bruce Schneier, Blowfish uses a block size of 64 bits and the variable length key can range from 32 to 448 bits.
oq-232-15;OpenBSD;2;How is C code converted to the classic pre-ANSI format for OpenBSD programmers?;ANSI;TSE;JSA;CSTB;This should not imply changes in functionality and is only done for readability and consistency.
oq-232-16;OpenBSD;2;What term denotes new software created from existing software?;Fork;Commit;Trunk;Merge;A fork can be beneficial for a given project when its current governance leads, for example, to an impasse.
oq-232-17;OpenBSD;2;Which company injected significant cash to support OpenSSH?;Microsoft;Apple;Facebook;Twitter;In 2016, Microsoft Corporation revenue was $ 89.95 billion with 120,000 employees in 107 countries.
oq-232-18;OpenBSD;2;For whom is the OpenBSD system especially interesting?;Developers;Users;Commercial;Internet users;Many users are unfamiliar with OpenBSD and are turning to more popular systems like Linux or FreeBSD.
oq-232-19;OpenBSD;2;Which OpenBSD firewall is now used on Mac OS X?;Packet Filter;Firestarter;Comodo;ClearOS;A free PF port has been realized for Windows 2000 and XP operating systems by the Core FORCE community.
oq-232-20;OpenBSD;2;Which secure programming interface (API) is often associated with strlcat?;Strlcpy;Sudo;Wget;Chmod;A programming interface is a clearly defined facade by which software offers services to other software.
oq-232-21;OpenBSD;3;Under OpenBSD, what caging technique known to admins allows privilege management?;Chroot;Bash;Grep;Rlogin;Privilege separation is a pioneering technique on OpenBSD, inspired by the principle of least privilege.
oq-232-22;OpenBSD;3;What own open source license is used by OpenBSD?;ISC;LPPL;SPDX;CeCILL;This own license led to a comprehensive audit of licenses and replacements, or even deletions of licensed codes.
oq-232-23;OpenBSD;3;What does the mascot regularly used by the OpenBSD project represent?;Diodon;Sperm whale;Wildebeest;Hat;These species are often called hedgehog fish, porcupine fish or sea hedgehog.
oq-232-24;OpenBSD;3;With which company did Theo de Raadt release OpenBSD 2.3?;Secure Networks inc.;Cisco;Sysdream;Corail Systems;SNI was a local security software company that developed a network security audit tool called Ballista.
oq-232-25;OpenBSD;3;Who discovered a flaw in the OpenSSH code in 2002?;Mark Dow;Joel Knight;Chris Cappuccio;Steven Mestdagh;It was the first vulnerability discovered in the default installation of OpenBSD allowing access to the superuser account.
oq-232-27;OpenBSD;3;What memory protection technique is implemented in the OpenBSD code?;ProPolice;LinShare;ClamWin;PhotoRec;The Stack-Smashing Protector protection was originally written, and is still maintained, by Hiroaki Etoh of the company IBM.
oq-232-28;OpenBSD;3;How many hardware platforms has OpenBSD run on?;32;22;12;42;OpenBSD can also run programs compiled for Linux (on i386 processors only).
oq-232-29;OpenBSD;3;Which OpenBSD group project can replace sendmail?;OpenSMTPD;OpenNTPD;OpenBGPD;OpenCVS;Development of OpenSMTPD began in late 2008. It first appeared in OpenBSD 4.6.
oq-232-30;OpenBSD;3;Which heavily modified version of Apache is integrated with OpenBSD?;1.3;2.3;3.3;4.3;Maintained within the Apache foundation, distributed under the Apache license, this HTTP server is the most popular on the web.
oq-236-1;Disco hits;1;Which Village People hit is a reference to a youth movement?;"""Y.M.C.A.""";"""In the Navy""";"""Go West""";"""Macho Man""";In gay culture, the song has been understood to celebrate the reputation of the YMCA as a place for cruising.
oq-236-3;Disco hits;1;What disco tube was originally written for Stacy Lattisaw?;"""Ring My Bell""";"""Shadow Dancing""";"""Viva America""";"""Copacabana""";"The song ""Ring My Bell"" is characterized by the sound of a chime and the Synare electronic drums playing in a high tone."
oq-236-4;Disco hits;1;What title represents the first international success of the Boney M. group?;"""Daddy Cool""";"""Sunny""";"""Ma Baker""";"""Rasputin""";Boney M. was a Jamaican-West Indian disco-pop vocal group created and directed by German producer Frank Farian.
oq-236-6;Disco hits;1;What Gibson Brothers title earned them fourteen gold records?;"""Cuba""";"""Mariana""";"""Que Sera Mi Vida""";"""Oooh What a Life""";It was in 1976 that the Gibson brothers (Chris, Patrick and Alex), originally from Martinique, formed the Gibson Brothers group.
oq-236-7;Disco hits;1;Which Gloria Gaynor's disco hit is a symbol of women's emancipation?;"""I Will Survive""";"""Be Mine""";"""Love Affair""";"""Set Me Free""";This disco tube also became the anthem of the French football team during its victory at the 1998 World Cup.
oq-236-8;Disco hits;1;"To which group do we owe the global tube ""Last Night a D.J. Saved My Life""?";Indeep;Inner Life;Heatwave;Hot Chocolate;"In 2001, the Black Eyed Peas took over this title which they sampled and remixed in the song ""Request Line"" on the album ""Bridging The Gap""."
oq-236-9;Disco hits;1;Which disco-funk song from Lipps Inc. was released in 1980?;"""Funkytown""";"""Designer Music""";"""Power""";"""Hold Me Down""";This is the main success of the group, which has reached the top of international charts and certified platinum record.
oq-236-10;Disco hits;1;What is the best-selling single disco of the Atlantic label?;"""Le Freak""";"""Sweet dynamite""";"""Dancin'""";"""Ten Percent""";"The Chic group composed this song, originally ""Fuck off"", after being kicked out of Studio 54."
oq-236-11;Disco hits;2;What title of Alain Chamfort pays tribute to the navigator Alain Colas?;"""Manureva""";"""Géant""";"""Bambou""";"""Paradis""";"When it was released, ""Manureva"" met with enormous commercial success, managing to rank second in the charts."
oq-236-12;Disco hits;2;Which Diana Ross hit was written by the members of the Chic group?;"""Upside Down""";"""Remember Me""";"""Surrender""";"""Love Child""";It has been sampled by Salt-n-Pepa, Kid Rock, Missy Elliott, Destiny's Child, Alcazar, Puff Daddy, Risquee, Collette and MC Lyte.
oq-236-13;Disco hits;2;"Which artist is known for his title ""Rock Your Baby"" released in 1974?";George McCrae;Edwin Starr;Marvin Gaye;Bobby Byrd;"According to John Lennon himself, ""Rock Your Baby"" is an inspiration for his song ""Whatever Gets You Thru the Night""."
oq-236-14;Disco hits;2;What is the most famous song of the Hot Chocolate group?;"""You Sexy Thing""";"""Cheri Babe""";"""Man to Man""";"""Love is Life""";The song is distinguished by its six-note riff that repeats intermittently, played on an electric guitar.
oq-236-15;Disco hits;2;Which Loleatta Holloway hit was taken from the album of the same name?;"""Love Sensation""";"""Strong Enough""";"""I Survived""";"""So Sweet""";Written and produced by Dan Hartman, this song reached the top of the Hot Dance Club Play charts in September 1980.
oq-236-16;Disco hits;2;Which disco group owes its name to the capital of Canada?;Ottawan;Toronto;Montreal;Vancouver;"The duo Jean Kluger / Daniel Vangarde, who composed songs for Gibson Brothers, among other things wrote them the hit ""D.I.S.C.O.""."
oq-236-17;Disco hits;2;Who wonders if he is sexy in a disco tube released in 1978?;Rod Stewart;Walter Murphy;Martin Stevens;Jimmy Somerville;After being convicted of plagiarism against Jorge Ben, Rod Stewart agreed to pay the royalties for this disc to Unicef.
oq-236-18;Disco hits;2;"Who recorded ""You Make Me Feel"", later taken over by Jimmy Somerville?";Sylvester;Randy Jones;Dan Hartman;Bobby Farrell;Sylvetser is positive, and engages in prevention and will continue to record albums intended for the nightclub tracks.
oq-236-19;Disco hits;2;"Which Trammps title is included in the film ""Saturday Night's Fever""?";"""Disco Inferno""";"""Starvin'""";"""Body Contact""";"""Slipping Out""";"Cyndi Lauper made a cover of this song in the soundtrack of the film ""A night at the Roxbury"" and Tina Turner in that of ""Tina""."
oq-236-20;Disco hits;2;"Which singer is best known for the title ""I Love to Love""?";Tina Charles;Sharon Redd;Roberta Kelly;Madleen Kane;"The collaboration with Biddu continued with the next album and another hit song, ""Dance Little Lady Dance""."
oq-236-21;Disco hits;3;"Who won a Grammy thanks to ""Don't Leave Me This Way""?";Thelma Houston;Kiki Dee;Diana Ross;Shanice Wilson;"The tube was adapted in French by Sylvie Vartan under the title ""Ne pars pas comme ca"" (2LP ""Live au Palais des congres"", 1977)."
oq-236-22;Disco hits;3;What was the first great success of the American singer and bass player Dan Hartman?;"""Instant Replay""";"""Second Nature""";"""White Boy""";"""Images""";"Dan Hartman is known for his titles ""Free Ride"", ""I Can Dream About You"", ""Instant Replay"", ""Love Sensation"" and ""Relight My Fire""."
oq-236-23;Disco hits;3;"Which Quebec singer was successful with ""Come To Me""?";France Joli;Tabitha Lemaire;Fanny Bloom;Chantal Renaud;Discovered by Tony Green, France Joli is one of the many artists of the Prelude label who has accumulated disco hits.
oq-236-24;Disco hits;3;"Who produced George Benson's ""Give Me the Night"" album?";Quincy Jones;Don Costa;Buddy Greco;Edgar Sampson;The album is often described as one of the tops of the more commercial albums of the guitarist who mixes genres.
oq-236-25;Disco hits;3;Which Gino Soccio album has become and remains a disco classic?;"""Outline""";"""Remember""";"""Face To Face""";"""Closer""";Gino Soccio remains the only disco artist to have three singles from his first albums in the best musical rankings.
oq-236-26;Disco hits;3;"Under what name did Isabelle Morizet release ""Sing to me Mama""?";Karen Cheryl;Sheila;Amanda Lear;Anita Ward;"Karen Cheryl participated as a chorister in a song from Liane Foly's album, released in 2001, ""Entre Nous""."
oq-236-27;Disco hits;3;"Which Whitney Houston producer released ""Let's All Chant""?";Michael Zager;Nile Rodgers;Patrick Cowley;Bobby Orlando;Although it is a disco title, this 1978 title contains passages played on clarinet, harpsichord and trumpet.
oq-236-28;Disco hits;3;"In which country did ""Born to be Alive"" first succeed?";Italy;Switzerland;Germany;Spain;With 56 gold records obtained in 25 countries, Patrick Hernandez reports that the single earns him between 800 and 1,500 euros per day.
oq-236-29;Disco hits;3;"In which album did the title ""Where are the women?"" by Patrick Juvet appear?";"""Paris by night""";"""Chrysalide""";"""I Love America""";"""Lady night""";This disco sound track marks a new collaboration between Patrick Juvet (composer) and Jean-Michel Jarre (lyricist).
oq-236-30;Disco hits;3;Which Van McCoy disco song did he write in just a few hours?;"""The Hustle""";"""Cupid""";"""Car Wash""";"""Disco Duck""";The title sold ten million copies and received the Grammy Award for best pop instrumental track in 1976.
oq-237-1;Bees and hives;1;What is a person who raises honey bees called?;Beekeeper;Oyster farmer;Poultry farmer;Raniculteur;Practiced on all continents, this activity differs according to bee varieties, climate and economic development.
oq-237-4;Bees and hives;1;What do bees do flying from flower to flower in search of food?;They are foraging;They ruminate;They skate;They draw;The bee harvests in nature nectar, propolis, honeydew and pollen.
oq-237-5;Bees and hives;1;What important phenomenon does the bee provide by foraging?;Pollination;Germination;Sporulation;Introgression;Plants contribute to the diet of pollinators by providing them with excess pollen or nectar.
oq-237-6;Bees and hives;1;Which of these is not a bee product?;Butter;Honey;Wax;Jelly;These products are stored in galleries for solitary species, complex assemblies for social species.
oq-237-7;Bees and hives;1;Who is the only fertile female individual in a bee colony?;Queen;Worker;Wasp;Hornet;The queen, with a more elongated abdomen, is usually the mother of most, if not all, bees in the hive.
oq-237-8;Bees and hives;1;Which honey bee is the product of the hatching of an unfertilized egg?;False drone;Stick insect;Tick;Beetle;Unlike the female worker bee, the drone has no stinger and does not harvest nectar or pollen.
oq-237-9;Bees and hives;1;What little bee delighted children on television in the 1980s?;Maya;Heidi;Tao Tao;Zigby;Maya discovers the world in the company of her friends Willy the bee, Flip the grasshopper, Max the earthworm and Alexander the mouse.
oq-237-10;Bees and hives;1;How many species of bees are listed so far on the planet?;20,000;15,000;10,000;5,000;Bees can be classified according to their way of life: domestic, wild, solitary or social bees.
oq-237-11;Bees and hives;2;What name is given to a group of bees living in society?;Colony;Ecotype;Niche;Guild;In biology, a colony is a group of living organisms of the same species gathered together according to a particular way of life.
oq-237-12;Bees and hives;2;Which bee species is probably the best known in Europe?;Apis mellifera;Apis cerana;Apis florea;Apis dorsata;Semi-domestic, the genus name Apis is the Latin term for bee, and mellifera means that gives honey.
oq-237-13;Bees and hives;2;What is the average lifespan of a bee during the summer months?;One month;Two months;Three months;Four months;Feeding on the nectar of flowers, a bee can live up to ten months in winter and only one month in summer.
oq-237-14;Bees and hives;2;What expression denotes a species of bee living in a colony?;Social bee;Parasitic bee;Lonely bee;Honey bee;Other species are parasitic bees or cuckoo bees who practice cleptoparasitism.
oq-237-15;Bees and hives;2;What is the larva of a future queen bee exclusively fed on?;Royal jelly;Insects;Salt;Sediments;Royal jelly is the secretion product of worker bees, between the fifth and fourteenth day of their existence.
oq-237-17;Bees and hives;2;Which bee is the big beekeeping favorite in Europe?;Black bee;Red bee;Blue bee;White bee;Its original range stretched from western Russia to northern Europe and possibly the Iberian Peninsula.
oq-237-18;Bees and hives;2;What happens when a bee uses its notched sting to sting?;She dies;She sleeps;It swells;She drinks;The sting involves part of the internal organs of the bee, including its venom sac, which is almost always fatal to the bee.
oq-237-20;Bees and hives;2;What animated film tells the life of a freshly graduated bee?;"""Bee Movie""";"""Rosa""";"""Happy Feet""";"""Le Lorax""";This animated film in computer graphics released in 2007 was written and produced by Jerry Seinfeld for DreamWorks SKG.
oq-237-22;Bees and hives;3;How many castes does a bee colony consist of?;Three;Four;Five;Six;The queen, the only fertile female in the group, a majority of workers and males (or drones) who fertilize future queens.
oq-237-23;Bees and hives;3;Which bees use galleries dug in the wood?;Xylicoles;Rubicoles;Horticultural;Wineries;A xylophagus is a living organism whose diet consists mainly of sapwood, but also of perfect wood.
oq-237-24;Bees and hives;3;How many eggs can the queen bee lay approximately in a year?;400,000;300,000;200,000;100,000;When its spermatheca begins to empty, it can no longer lay workers' eggs and its distribution of pheromones changes.
oq-237-26;Bees and hives;3;In which maternity of the hive develop the future bees?;Couvain;Beaker;Dormitory;Levant;It is generally located in the center of the hive and is surrounded by honeycombs and pollen (bee bread) to feed it.
oq-237-28;Bees and hives;3;What is the practice of treating with bee products?;Apitherapy;Oligotherapy;Phytotherapy;Ayurveda;Apitherapy suggests using the supposed properties of honey, propolis, bee venom, royal jelly and pollen.
oq-237-29;Bees and hives;3;What shock can a bee sting sometimes cause on humans?;Anaphylactic;Perforin;Antigen;Macrophage;It is a manifestation of immediate hypersensitivity due to the release of vasoactive mediators in a sensitized subject.
oq-237-30;Bees and hives;3;What have replaced Napoleon Bonaparte's imperial bees?;Lily flower;Myosotis;Blueberry;Clover;The golden fleur-de-lis on the azure field became the arms of France and the specific emblem of the kings of France.
oq-238-1;Britney Spears;1;What year was Britney Spears born in Mississippi?;1981;1984;1978;1987;Britney Spears' parents are Lynne Irene Bridges, former school teacher, and James Parnell Spears, real estate agent.
oq-238-2;Britney Spears;1;How many diamond discs did Britney Spears have in assets at the start of 2020?;Two;One;Three;Four;She is the artist holding the most diamond discs in the United States, tied with Michael Jackson, Madonna and Celine Dion.
oq-238-3;Britney Spears;1;What style is Britney Spears credited with influencing the renaissance?;Teen pop;Noise pop;J-pop;Europop;"The release of his fourth studio album in 2003, ""In the Zone"", was a worldwide success thanks to his second single, ""Toxic""."
oq-238-4;Britney Spears;1;"How is Britney Spears dressed in the clip ""... Baby One More Time""?";In school;In cosmonaut;As a lioness;Police;To promote her single, she toured shopping malls in most major cities in the United States.
oq-238-5;Britney Spears;1;"Who did Britney Spears write ""Heart-to-Heart"", her first book?";His mother;His sister;His brother;His father;"She will publish this book after her first world tour, ""Oops! ... I Did It Again World Tour"", which raised $ 45 million."
oq-238-6;Britney Spears;1;On which hook Britney Spears was one of the jurors?;"""The X-Factor""";"""American Idol""";"""The Simple Life""";"""Celebrity Boxing""";In May 2012, Britney Spears became a juror for the second season of TV hooks, winning a $ 15 million contract.
oq-238-7;Britney Spears;1;With which of her spouses did Britney Spears appear in her own reality TV?;Kevin Federline;David Lucado;Jason Trawick;Charlie Ebersol;"The program ""Britney and Kevin: Chaotic"", broadcast from May 17, 2005 to June 14, 2005, received mainly negative reactions."
oq-238-8;Britney Spears;1;Which Britney Spears title won the Grammy for best dance song in 2004?;"""Toxic""";"""Soda Pop""";"""Stronger""";"""Lucky""";"Britney Spears has performed ""Toxic"" in a number of live appearances, including the NRJ Music Awards in 2004."
oq-238-10;Britney Spears;1;"With whom did Britney Spears sing a duet ""Me Against the Music""?";Madonna;Jennifer Lopez;Christina Aguilera;Dido;At the end of the clip, Britney Spears and Madonna meet nose-to-nose and Madonna disappears before Britney gives her a kiss.
oq-238-11;Britney Spears;2;What sister of Britney Spears began her career as an actress?;Jamie Lynn;Emma Jean;Tony Finn;Sarah Jane;In 2007, Jamie Lynn found herself at the center of a scandal when she announced her pregnancy, at only sixteen years old.
oq-238-12;Britney Spears;2;In 1998, which label did the first Britney Spears contract?;Jive Records;Apple Records;Virgin Records;Hansa Records;She then left for the Cheiron Studios located in Stockholm where half of the album was recorded between March and November 1998.
oq-238-13;Britney Spears;2;What title from her second album was written by Britney Spears herself?;"""Dear Diary""";"""Lucky""";"""Stronger""";"""What U See""";"Produced by Max Martin and Rami, ""Oops!... I Did It Again"" has sold 19 million copies worldwide."
oq-238-14;Britney Spears;2;"Which artist wrote the title ""I'm Not a Girl, Not Yet a Woman"" for Britney Spears?";Dido;Sam Brown;Pixie Lott;Ellie Goulding;"Excerpt from ""Britney"", the title is also part of the soundtrack for ""Crossroads"", which marks the debut at the singer's cinema."
oq-238-15;Britney Spears;2;What is the only film in which Britney Spears has a leading role?;"""Crossroads""";"""Blood Out""";"""Carjacked""";"""Roxxy""";When it was released, the film was criticized for qualifying it as a turnip and met with moderate success at the world box office.
oq-238-16;Britney Spears;2;What title was performed at the opening of the 2007 MTV Video Music Awards?;"""Gimme More""";"""Break the Ice""";"""Radar""";"""Piece of Me""";This appearance was catastrophic for many critics, accusing it of poor choreography and poorly mastered playback.
oq-238-17;Britney Spears;2;Which album was released on the 27th birthday of singer Britney Spears?;"""Circus""";"""Blackout""";"""Britney""";"""In the Zone""";"With ""Circus"", Britney Spears becomes the youngest female artist to have five albums, starting at the top of the rankings."
oq-238-18;Britney Spears;2;"What song did Britney Spears record for the ""Smurfs 2"" soundtrack?";"""Ooh La La""";"""Sometimes""";"""Perfume""";"""Slumber Party""";Britney Spears' sons Sean Preston and Jayden James Federline appear in the video as does the singer's niece.
oq-238-19;Britney Spears;2;In what year was Britney Spears the highest-paid musician of the year?;2012;2014;2016;2010;With a profit of $ 58 million, the last time Britney Spears was at the top of this list was in 2002.
oq-238-20;Britney Spears;2;"What clip of Britney Spears from her album ""Blackout"" is a Japanese anime?";"""Break the Ice""";"""Freakshow""";"""Hot as Ice""";"""Perfect Lover""";"The video directed by Robert Hales is based on a superhero character taking on the features of Britney in his clip ""Toxic""."
oq-238-21;Britney Spears;3;In which Broadway theater play did Britney Spears perform just ten years?;"""Ruthless!""";"""The Ferryman""";"""Saint Joan""";"""Torch Song""";Very young, driven by her mother, Britney Spears spent her summers in New York to take dance and comedy lessons.
oq-238-22;Britney Spears;3;What group did Britney Spears form with Nikki DeLoach?;Innosense;Lunik;Detonation;Nemless;Britney Spears then retired from the group because she preferred to embark on a solo career. She was replaced by Veronica Finn.
oq-238-23;Britney Spears;3;"Which duo produced the very rhythm and blues sound of Britney Spears' ""I'm a Slave for You""?";The Neptunes;House of Pain;The Spooks;OutKast;The clip of the song is provocative and sensual, the singer mimicking an orgasm.
oq-238-24;Britney Spears;3;Which album did Britney Spears collaborate with Moby and R. Kelly?;"""In the Zone""";"""Circus""";"""Blackout""";"""Britney""";The album and its video clips are widely regarded by critics as the end of her transition from the teenage pop star.
oq-238-25;Britney Spears;3;What clip did Britney try for the first time in directing?;"""Do Somethin""";"""Gimme More""";"""Lucky""";"""Stronger""";Louis Vuitton had the clip prohibited, believing that his canvas undermined the economic value of his brands.
oq-238-26;Britney Spears;3;What cover of Suzanne Vega Britney Spears did she do with Giorgio Moroder?;"""Tom's Diner""";"""Luka""";"""In the Eye""";"""Calypso""";"For his album ""Déjà Vu"", the composer had the song interpreted by Britney in a version closer to the DNA remix."
oq-238-27;Britney Spears;3;In which Ryan Murphy series does Britney Spears appear as a guest star?;"""Glee""";"""Bones""";"""Damages""";"""Charmed""";"Several titles will be included: ""Baby One More Time"", ""Stronger"", ""I'm a Slave for You"", ""Toxic"" and ""Me Against the Music""."
oq-238-28;Britney Spears;3;Which Britney Spears restaurant opened on June 27, 2002 in New York?;Nyla;Lola;Bella;Nuna;Offering culinary specialties from Italy and its region, Louisiana, it will close in November for lack of profitability.
oq-238-29;Britney Spears;3;With whom does Britney Spears sell perfumes in her name?;Elizabeth Arden;Cynthia Carroll;Clara Furse;Anita Roddick;A wise businesswoman, the Lady in Pink was one of the first to develop a complete offer for an upscale clientele.
oq-238-30;Britney Spears;3;Which iPhone and iPod touch app did Britney Spears launch in 2009?;"""It's Britney""";"""Intimate""";"""Fantasy Twist""";"""Dance Beat""";We find on this one the news of the singer and her latest messages on the social networks Facebook and Twitter.
oq-239-1;Instagram;1;Instagram allows you to share photos but also what other media?;Videos;Recipes;Files;Music;These photos and videos will then be available on mobile platforms such as iOS, Android and Windows Phone.
oq-239-2;Instagram;1;What Instagram filter can give a faded look to your photo?;Rise;Earlybird;Valencia;Nashville;The Rise filter is the combination of a reddish color balance and a desaturation that cause this sensation.
oq-239-4;Instagram;1;What internal messaging allows you to chat with Instagram members?;Instagram direct;SnapChat;Messenger;Skype;Instagram direct service quickly gained popularity, named by Apple as app of the year in 2011.
oq-239-5;Instagram;1;What Instagram filter allows a slight vignetting effect?;Mayfair;X-Pro;Valencia;Rise;After applying the Mayfair filter, your photo will be slightly desaturated and will generally turn yellow.
oq-239-6;Instagram;1;What functionality of Instagram is similar to that of Snapchat?;Instagram Stories;Instagram PickUp;Instagram BlueSky;Instagram Yellow;Instagram Stories allows users to share moments from their daily lives without overloading their page.
oq-239-8;Instagram;1;Which Instagram filter adds a 1970s effect to your photos?;Nashville;Rise;Earlybird;Valencia;Thanks to the Nashville filter, you will get a very marked aged effect on Instagram with yellow tones and a film outline.
oq-239-9;Instagram;1;What clickable link can we now apply to a photo on Instagram?;Hashtags-stickers;Shortcuts;Labels;Gif Anims;Other users can click on this hashtag to directly access all the photos that contain this hashtag.
oq-239-10;Instagram;1;What Instagram filter brings a romantic side to your photos?;Valencia;Hefe;Nashville;Mayfair;On Instagram, Valencia plays on global desaturation, the final rendering tending towards yellow and red.
oq-239-11;Instagram;2;Which American co-founded and launched the Instagram application?;Kevin Systrom;Bill Zeller;Bruce Horn;Fred Fish;Acquired by Facebook, Instagram remains the most popular free photo sharing app in the world today.
oq-239-13;Instagram;2;In what year did Facebook buy Instagram for an extraordinary amount?;2012;2014;2016;2010;The amount of one billion US dollars deposited by Facebook raised fears of the bursting of a speculative internet bubble.
oq-239-14;Instagram;2;Which Instagram video application can be used for time-lapse?;Hyperlapse;Layout;Boomerang;Bolt;The Hyperlapse application allows you to create accelerated video content from snapshots taken at regular intervals.
oq-239-16;Instagram;2;Which Instagram authoring tool generates short, rewound videos?;Boomerang;Layout;Hyperlapse;Bolt;The application allows you to capture ten photos and then assemble them and transform them into a short video.
oq-239-18;Instagram;2;Which Instagram policy is often considered disproportionate by its users?;Censorship;Marketing;Confidentiality;Commercial;In April 2018, the Instagram account of the painter Laina Hadengue, having posted a woman with a naked breast, was deleted without notice.
oq-239-19;Instagram;2;How long did it take to reach the hundred million users on Instagram?;Three years;Four years;Five years;Six years;After the takeover by Facebook in 2012, it increased exponentially by one hundred million or even two hundred million per year.
oq-239-20;Instagram;2;What Instagram mode allows you to play your videos backwards?;Rewind;Rise;Earlybird;Valencia;You can publish these videos backwards in your story and add effects to your face (filters) if you wish.
oq-239-21;Instagram;3;"How many Likes ""Like"" are awarded each day on Instagram on average?";4 billion;3 billion;2 billion;5 billion;"Since Instagram was acquired by Facebook, the number of ""Likes"" has increased exponentially."
oq-239-22;Instagram;3;Who was the most followed personality on the Instagram network in 2017?;Selena Gomez;Beyoncé;Leonardo DiCaprio;Neymar;132 million subscribers followed the singer's numerous posts daily, or more than a quarter of Instagram users.
oq-239-23;Instagram;3;Which Instagram application allows you to make photo collages?;Layout;Hyperlapse;Bolt;Boomerang;The application offers different photo-collage templates that the user can customize in its heights and widths.
oq-239-24;Instagram;3;Which of these propositions does not designate an active filter on Instagram?;Prospect;Moon;Gingham;Clarendon;One of the driving forces behind the Instagram app's success is the filters that allow users to edit their photos.
oq-239-25;Instagram;3;Which ad campaign management tool is now integrated into Instagram?;Power Editor;Advisor;Add Generator;Campainor;Advertising is an important issue for Instagram and even more for Facebook, the owner of the network.
oq-239-26;Instagram;3;Who do we often compare on Instagram to supermodels of the 1990s?;Instagirls;Instamodels;Instabombs;Instaplaymates;These female personalities linked to fashion or modeling use Instagram extensively for self-promotion.
oq-239-28;Instagram;3;What was the first application created by Instagram after its launch?;Bolt;Boomerang;Layout;Hyperlapse;This messaging allows you to send your contacts images and videos that will be deleted after they are read.
oq-239-29;Instagram;3;How many advertisers did the Instagram app count in 2016?;200,000;150,000;100,000;50,000;The Instagram application is offered free of charge to users, the profits coming from advertisers' advertising contracts.
oq-241-1;The Alien saga;1;"In what year did ""Alien, the eighth passenger"" go to theaters in Belgium?";1979;1974;1984;1989;"The success of the film spawned a franchise, including three direct sequel belonging to the ""Alien"" saga and its heroine Ellen Ripley."
oq-241-2;The Alien saga;1;"What is the name of the android traveling aboard the Betty in ""Alien, the resurrection""?";Call;Bishop;Fiorina;Karl;Originally, it was Angelina Jolie who was to play the role of the Android Annalee Call, a curious young recruit on board the Betty.
oq-241-3;The Alien saga;1;"What is the type of spacecraft from the film ""Alien, the eighth passenger""?";Commercial;Experimental;Tourist;Scientist;In 2122, the interstellar freighter Nostromo, returning to Earth at the end of its refinery mission, received an audible signal.
oq-241-4;The Alien saga;1;Which parasite generates embryos in the throats of humans?;Facehugger;Facebunker;Faceleader;Facepower;This very fast moving face hugger is also able to run and jump long distances.
oq-241-5;The Alien saga;1;"How did Ripley die in the film ""Alien 3"" directed by David Fincher?";Suicide;Murder;Drowning;Electrocution;If in the 1992 edition, the alien Queen leaves Ripley's body when she commits suicide, it is not the case in the long version.
oq-241-7;The Alien saga;1;What pet do the members of the Nostromo have?;Cat;Duck;Dog;Rat;Helped by the crew, the Jones cat will have the heavy task of trying to survive among the aliens present in its spacecraft.
oq-241-9;The Alien saga;1;"In which category did the film ""Alien 3"" win an MPSE Awards?";Sound editing;Special effects;Realization;Music;The names of active members generally appear in the credits of films with the post-nominal letters MPSE.
oq-241-10;The Alien saga;1;"Which actress performs with panache Ellen Ripley in the ""Alien"" saga?";Sigourney Weaver;Cameron Diaz;Jodie Foster;Michelle Pfeiffer;"In 1985, she married Jim Simpson, a theater director who offered her a role in 1986 in ""The Merchant of Venice""."
oq-241-11;The Alien saga;2;"In ""Alien"", which company sends colonists to planets in order to terraform them?";Weyland;Harleys;Sulaco;Benedict;Its expertise: laboratories, industry, terraforming, colonization of planets, mineral refining and freight transport.
oq-241-12;The Alien saga;2;"How did Newt die in the 1992 film ""Alien 3""?";Drowning;Electrocution;Strangulation;Suicide;During the crash of the USS Sulaco, Hicks impaled himself on a safety cylinder and Newt drowned in his cryotube.
oq-241-14;The Alien saga;2;"What is the scientific officer's name in ""Alien, the eighth passenger""?";Ash;K;John;Pace;The whitish liquid which escapes from his body after a blow of fire extinguisher on the head reveals then that Ash is an android.
oq-241-15;The Alien saga;2;What is the very specific characteristic of the blood of the alien xenomorph?;Acid;Green;Phosphorescent;Blue;Xenomorph blood is a powerful molecular acid that is able to gnaw at even the most robust metal.
oq-241-16;The Alien saga;2;"What is the name of the spaceship used in ""Alien, the eighth passenger""?";Nostromo;Nostrado;Nostradamus;Nobuco;"""Nostromo"" is also the name of a novel by Joseph Conrad, published in 1904, as well as a TV series produced by Alastair Reid."
oq-241-17;The Alien saga;2;What profession did Ripley exercise before meeting the aliens?;Pilot;Mechanic;Scientist;Archaeologist;Ellen Ripley is played by American actress Sigourney Weaver, and appears in four films and several video games.
oq-241-18;The Alien saga;2;"In 1980, ""Alien, the eighth passenger"" received the Hugo prize for the best...";Movie;Scenario;Secondary role;Costume;The winners are elected by fan members of the World Science Fiction Society and receive a rocket-shaped trophy.
oq-241-19;The Alien saga;2;"What year was the film ""Prometheus"", produced and directed by Ridley Scott?";2012;2010;2014;2008;"This film was originally scheduled as a direct prequel to Ridley Scott's second feature, ""Alien, the eighth passenger""."
oq-241-20;The Alien saga;2;"What was the name of the on-board computer for the film ""Alien, the eighth passenger""?";Mom;Dad;Anna;Thelma;The on-board computer (called Mom) interrupted the Nostromo's journey and woke up the crew kept in biostasis.
oq-241-21;The Alien saga;3;"Why is the Sulaco's on-board computer ejecting Ripley's capsule from ""Alien""?";Fire;Flood;Rebellion;Engine failure;Devoured by the flames, the Sulaco's on-board computer evacuated the four cryotubes by EEV (Emergency Escape Vehicle).
oq-241-23;The Alien saga;3;In the cinema, for what crime is Dr Clemens serving a sentence on Forina 161?;Murder;Rape;Sequestration;Robbery;For the French dubbing of Clemens in the long version, Patrick Osmond had to replace Daniel Sarky, who died in 1999.
oq-241-24;The Alien saga;3;On what planet does Ripley land and discover the Aliens?;LV-426;LV-532;LV-712;LV-544;LV-426 is the planet where the Nostromo crew discovers a vessel of an unknown species and where one of the members is infected.
oq-241-25;The Alien saga;3;"In the ""Alien"" saga, which of these androids can you find aboard the Sulaco?";Bishop;Giger;David;Call;"Bishop is a smart android played by Lance Henriksen in the second opus of the saga, ""Aliens, le retour"", released in 1986."
oq-241-26;The Alien saga;3;To what precious metal were the prisoners of Fury 161 assigned?;Platinum;Palladium;Money;Gold;Extremely inhospitable, swept by strong winds, the planet Fiorina-16 is home to the Fury-161 Class C penitentiary.
oq-241-27;The Alien saga;3;"In ""Alien"", after how many fertilizations does a Superfacehugger die?";Two;Three;Four;Five;The FaceHugger vaguely resembles a flesh-colored spider, with eight hinged legs similar to human fingers.
oq-241-28;The Alien saga;3;"What is the name of Ripley's daughter we talk about in ""Alien, the return""?";Amanda;Mathilda;Johanna;Laura;Ripley is lonely, and sometimes despite herself, because everyone close to her, family, friends or colleagues almost always dies.
oq-241-29;The Alien saga;3;In which Nostromo Ripley rescue shuttle took refuge?;Narcicuss;Sulaco;Nirvana;Nautilus;Its shuttle will finally be found in 2179 and repatriated to the Gateway orbital station, located in orbit around the Earth.
oq-241-30;The Alien saga;3;"What is Ripley's number, mentioned in the film ""Alien, the return""?";14472;14475;13472;12475;Van Leuwen says that Ripley's number is 14472, but on the screen behind it, it says 14672 (paused on image).
oq-243-1;Brad Pitt on screen;1;"What role does Brad Pitt play in Guy Ritchie's film ""Snatch""?";Gypsy;Robber;Dealer;Commercial;"The film was shot in the same spirit and with part of the distribution of Guy Ritchie's film, ""Arnaques, Crimes et Botanique""."
oq-243-2;Brad Pitt on screen;1;"What is the rank of Brad Pitt in the film ""Inglorious Basterds"" by Quentin Tarantino?";Lieutenant;Captain;Colonel;Major;The story takes place in France during the Second World War and tells the revenge of a young Jew, Shosanna Dreyfus.
oq-243-3;Brad Pitt on screen;1;Which actress did Brad Pitt marry in Var on August 23, 2014?;Angelina Jolie;Juliette Lewis;Jennifer Aniston;Gwylnette Paltrow;They got engaged in April 2012, the engagement ring offered by Brad to Angelina being worth almost $ 500,000.
oq-243-4;Brad Pitt on screen;1;What is special about Benjamin Button in David Fincher's film?;Born old;Deaf born;Born blind;Born mute;The story of Eric Roth and Robin Swicord is inspired by the short story of the same name dating from 1922 and written by F.
oq-243-7;Brad Pitt on screen;1;"What year did the American thriller ""Seven"" hit the screens?";1995;1985;2001;2005;"The film marks the birth of a strong friendship between Brad Pitt and David Fincher, who will direct ""Fight Club"" and ""Benjamin Button""."
oq-243-8;Brad Pitt on screen;1;In cinema, what is the purpose of the fight club managed by the enigmatic Tyler Durden?;Breaking the rules;Become an assassin;Create a show;Selling Drugs;In the film, Tyler Durden manages a clandestine fighting club which allows its members to evacuate their unhappiness by violence.
oq-243-9;Brad Pitt on screen;1;"What forces men to live underground in the film ""The Army of the Twelve Monkeys""?";Viruses;Atomic War;Warming up;Meteorite;To try to find a cure for the virus, scientists use prisoners and send them to the past.
oq-243-10;Brad Pitt on screen;1;How many of his children did Brad Pitt have around him at the end of 2017?;Six;Four;Eight;Five;Her children are: Maddox Chivan, Pax Thien, Zahara Marley, Shiloh Nouvel, Knox Léon and Vivienne Marcheline Jolie-Pitt.
oq-243-11;Brad Pitt on screen;2;What year was Brad Pitt born in Shawnee, Oklahoma?;1963;1964;1965;1975;"Spotted in a Levi's ad, Brad Pitt came out of anonymity thanks to a small role in the film ""Thelma and Louise"" by Ridley Scott."
oq-243-12;Brad Pitt on screen;2;"What is the name of Brad Pitt in the film ""Inglorious Basterds""?";Aldo Raine;Hans Landa;Fredrick Zoller;Hugo Stilglitz;Aldo has a strong accent and a great flow of words, and a hillbilly physique of the Appalachians, accentuated by his Native American origins.
oq-243-16;Brad Pitt on screen;2;During the filming of which film did Brad fall in love with Angelina Jolie?;"""Mr. et Mrs. Smith""";"""Fury""";"""Kalifornia""";"""Le Mexicain""";"The opening frame of the film, which shows a helicopter over a city in Colombia, is from the movie ""Immediate Danger""."
oq-243-17;Brad Pitt on screen;2;"Who directed the film ""And in the middle flows a river"", released in 1992?";Robert Redford;David Fincher;Quentin Tarantino;Steven Soderbergh;Robert Redford took years before he succeeded in convincing Norman Maclean to give him the rights to adapt his book.
oq-243-18;Brad Pitt on screen;2;"Which French actress is part of the cast of the film ""Alliés"", released in 2016?";Marion Cotillard;Catherine Deneuve;Mélanie Laurent;Juliette Binoche;Brad Pitt suggested that the scenes be shot in chronological order of the plot, something rather rare in cinema.
oq-243-19;Brad Pitt on screen;2;"In the film ""Seven"", what is the name of the serial killer played by Kevin Spacey?";John Doe;Gerry Lane;Max Vatan;Jackie Kogan;Kevin Spacey is deliberately not credited in the opening credits so as to let the mystery hang over the identity of the killer.
oq-243-20;Brad Pitt on screen;2;What brand of jeans did Brad Pitt advertise for that out of the shadows?;Levi's;Lee Cooper;Pepe Jeans;Wrangler;"Before that, Brad Pitt notably responded to Johnny Depp in ""21 Jump Street"" and starred in the horror film ""Cutting Class""."
oq-243-21;Brad Pitt on screen;3;"Which French village does Brad Pitt go to in the film ""Inglorious Basterds""?";Nadine;Josephine;Simone;Claudine;If we refer to the indications given to Lieutenant Hicox before his mission, it would be located in the department of Oise.
oq-243-23;Brad Pitt on screen;3;Which film with Brad Pitt was banned from entering China when he left?;"""Sept ans au Tibet""";"""Sleepers""";"""Seven""";"""Fight Club""";The film's fidelity to historical events is disputed by Gary Wilson, a journalist from the Workers World.
oq-243-24;Brad Pitt on screen;3;Which American production company was co-founded by Brad Pitt?;Plan B;Fox Entertaintment;Brandjoly Max;Seven Production;"To date, the production company has produced a series of blockbuster films, including ""Troy"" , ""Charlie and the Chocolate Factory"" and ""The Departed"" "
oq-243-25;Brad Pitt on screen;3;Which movie did Brad Pitt receive a Teen Choice Awards in 2004?;"""Troie""";"""Babel""";"""Ocean's Eleven""";"""Le Mexicain""";A long version of the film (30 minutes more) cost an additional $ 1 million to the original budget of $ 150 million.
oq-243-26;Brad Pitt on screen;3;"Which of these actors does not play alongside Brad Pitt in the film ""Cartel""?";Morgan Freeman;Michael Fassbender;Javier Bardem;Dean Norris;"The film ""Cartel"" is dedicated to the memory of Tony Scott, the brother of director Ridley Scott, who died during the shooting of the film."
oq-243-28;Brad Pitt on screen;3;"In what year did the book that inspired the film ""Interview with a Vampire"" come out?";1976;1947;1982;1964;In this book written by Anne Rice, a vampire tells the story of her life to a journalist in New Orleans in the 1980s.
oq-243-30;Brad Pitt on screen;3;"In which city do Louis and Claudia meet Armand in ""Interview with a vampire""?";Paris;Rome;Seville;Berlin;River Phoenix should have played the role of the interviewer, but he died shortly before filming began.
oq-244-1;Fiction for all;1;"Which actor interprets the hero of the film ""Independance Day"", released in 1996?";Will Smith;Bruce Willis;Jeff Goldblum;Tom Cruise;"""Independance Day"" was released in 2010 in a long version (special edition) with eight minutes of additional scenes."
oq-244-2;Fiction for all;1;"Who imagined the scenario of the ""Star Wars"" saga in the 1970s?";Georges Lucas;Quentin Tarantino;James Cameron;J.J. Abrams;"George Lucas is also the creator and scriptwriter of the ""Indiana Jones"" saga, directed by his friend Steven Spielberg."
oq-244-4;Fiction for all;1;"On what planet of our Solar System does the action of the film ""John Carter"" take place?";March;Jupiter;Saturn;Pluto;"It is a free adaptation of the novel ""A Princess of Mars"" by the American author Edgar Rice Burroughs, published in 1917."
oq-244-5;Fiction for all;1;Which actor plays a bicentennial man in a 1999 film?;Robin Williams;Sam Neil;Kevin Spacey;Guy Pearce;The plot of the film explores the issues of humanity, slavery, intellectual freedom, conformity, sex, love and mortality.
oq-244-8;Fiction for all;1;"Which talented and sexy actor found himself ""Alone on Mars""?";Matt Damon;Clive Owen;Will Smith;Bruce Willis;A follower of the concept, Matt Damon agreed to play the character of Mark Watney two days after receiving the script.
oq-244-9;Fiction for all;1;What are members of the ultra-secret organization Men in Black monitoring?;Aliens;Presidents;Animals;Hurricanes;Thanks to their advanced technologies, they are virtually non-existent, erasing the memory of annoying witnesses.
oq-244-11;Fiction for all;2;"In which series was Olivia Cooke, present in the film ""The Signal"", discovered?";"""Bates Motel""";"""Vampire Diaries""";"""Westworld""";"""Game of Thrones""";"In 2018, she shot her first blockbuster for ""Ready Player One"", a science fiction feature film directed by Steven Spielberg."
oq-244-12;Fiction for all;2;"Who has received several awards for the costumes for the film ""The Fifth Element""?";Jean-Paul Gaultier;Pierre Cardin;Coco Chanel;John Galiano;The fashionable child is globally regarded as a symbol of French culture and has become an icon.
oq-244-13;Fiction for all;2;"Which actor embodies insurance agent Jacq Vaucan in the film ""Automata""?";Antonio Banderas;Will Smith;Sam Worthington;Ethan Hawke;The robotics company ROC is building the Pilgrim 7000, a humanoid robot with a biokernel with quantum intelligence.
oq-244-14;Fiction for all;2;"Who replaces the men in the boxing rings of the film ""Real Steel""?";Robots;Animals;Holograms;Toys;"""Real Steel"" includes several references to the film ""Rocky"", the robot seeming to have no chance against the champion."
oq-244-15;Fiction for all;2;What is snowdrops in a South Korean science fiction film?;Train;Spaceship;Plant;Drilling rig;"In France, on the occasion of the adaptation to the cinema, Casterman brings together the three original albums in full under the title ""Transpercenei"
oq-244-17;Fiction for all;2;"What is the nationality of Pierre Boulle, author of the novel ""The Planet of the Apes""?";French;Switzerland;Belgian;Canadian;Five years after the death of Pierre Boulle, his niece and her husband discovered new unpublished manuscripts in archives.
oq-244-20;Fiction for all;2;"Who composed the music for the film ""The Fifth Element""?";Eric Serra;Hans Zimmer;John Williams;Marco Beltrami;"It is the singer Inva Mula who interprets the extract from ""Lucia di Lammermoor"" by Gaetano Donizetti, ""Il dolce suono"" and the ""Diva Dance""."
oq-244-21;Fiction for all;3;Which 2005 film deals with the cloning of human beings for medical purposes?;"""The Island""";"""Clones""";"""Westworld""";"""Repo Men""";The heroes discover that the Lottery's choices are not due to chance because the Island hides a terrifying truth.
oq-244-22;Fiction for all;3;"What does L'Union manage in the American-Canadian film ""Repo Men""?";Organ donation;Clones;Robots;Spaceships;People who do not pay their heavy debts after an organ transplant are faced with repo men, the buyers.
oq-244-23;Fiction for all;3;In cinema, what movement advocates technology to improve the human condition?;Transhumanism;Probiotic;Transgenetics;Technogenetics;Transhumanists regard disability, suffering, illness, aging or death as unnecessary.
oq-244-24;Fiction for all;3;"In 2019, who dominates planet Earth in the film ""Daybreakers""?";Vampires;Werewolves;Aliens;Demons;"Although no link has been proven, the script for ""Daybreakers"" is reminiscent of the novel ""Attacking the invisible"" by A."
oq-244-25;Fiction for all;3;"What are we trying to transfer to the film ""Renaissances"" with Ben Kingsley?";Consciousness;Intelligence;Organs;Contaminated blood;"The film's premise is very close to the film ""The Diabolical Operation"", directed by John Frankenheimer, released in 1966."
oq-244-28;Fiction for all;3;In which film does Johnny Depp transfer consciousness to a computer?;"""Transcendance""";"""Renaissance""";"""Aeon Flux""";"""The Island""";"""Transcendance"" is originally a screenplay by Jack Paglen which he developed by talking at length with his wife, a computer scientist."
oq-244-29;Fiction for all;3;"Which elite unit anticipates crimes in ""Minority Report""?";Precrime;Lost crime;Ultimate crime;Last report;"It is Tom Cruise, having read the news of Philip K. Dick during the shooting of ""Eyes Wide Shut"", who will have the idea of??the film project."
oq-244-30;Fiction for all;3;"Which actor was originally to wear the 1987 ""Predator"" costume?";J-C Vandamme;Sylvester Stallone;Dolph Lungdren;Samuel L. Jackson;Jean-Claude Vandamme will be replaced during filming, believing that for him the costume was too heavy and difficult to wear.
oq-246-1;Mysteries of the world;1;In which city of New Mexico would a UFO crash?;Roswell;Albuquerque;Santa Fé;Las Vegas;The impact site is 120 km from the city itself, closer to Corona, but the Roswell base was responsible for the investigation.
oq-246-4;Mysteries of the world;1;In the imagination of men, what color would extraterrestrials be?;Gray;Purple;Blue;Red;It is with the meeting of Kelly-Hopkinsville that the representation of the little grays will become anchored in popular consciousness.
oq-246-6;Mysteries of the world;1;What has the boom in tourism nicknamed the Loch Ness Monster?;Nessie;Jessie;Lucie;Locky;This legendary lake creature believed to live in Scotland is described as resembling a sea serpent or a plesiosaur.
oq-246-11;Mysteries of the world;2;For what purpose do Magicicada larvae emerge every 17 years?;Reproduce;To eat;To transform;Commit suicide;The seventeen-year-old Cicada is found in the eastern United States, from Louisiana to Massachusetts and from Georgia to Wisconsin.
oq-246-12;Mysteries of the world;2;What year was the CIA forced to confirm the existence of Area 51?;2013;2014;2012;2011;On August 15, 2013, a top-secret 400-page document was declassified, formalizing the existence of Area 51 in Nevada.
oq-246-16;Mysteries of the world;2;What is the subject of the Voynich manuscript, illustrated and anonymous?;Unknown plants;Pagan legends;Sex;Treasure Map;Despite attempts by cryptographers, the exact nature of this document, its purpose and its author remain an enigma.
oq-246-19;Mysteries of the world;2;In what year were the Nazca lines listed with UNESCO?;1994;1985;2006;1977;These large figures drawn on the ground for several kilometers are visible in the desert of Nazca, in the south of Peru.
oq-246-20;Mysteries of the world;2;What region of France did the first uncontested mention of the Turin shroud come from?;Champagne;Burgundy;Dordogne;Normandy;This four-meter-long yellowed linen sheet shows a blurry image of a man with injuries consistent with crucifixion.
oq-246-21;Mysteries of the world;3;Which butterflies from North America fly 4000 km to migrate south?;Monarchs;Atlides;Calospila;Godyris;In the adult stage, the Monarch butterfly exhibits sexual dimorphism. Males are taller but their wings are thinner.
oq-246-22;Mysteries of the world;3;What is the peculiarity of certain stones in the Valley of Death?;They move;They whistle;They explode;They are hollow;Death Valley is a desert that is part of the Mojave Desert and has a hot desert subtropical climate.
oq-246-23;Mysteries of the world;3;In what year did Jerry Ehman receive the Wow signal of unexplained origin?;1977;1987;1969;2001;Of unexplained origin, this 72-second signal has not been detected since, and has received significant media attention.
oq-246-26;Mysteries of the world;3;What was the nationality of Pernier who discovered the Phaistos disc?;Italian;French;Austrian;Canadian;Its diameter is about sixteen centimeters and it is covered, on both sides, with hieroglyphics printed with hallmarks.
oq-246-27;Mysteries of the world;3;How many languages are the Ten Commandments of the Georgia Guidestones written in?;Eight;Six;Ten;Fifteen;The plaque on the ground gives astronomical references, and promises a buried time capsule, to be opened without a specific date.
oq-246-28;Mysteries of the world;3;In what year was the Mary Celeste found intact but unmanned on board?;1872;1972;1672;1772;The mystery surrounding the disappearance of the sailors has never been solved, leaving the Mary Celeste a famous ghost ship.
oq-246-30;Mysteries of the world;3;Which site was first visited by archaeologists in 1911 in the Indus Valley?;Mohenjo-daro;Teotihuacan;Machu Picchu;Carthage;The city reveals a thoughtful and planned urbanization in the layout of the streets, forming a grid and a boulevard 10 meters wide.
oq-247-1;Central Park;1;How big is Central Park in the borough of Manhattan?;341 ha;234 ha;198 ha;443 ha;The park is managed by the Central Park Conservancy which has an annual budget of $ 200 million.
oq-247-2;Central Park;1;Which residential neighborhood borders Central Park on the east side of the park?;Upper East Side;Ward's Island;Yorkville;SoHo;The neighborhood is inhabited by a very wealthy population, with real estate prices among the highest in the United States.
oq-247-3;Central Park;1;In which luxury building on the edge of Central Park has John McEnroe used to be?;Beresford;Eldorado;Ansonia;One57;The Beresford, like the San Remo Apartments, is also home to a couple of unexpected residents: hawks.
oq-247-5;Central Park;1;Which rock is also the highest point in Central Park?;Summit Rock;Rat Rock;Vista Rock;Line Rock;Located in the west of the park at 83rd Street, Summit Rock reaches the elevation of 137.5 feet, or nearly 42 meters in height.
oq-247-6;Central Park;1;To whom is the Strawberry Fields Memorial, designed by Bruce Kelly dedicated?;John Lenon;Michael Jackson;Elvis Presley;Jimi Hendrix;Strawberry Fields was inaugurated on John Lennon's 45th birthday, October 9, 1985, in the presence of his widow Yoko Ono.
oq-247-7;Central Park;1;In which year was the 150th anniversary of the park celebrated with great pomp?;2003;1993;1983;2013;It was necessary to destroy 300,000 cubic meters of rocks there, to drain the marshy ground and to bring an enormous quantity of earth.
oq-247-9;Central Park;1;For what activity is the Reservoir best known to New Yorkers?;Jogging;Fishing;Water skiing;Diving;The 2.54 km jogging track that surrounds this large body of water welcomes thousands of sportsmen and women who circle it every day.
oq-247-10;Central Park;1;How many bridges does Central Park have overall?;36;24;12;48;The 36 bridges built by Vaux are all unique in their architecture and built with granite, shale or metal.
oq-247-12;Central Park;2;What was Central Park called after the economic crisis of 1929?;Hooverville;Kibera;Township;Trenchtown;A series of slums arose in the United States during the Great Depression, from 1929 until the 1940s.
oq-247-13;Central Park;2;Which rock in Central Park is Belvedere Castle built on?;Vista Rock;Rat Rock;Summit Rock;Body Rock;Made of shale, it is with Summit Rock one of the highest natural formations in the park, culminating at about 40 meters.
oq-247-14;Central Park;2;Which lake in Central Park is located between Vista Rock and the Great Lawn?;Turtle Pond;Rose Lake;Chippewa Lake;Hocking Hills;As its name suggests, Turtle Pond is populated by turtles but also dragonflies, frogs and various species of birds.
oq-247-15;Central Park;2;What area of Central Park was used as pasture until 1934?;Sheep Meadow;High Line;Bowling Green;Pelham Bay;Currently, it is a lawn very suitable for lazing around and sunbathing, with New Yorkers using it as a beach.
oq-247-16;Central Park;2;Which building has two addresses: 145 and 146 Central Park West?;The San Remo;Dakota Building;Beresford;Eldorado;Each of the two ten-story towers ends with a luxurious Baroque-inspired John Vanbrugh-style apartment.
oq-247-17;Central Park;2;On which almost circular rock do you practice bouldering?;Rat Rock;Summit Rock;Vista Rock;Green Rock;This shale rock, also known as Umpire Rock, owes its name to the rats that proliferate there at night.
oq-247-20;Central Park;2;How many sports fields does Central Park have to date?;21;11;31;41;Central Park has plenty of activities for kids, including a puppet theater at Swedish Cottage.
oq-247-22;Central Park;3;How many trees were planted during the development of the park?;500,000;400,000;300,000;200,000;1,500 workers worked every day to plant these 500,000 trees. Completed in 1869, the site claimed the lives of five workers.
oq-247-23;Central Park;3;What specialized park was created in 1864 within Central Park itself?;A zoo;A circus;A reserve;A campsite;The zoo has polar bears and endangered animal species such as the tamarind, the Wyoming toad or the lesser panda.
oq-247-24;Central Park;3;To whom did Fiorello LaGuardia entrust the task of rehabilitating Central Park?;Robert Moses;Daniel Burnham;Paul Davidoff;Kevin Lynch;The master builder is the architect of New York, Long Island, Rockland County and Westchester County.
oq-247-25;Central Park;3;What area of Central Park was once covered by the Lower Reservoir?;Great Lawn;Rat Rock;Pale Male;Turtle Pond;This reservoir, the construction of which dated back to 1842, was part of the original plans for the park imagined by Olmsted and Vaux.
oq-247-26;Central Park;3;How many parts did Olmsted want to separate his future park into?;Three;Four;Five;Six;A pastoral part, a picturesque part and a formal part welcoming a fountain and a body of water.
oq-247-27;Central Park;3;Which red-tailed hawk resides at 927 Fifth Avenue in Central Park?;Pale Male;Nils Olav;Petra;King of Rome;In December 2004, the owner of the building on which the buzzard had made its nest had to give up removing it after protests.
oq-247-28;Central Park;3;Which Central Park fountain was designed by Emma Stebbins in 1868?;Bethesda;McMillan;Brewer;Vaillancourt;The four cherubim of the fountain inaugurated in 1873 represent the virtues: temperance, purity, prosperity and peace.
oq-247-30;Central Park;3;Which monument represents the most impressive sculpture in the park?;King Jagiello;Great Lawn;Turtle Pond;Rat Rock;Named in memory of the former King of Poland, Ladislaus II Jagiello, this sculpture is located near the Turtle Pond.
oq-248-1;Pamela Anderson;1;What role has Pamela Anderson revealed to the world?;CJ Parker;Skyler Dayton;Vallery Irons;Stephanie Holden;"""Baywatch"" remains the most watched series in the world with more than a billion viewers per week."
oq-248-3;Pamela Anderson;1;In what movie does she play a sexy mercenary in a drifting future?;"""Barb Wire""";"""Naked Souls""";"""No Rules""";"""Jackhammer""";Directed by David Hogan, released in 1996, the film is based on the comic book series of the same name from Dark Horse Comics.
oq-248-4;Pamela Anderson;1;In which French singer Pamela Anderson's music video did she appear in 2016?;Julien Doré;Julien Clerc;Pascal Obispo;Patrick Bruel;"Pamela Anderson makes an appearance in the music video for the song ""Le Lac"", directed by Julien Doré himself and Brice VDH."
oq-248-7;Pamela Anderson;1;Which OM footballer Pamela Anderson moved to Marseille with?;Adil Rami;Bouna Sarr;Jordan Amavi;Dimitri Payet;With the Blues, Adil Rami participated in Euro 2012, Euro 2016 and the 2018 World Cup which he won with his team.
oq-248-8;Pamela Anderson;1;For which magazine is Pamela Anderson the cover record holder?;"""Playboy""";"""Lui""";"""Elle""";"""Max""";Thanks to her plastic and her chest size of one meter, she posed thirteen times for the following numbers of the American edition.
oq-248-9;Pamela Anderson;1;How many children has Pamela Anderson had with Tommy Lee?;Two;Three;Four;Five;Married only one month after their meeting, they had two children: Brandon Thomas born in 1996 and Dylan Jagger born in 1997.
oq-248-10;Pamela Anderson;1;How did Pamela Anderson start her professional career?;Modeling;Actress;TV host;Stylist;"She posed for ""Playboy"" before getting a small role in various series like ""Charles takes care of it"" and ""Papa tinker""."
oq-248-12;Pamela Anderson;2;What TV series was played and produced by Pamela Anderson?;"""V.I.P.""";"""Naked City""";"""Dominion""";"""Love Therapy""";The series aired in 1999 was a mix of action and comedy where Pamela Anderson took pleasure in playing with her tabloid image.
oq-248-13;Pamela Anderson;2;"How many seasons does the ""Readings of a Blonde"" television series have?";Two;Three;Four;Five;Tired of spending her time partying, Skyler Dayton decides to change her life and gets hired in a small bookstore.
oq-248-14;Pamela Anderson;2;"Which ""Baywatch"" actor did Pamela Anderson have a romance with?";David Charvet;David Hasselhoff;Parker Stevenson;Billy Warlock;"French actor and singer, David Charvet is known for his roles in ""Baywatch"" and ""Melrose Place"" in the 1990s."
oq-248-15;Pamela Anderson;2;In 2003, in which David Zucker film did she play Becca?;"""Scary Movie 3""";"""An American Carol""";"""Prof et Rebelle""";"""Baseketball""";Becca and Cathy are two brainless blondes. Cathy was the first victim, when she and Becca were alone in her house.
oq-248-16;Pamela Anderson;2;"Which American actress did she star alongside in ""Blonde and Blonder""?";Denise Richards;Halle Berry;Rosamund Pike;Michelle Yeoh;"Denise Richards is a former model who rose to prominence thanks to her role in the erotic thriller ""Sexcrimes""."
oq-248-17;Pamela Anderson;2;What independent horror film by James Franco did Pamela Anderson appear in?;"""The Institute""";"""Les Insoumis""";"""The Broken Tower""";"""The Ape""";This critically acclaimed film stars James Franco, Tim Blake Nelson, Pamela Anderson, Josh Duhamel and Eric Roberts.
oq-248-18;Pamela Anderson;2;Which restaurants has she boycotted for their cruelty to poultry?;KFC;McDonald's;Quick;Burger King;As a result of her commitments, in 1999 PETA awarded Pamela Anderson the Linda McCartney Memorial Award.
oq-248-19;Pamela Anderson;2;"Which movie has the slogan: ""Pamela Anderson: her thoughts laid bare...""?";"""Naked Souls""";"""The Institute""";"""Snapdragon""";"""Barb Wire""";Although she only plays a small role in the plot, a lot of the publicity for the film focuses on her.
oq-248-20;Pamela Anderson;2;In which American-Australian film does Pamela Anderson play her own role?;"""Scooby-Doo""";"""Naked Souls""";"""Scary Movie 3""";"""Barb Wire""";The film was shot in Gold Coast, known for its perfect weather, but filming had to be cut short due to a cold.
oq-248-21;Pamela Anderson;3;Who would be responsible for the hepatitis C from which Pamela Anderson has?;Tommy Lee;Kelly Slater;Kid Rock;Charlie Sheen;Pamela Anderson was also on trial with the latter at this time because she wanted to obtain sole custody of her children.
oq-248-22;Pamela Anderson;3;What musical instrument was she passionate about when she was young?;Saxophone;Piano;Guitar;Battery;Graduated from Highland Secondary School in 1985, her dream and ambition were already at the time of becoming famous.
oq-248-23;Pamela Anderson;3;What trade did she have in 1988 after moving to Vancouver?;Fitness teacher;Real estate agent;Handler;Security guard;It will all really begin for her the day she attends a Canadian football game at BC Place Stadium.
oq-248-24;Pamela Anderson;3;Who appears alongside Pamela Anderson on her second sextape published in 1998?;Bret Michaels;Jason Meadows;Rikki Rockett;Bobby Dall;"Bret Michaels' infallible humor and enthusiasm in the face of bad luck erase the image of a ""lightweight"" rocker."
oq-248-25;Pamela Anderson;3;Which autobiographical book did Pamela Anderson release in 2004?;"""Star""";"""Baywatch""";"""Nude""";"""Perfect""";In the same year, Pamela Anderson obtained American citizenship, in addition to her Canadian citizenship.
oq-248-26;Pamela Anderson;3;How long did the marriage between Pamela Anderson and Kid Rock last?;Four months;Two years;Twelve days;Two quarters;In 2006, Pamela Anderson had reunited with Kid Rock, the couple having married in the summer of 2006 on a yacht near Saint-Tropez.
oq-248-28;Pamela Anderson;3;In what title of the group Lit Pamela Anderson appeared in the clip?;"""Miserable""";"""Over My Head""";"""Four""";"""My World""";"American punk rock band Lit opened for The Offspring's ""Americana"" tour."
oq-248-29;Pamela Anderson;3;"What do the letters C.J. from his famous role in ""Baywatch"" mean?";Casey Jean;Cathy Jordan;Cindy Johanna;Cynthia Joelle;In 2014, David Hasselhoff explained that the slow motion made it possible to lengthen the duration of the episodes and to reduce the budgets.
oq-248-30;Pamela Anderson;3;At whose invitation did she take a stand against the force-feeding of geese and ducks?;Laurence Abeille;Pascale Boistard;Catherine Coutelle;Huguette Bello;Advisor then Member of Parliament from 2012 to 2017, Laurence Abeille is the 46th most influential Member of the National Assembly out of 577.
oq-255-1;Mont Saint-Michel;1;Mont Saint-Michel is located east of the mouth of which river?;Couesnon;Herault;Rance;Vire;The Couesnon is a small French coastal river that flows through the three departments of Ille-et-Vilaine, Manche and Mayenne.
oq-255-5;Mont Saint-Michel;1;Which lamb is best to eat grilled over a wood fire?;From salt meadow;Cheviot;Lincoln;Romanov;The particularity of this meat is that it is obtained by the grassland exploitation of salt meadows thanks to the pastoral management of herds.
oq-255-6;Mont Saint-Michel;1;Which soufflée specialty from Mont Saint-Michel is cooked over high heat?;Omelet;Peanut;Courgette;Galinette;Mother Poulard developed this recipe after noticing that pilgrims arrived hungry at Mont Saint-Michel.
oq-255-7;Mont Saint-Michel;1;How many parking spaces have been provided in the new parking lot?;4000;3,000;2,000;1,000;Built to the south of the Caserne dam on the Couesnon, 2,500 meters from the mountain, the car park has 45,000 trees and shrubs.
oq-255-8;Mont Saint-Michel;1;Which famous Dan Brown novel refers to Mont Saint-Michel?;"""Da Vinci Code""";"""Inferno""";"""Origine""";"""Anges et Démons""";"The novel's theses are largely inspired by ""The Sacred Enigma"", an essay published in 1982 by three British journalists."
oq-255-9;Mont Saint-Michel;1;What phenomenon is due to the fact that the bay of the mount is practically flat?;Quicksand;Embankment;Sandstorm;Clay soil;Contrary to popular belief, a body caught in quicksand is not sucked into the bottom but floats twice as well.
oq-255-12;Mont Saint-Michel;2;"To whom do we owe the thriller ""Le Sang du temps"" which takes place at Mont Saint-Michel?";Maxime Chattam;René Charvin;Bertrand Chéron;Antoine Chainas;"""Le Sang du temps"" is a detective novel written by Maxime Chattam, published in France by Michel Lafon editions in 2005."
oq-255-14;Mont Saint-Michel;2;What percentage of tourists from Mont Saint-Michel go up to the abbey?;33%;22%;44%;55%;With a visit time of 3 hours, it is between 11 a.m. and 4 p.m. that the density of visitors to the site is highest.
oq-255-15;Mont Saint-Michel;2;Which Michael Bay film was partially shot at Mont Saint-Michel?;"""Armageddon""";"""Six Underground""";"""13 Hours""";"""No Pain No Gain""";"The same year (1998) was released ""Deep Impact"", another film with the same storyline, focused on the human side."
oq-255-19;Mont Saint-Michel;2;What kind of fishing consists in setting nets on the shores and maneuvering them?;Shore fishing;Deep fishing;Net fishing;Trawl fishing;Due to the fishing conditions, high tides are very favorable to this activity, with a high population of crustaceans.
oq-255-22;Mont Saint-Michel;3;What phenomenon allows a large part of the bay to be discovered?;Marnage;Halocline;Tourbillon;Altimetry;The tidal range is, for a given day, the difference in water height between the level of the high sea and that of the low tide.
oq-255-23;Mont Saint-Michel;3;What car once transported visitors to Mont Saint-Michel?;Maringotte;Gyrobus;Dressing;Podoscaphe;The maringotte is a two-wheeled horse-drawn car, suspended on tweezer springs, with movable benches.
oq-255-25;Mont Saint-Michel;3;How many visitors go to Mont Saint-Michel on average each day?;12,000;9,000;6,000;15,000;Peaks exceed 16,000 visitors per day, with a less dense flow as the ascent towards the abbey.
oq-255-26;Mont Saint-Michel;3;What great builder and historian was the sixteenth abbot of Mont Saint-Michel?;Robert de Torigni;Geoffroi Malaterra;Bernat Desclot;Gilbert de Mons;He will carry out important works there by building the two western towers and the building (hotel and infirmary).
oq-255-27;Mont Saint-Michel;3;Which prisoner of Mont Saint-Michel was nicknamed the Locked Up?;Auguste Blanqui;Jules Senard;Joseph Sobrier;Antoine Fombertaux;"In 1880, Auguste Blanqui published the newspaper ""Ni Dieu ni maître"", the title of which has become a reference for the anarchist movement."
oq-255-28;Mont Saint-Michel;3;In which Mike Oldfied album is one of the tracks dedicated to Mont Saint-Michel?;"""Voyager""";"""Amarok""";"""Discovery""";"""Crises""";The album contains five covers of traditional Celtic, a cover of Galician Luar na Lubre and four original compositions.
oq-255-29;Mont Saint-Michel;3;In what year did a 3 French franc stamp represent Mont Saint-Michel?;1998;1988;1978;1968;In 1998, a new 3 French franc stamp, with its multicolored appearance, will be unanimously voted the most beautiful stamp of the year.
oq-256-1;Film comedies;1;Who meets Kad Merad on the reality of the North in a popular film?;Michel Galabru;Stéphane Freiss;Jean Rochefort;Guy Montagné;"Michel Galabru plays, in the film ""Bienvenue chez les Ch'tis"", Julie's great-uncle, who, as a child, lived in the North."
oq-256-2;Film comedies;1;"Who is Louis de Funès' inseparable partner in ""Le Corniaud""?";Bourvil;Fernandel;Yves Montand;Michel Galabru;The scenario is inspired by the Jacques Angelvin affair, a French presenter arrested in the United States in 1962 at the wheel of a Buick Invicta.
oq-256-3;Film comedies;1;What unruly priest did Fernandel often wear the cassock?;Don Camillo;Don Patillo;Don Corleone;Don Diego de la Vega;Don Camillo is a fictional character created in 1948 by the Italian comedian, writer and designer Giovannino Guareschi.
oq-256-5;Film comedies;1;"Who plays Ben Stiller's stepfather in ""Me and my stepfather""?";Robert De Niro;Al Pacino;Jean Reno;Danny DeVito;"The success of the film resulted in an American reality TV show in 2002 called ""My family and me"" (Meet my folks)."
oq-256-6;Film comedies;1;Who favorite character was created and interpreted by Jacques Tati?;Hulot;Cruchot;Charlot;Ribouldingue;He is a character with all the characteristics of silent cinema, although all his films are talking about.
oq-256-7;Film comedies;1;"Which actor embodies a brilliant businessman in ""Pretty Woman""?";Richard Gere;Mel Gibson;Hugh Grant;Bruce Willis;The role of Vivian was refused by Michelle Pfeiffer, Valeria Golino and Darryl Hannah who deemed the role degrading for the image of women.
oq-256-8;Film comedies;1;What is the first resolution taken by Bridget Jones?;Lose weight;Stop smoking;Stop drinking;Find a boyfriend;The full-coverage panties worn by Renée Zellweger and signed by Hugh Grant were auctioned for £ 2,000.
oq-256-11;Film comedies;2;"Which of these actors does not appear in the credits of the film ""Les Compères""?";Gad Elmaleh;Gérard Depardieu;Philippe Khorsand;Stéphane Bierry;"In 1997, Ivan Reitman directed an American revival of the film titled ""Funny Fathers"", starring Robin Williams and Billy Crystal."
oq-256-13;Film comedies;2;At the start of Rob Reiner's 1989 film, Harry and Sally are...;Friends;Married;Lovers;Divorced;The idea for the film came to Rob Reiner after his divorce: it provided the basis for Harry's character and Sally's on the screenwriter.
oq-256-14;Film comedies;2;What job does Austin Powers do during the day in Jay Roach's film?;Fashion photographer;Secret agent;Veterinarian;Lawyer;Mike Myers plays the two main roles in the film, which is why we rarely see the two characters together on screen.
oq-256-15;Film comedies;2;"What role did Julia Roberts play in ""Love at first sight in Notting Hill""?";Hollywood actress;Bar hostess;Gymnastics teacher;Prostitute;"The young actress Hugh Grant interviews at the hotel is played by Mischa Barton (""Newport Beach""), 13 at the time of filming."
oq-256-16;Film comedies;2;"In the film ""La Doublure"", which actor plays the main role?";Gad Elmaleh;Louis Garrel;Michel Blanc;Dany Boon;"A nod to the film ""Le Diner de cons"" (also by Francis Veber) appears in the film with Michel Jonasz's corkscrews."
oq-256-17;Film comedies;2;"What profession does Pierre Richard have in ""The tall blond with a black shoe""?";Musician;Writer;Plumber;Locksmith;The low-cut black dress from the back to the birth of the buttocks of Mireille Darc, signed Guy Laroche, is presented at the Louvre.
oq-256-18;Film comedies;2;"To which author-director do we owe ""The Goat"" or even ""Le Diner de cons""?";Francis Veber;Bertrand Blier;Pierre Richard;Patrice Leconte;Veber's scenarios favor burlesque and are set on a boulevard mechanic, based on a comic duet.
oq-256-21;Film comedies;3;Which actor plays the role of Tanguy in the eponymous film, released in 2001?;Eric Berger;Jean Dujardin;Vincent Cassel;Jean-Paul Rouve;The first name Tanguy is now used in the language to designate a young adult who takes pleasure in living with his parents.
oq-256-23;Film comedies;3;"Where does the action in Woody Allen's 1998 comedy ""Celebrity"" take place?";New York;London;Mexico;Paris;This comedy is an amused look through two characters at what people are willing to do to stay famous.
oq-256-24;Film comedies;3;"Which of these actresses does not appear in the credits of the film ""Le Placard""?";Anny Duperey;Michèle Laroque;Alexandra Vandernoot;Armelle Deutsch;Alain Poiré, the film's producer, died during the shooting.
oq-256-25;Film comedies;3;"In ""The Magnificent"", of which agent did Jean-Paul Belmondo write the adventures?";Bob Saint-Clar;Arch Stanton;Brett Sinclair;Danny Wilde;The hero is an amalgamation of several twirling heroes such as James Bond, San Antonio or Malko Linge.
oq-256-26;Film comedies;3;To which director of the 1970s do we owe many blackfoot comedies?;Philippe Clair;Max Pécas;Jean Girault;Charles Gérard;Unlike other directors of this period, no retrospective has been published, pushing these films into oblivion.
oq-256-29;Film comedies;3;"In which car does Gérard Depardieu travel in the film ""Les Compères""?";BMW;Audi;Mercedes;Renault;"Following the film ""Les Compères"", Gérard Depardieu was nominated for the César for best actor at the ninth César ceremony."
oq-257-2;Charlize Theron;1;With which movie did Charlize Theron win an Oscar for Best Actress?;"""Monster""";"""Sleepwalking""";"""Hancock""";"""Young Adult""";"""Monster"", the first feature film directed by Patty Jenkins in 2003, narrates the life of Aileen Wuornos in a romantic fashion."
oq-257-3;Charlize Theron;1;Which of these professions has Charlize Theron never exercised?;Lawyer;Actress;Producer;Mannequin;Charlize grew up in a rural environment on her parents' farm, who also owned a road construction company.
oq-257-4;Charlize Theron;1;"Who does Charlize Theron play as a schizophrenic wife in ""The Devil's Associate""?";Keanu Reeves;Joaquin Phoenix;Javier Bardem;Christoph Waltz;The title of the film is a reference to the devil's advocates whose origin dates back to the canonization trials of the Catholic Church.
oq-257-5;Charlize Theron;1;Which member of her family has she always had a close relationship with?;His mother;His father;His brother;His sister;His mother Gerda continually encouraged him to pursue a career as a dancer, then a model and finally an actress.
oq-257-6;Charlize Theron;1;In which film did Charlize Theron live the role of Aileen Wuornos?;"""Monster""";"""Tully""";"""Gringo""";"""Young Adult""";She studied a Nick Broomfield documentary on this serial killer and spent time with one of Wuornos' friends.
oq-257-7;Charlize Theron;1;Which movie with Charlize Theron is based on an animated television series?;"""Aeon Flux""";"""La Route""";"""Mauvais Piège""";"""The Yards""";"Actress Michelle Rodriguez was chosen to play the main character, following her association in ""Girlfight""."
oq-257-8;Charlize Theron;1;Which magazine did Charlize Theron make the front page of in June 1999?;Playboy;Vanity Fair;Maxim;FHM;In 2010, FHM magazine ranked Charlize as the 56th most beautiful woman in the world and 16th in the list of Maxim magazine.
oq-257-9;Charlize Theron;1;"What prequel to the classic ""Alien"" did Charlize Theron play?";"""Prometheus""";"""Requiem""";"""Predator""";"""Covenant""";"The exterior backgrounds for much of the ""Prometheus"" movie were filmed in Wadi Rum, Jordan."
oq-257-10;Charlize Theron;1;In which movie does Charlize Theron play a mother overwhelmed and exhausted by her motherhood?;"""Tully""";"""Atomic Blonde""";"""The Last Face""";"""Monster""";"The film ""Tully"" marks his reunion with director Jason Reitman and screenwriter Diablo Cody, seven years after ""Young Adult""."
oq-257-12;Charlize Theron;2;In what year did she receive her star on the Hollywood Boulevard Walk of Fame?;2005;2010;2015;2000;Made with terrazzo, each tile has a pink five-pointed star with a brass outline on an anthracite background.
oq-257-13;Charlize Theron;2;What passion did Charlize have at the National School Of The Arts?;Dance;Photography;Sculpture;Painting;She began the practice when she was 6 years old with ballet lessons, her performances delighting her mother.
oq-257-14;Charlize Theron;2;With whom did Charlize Theron make her real film debut?;James Spader;Forest Whitaker;Jack Lemmon;William Hurt;"It is in the thriller ""Two Days In The Valley"", by John Herzfeld, that she plays the role of the fiancée of James Spader."
oq-257-15;Charlize Theron;2;How many films did Charlize Theron appear in during 2000?;Four;Three;Five;Six;Despite this promising start to her career, the 2000s saw a succession of films with very limited commercial success.
oq-257-16;Charlize Theron;2;"How many kilos did Charlize Theron have to gain for the movie ""Monster""?";15 kilos;20 kilos;25 kilos;30 kilos;Charlize Theron also had her face reshaped with silicone in this film which will earn her the Oscar for best actress.
oq-257-17;Charlize Theron;2;"Which queen does she lend her plastic to in ""Snow White and the Huntsman""?";Ravenna;Eleanor;Furiosa;Agathe;The producers had already bet on Charlize Theron in the role of Ravenna, but the choice of the main role was still uncertain.
oq-257-18;Charlize Theron;2;Which film title by David Leitch perfectly embodies the beautiful Charlize Theron?;"""Atomic Blonde""";"""The Last Face""";"""Tully""";"""Gringo""";"The press will say: ""Somewhere between Bourne and Bond, it's a somewhat ridiculous, ultra-violent, and wildly entertaining recipe""."
oq-257-19;Charlize Theron;2;Which actor was Charlize Theron the companion of 2002 to 2010?;Stuart Townsend;Craig Bierko;Sean Penn;Keanu Reeves;A graduate of the Gaity School of Acting in Dublin, Stuart Townsend was first a boxer before making his film debut in 1996.
oq-257-20;Charlize Theron;2;Which Soccer World Cup has Charlize Theron presented the draw from?;2010;2014;2018;2006;This event, which took place in Cape Town, South Africa, was broadcast in 200 countries and watched by more than 200 million viewers.
oq-257-21;Charlize Theron;3;In which country did she win the International New Model Today at 16?;Italy;Greece;Spain;Portugal;This victory gave her the opportunity to become a professional model, to quit school and fly to Milan.
oq-257-22;Charlize Theron;3;In which 3D animated film is Charlize Theron the narrator?;"""Astro Boy""";"""Ayako""";"""Alabaster""";"""Jetter Mars""";"The film features the character created in the early 1950s by Osamu Tezuka, ""Astro, the little robot""."
oq-257-24;Charlize Theron;3;What talent scout sent ambitious Charlize to acting classes?;John Crosby;Mike Lansburry;Eddy Michaels;Evan McCreedy;He sends her there mainly to erase her very pronounced Afrikaans accent, and shares her knowledge with her.
oq-257-25;Charlize Theron;3;What Netflix TV series did Charlize Theron produce with David Fincher?;"""Mindhunter""";"""Frontier""";"""Iron Fist""";"""Godless""";The character Holden Ford is inspired by FBI agent John Douglas, and Bill Tench by FBI agent Robert Ressler.
oq-257-26;Charlize Theron;3;When was Charlize Theron voted Woman of the Year by Hasty Pudding Theatricals?;2008;2010;2012;2014;"However, the same year, only the blockbuster ""Hancock"" allowed him to distinguish himself, without convincing the critics."
oq-257-27;Charlize Theron;3;In which film does Charlize Theron give the reply to Jean Reno?;"""The Last Face""";"""Flarsky""";"""Atomic Blonde""";"""Dark Places""";Before Charlize Theron was confirmed in the lead roles, Robin Wright was involved in the film.
oq-257-28;Charlize Theron;3;What is the name of the little girl adopted by Charlize Theron in 2015?;August;April;June;January;Regarding the education of her children, the actress says she was inspired by the French, in order to manage family and professional life.
oq-257-29;Charlize Theron;3;In France, who is Charlize Theron's regular French voice?;Barbara Kelsch;Anne Jolivet;Claude Chantal;Claudine Meunier;Barbara Kelsch is notably the regular French voice of Milla Jovovich, Gwyneth Paltrow, Charlize Theron and Michelle Monaghan.
oq-257-30;Charlize Theron;3;Which organization awarded her the actress of the decade award in 2012?;CinemaCon;Gotham Awards;Camerimage;Berlinale;Renamed CinemaCon Awards in 2012, the awards were relaunched in 2013 with a focus on independent cinema.
oq-260-1;The potato;1;Which company is the world's largest producer of frozen French fries?;McCain Foods;Lutosa;Vico;Mousline;Toronto-based McCain Foods employs approximately 20,000 people at its 55 plants around the world.
oq-260-4;The potato;1;If you have big on the potato, you probably have big on...;The heart;The back;The liver;The nose;The term patate also designates in colloquial French a person who is considered to be a little simplistic.
oq-260-5;The potato;1;In Belgium, what is the main company in the potato industry?;Lutosa;McCain;Aviko;Avebe;Lutosa is a Belgian company specializing in the industrial transformation of potatoes into frozen and chilled French fries.
oq-260-6;The potato;1;What manual activity involves serving potatoes as tampons?;Patatogravure;Salt dough;Colored salt;Origami;This activity involves carving into the flesh of potatoes letters or patterns representing geometric shapes.
oq-260-8;The potato;1;Which Jacques Vaucherot novel was adapted for the cinema by Claude Autant-Lara?;"""Les patates""";"""Douce""";"""Le Joueur""";"""Gloria""";"Claude Autant-Lara found success after World War II with the adaptation of a novel, ""Le Diable au corps""."
oq-260-12;The potato;2;Which alternate reality game used the potato as its emblem?;"""Portal 2""";"""Team Fortress""";"""Counter-Strike""";"""The Orange Box""";The plot of the game indeed offers the possibility of using the potato as an electrolyte for the manufacture of a homemade battery.
oq-260-13;The potato;2;Which Chilean poet, Nobel Prize for Literature, sang the potato?;Pablo Neruda;Enrique Lihn;Nicanor Parra;Armando Uribe;"Pablo Neruda sang the potato and its Indian identity in his ""Oda a la papa"" (Elementary Odes)."
oq-260-14;The potato;2;Which American company dominates the crisps market today?;Frito-Lay;Quala;Covi;Lunor;A subsidiary of the Pepsico group, it operates 67 factories in 27 countries and processes 4 million tonnes of potatoes annually.
oq-260-16;The potato;2;What is possible to produce with two potatoes and little equipment?;Electricity;Light;Sound;Vibrations;By inserting two electrodes, one in zinc and the other in copper, the flesh of the potato acts as an electrolyte.
oq-260-17;The potato;2;What can be produced after fermentation and distillation of potato starch?;Ethanol;Absinthe;Ouzo;Raki;A colorless liquid, flammable and miscible with water, ethanol is a psychotropic drug and one of the oldest recreational drugs.
oq-260-18;The potato;2;From the 16th century, potato alcohol was used to make which alcohol?;Vodka;Armagnac;Calvados;Tequila;Vodka can be obtained from the transformation of almost any material of agricultural origin, the most famous of which are cereals.
oq-260-21;The potato;3;What year was declared year of the potato by the UN?;2008;2018;1998;1988;This declaration was made by the UN to raise awareness around the world about its role and promote its implementation.
oq-260-22;The potato;3;What variety is used for making McDonald's French fries?;Russet Burbank;Yukon Gold;Shepody;Red Pontiac;When this potato is used to make crisps, a dark coloring occurs due to the phenomenon of caramelization.
oq-260-23;The potato;3;Which Japanese-American entrepreneur is nicknamed the king of the potato?;George Shima;Steve Aoki;Eddie Imazu;Daniel Inouye;At one time, George Shima produced 85% of California's potato crop, which earned him this nickname.
oq-260-25;The potato;3;What Quechua term designates the potato in Latin American countries?;Dad;Mama;Baba;Dada;In this lingua franca of the Inca Empire, papa referred to any type of tuber with the exception of oca.
oq-260-26;The potato;3;What potato extract is used as a primer for stiff laundry?;Poisons;Prontosil;Synthon;Dipole;Resulting from stirring the starch powder in hot water, the starch becomes viscous depending on the starch concentration.
oq-260-27;The potato;3;In Poland, what ratio of potatoes is produced for animal consumption?;One in three;One in five;One in seven;One in nine;Potatoes fed to certain monogastric animals (pigs and poultry) must be cooked to be digestible.
oq-260-28;The potato;3;What traditional dish from the Netherlands consists of mash mixed with vegetables?;Stamppot;Lefse;Potaye;Frico;These accompanying vegetables are often sauerkraut, escarole, kale, or a mixture of carrots and onions.
oq-260-29;The potato;3;In Peru, approximately how many varieties of potatoes are there?;3,000;2,000;4000;1,000;It is used in many dishes such as papa a la huancaina, papa rellena, ocopa and carapulcra.
oq-261-1;World of Warcraft;1;"Which company developed the ""World of Warcraft"" video game?";Blizzard Ent.;Accolade;MicroProse;Palace Software;Blizzard Entertainment (formerly Silicon and Synapse) was founded in 1991 by Allen Adham, Michael Morhaime and Frank Pearce.
oq-261-3;World of Warcraft;1;"In what category of video games can we classify ""World of Warcraft""?";MMORPG;Arcade;Survival horror;Puzzle;These massively multiplayer online games allow a large number of people to interact simultaneously in a virtual world.
oq-261-4;World of Warcraft;1;"What year was ""World of Warcraft"" released in North America?";2004;2007;2010;2013;"Since its release, ""World of Warcraft"" has been the most popular MMORPG, holding a Guinness World Record for its popularity."
oq-261-7;World of Warcraft;1;"What is the general principle of ""World of Warcraft"" based on?";Quests;Barter;Gifts;Speed;After a number of experience points gained during the quests, the player increases his characteristics and his level.
oq-261-8;World of Warcraft;1;"What term designates the servers on which we play ""World of Warcraft""?";Kingdom;Tray;Tour;Entity;Blizzard sometimes allows characters to migrate from one realm to another, in order to unclog a realm from saturation.
oq-261-9;World of Warcraft;1;"What color are the friendly non-player characters in ""World of Warcraft""?";Green;Red;Blue;White;NPCs are characters who can only interact with player characters using artificial intelligence (AI).
oq-261-11;World of Warcraft;2;"What is the name of the sixth expansion for ""World of Warcraft"", released in 2016?";"""Legion""";"""Pandaria""";"""Cataclysm""";"""Lich King""";"Since its release in 2004, seven expansions have already been released, with the seventh expansion, ""Battle for Azeroth"", being released in 2018."
oq-261-12;World of Warcraft;2;Which character will you not be able to play on the Horde side in WoW?;Gnome;Orc;Troll;Undead;"With the arrival of expansions since 2007, each of the ""World of Warcraft"" factions is sometimes given new races."
oq-261-13;World of Warcraft;2;How much does it cost in WoW to migrate a character from one realm to another?;25 euros;15 euros;35 euros;45 euros;Users can create up to 12 characters per realm and 50 characters in total across multiple races and classes.
oq-261-16;World of Warcraft;2;"What is the ""World of Warcraft"" Discovery Edition also called?";F2P;P2P;W2P;K2P;"This model says free to play (also abbreviated F2P), allows anyone to play ""World of Warcraft""."
oq-261-17;World of Warcraft;2;"In ""World of Warcraft"", which item allows you to jump directly to a level?";Sesame;Green key;Thruster;Umbrella;Object now offered in certain cases, the Sesame could be purchased in the Blizzard store for the sum of 50 euros.
oq-261-18;World of Warcraft;2;How many pieces of equipment can a character wear in WoW?;Sixteen;Twelve;Eight;Four;Most high-level pieces of equipment can be upgraded with scrolls or gems.
oq-261-19;World of Warcraft;2;"Which ""World of Warcraft"" expansion traces the return of the Burning Legion?";"""Legion""";"""Pandaria""";"""Cataclysm""";"""Lich King""";"""World of Warcraft"" is the fourth game in the medieval-fantasy ""Warcraft"" universe, introduced by ""Warcraft: Orcs and Humans""."
oq-261-21;World of Warcraft;3;"What does the Worgen race represent from the ""Cataclysm"" expansion of the game ""World of Warcraft""?";Werewolves;Elves;Orcs;Zombies;"Playable from the ""Cataclysm"" expansion, these are contaminated humans who have been transformed into wild monsters."
oq-261-22;World of Warcraft;3;"Which young paladin is prince of the kingdom of Lordaeron in ""World of Warcraft""?";Arthas;Thrall;Sylvanas;Anduin;Arthas Menethil will occupy the Frozen Throne until Tirion Fordring manages to defeat him and Fordragon takes his place.
oq-261-24;World of Warcraft;3;Which WoW class specializes without healing, damage, or tanking?;Monk;Surgeon;Botanist;Carpenter;"The class appeared with the fourth expansion called ""Mists of Pandaria"", which was announced at BlizzCon 2011."
oq-261-25;World of Warcraft;3;"What profession offers the possibility of finding Relics in ""World of Warcraft""?";Archeology;Calligraphy;Jewelery;Mining;"This profession first appeared with ""Cataclysm"", the third expansion announced at the opening session of BlizzCon 2009."
oq-261-27;World of Warcraft;3;"Which ""World of Warcraft"" players collect anything redeemable in the game?";Farmers;Killers;Miners;Runners;Farmers are sometimes also pirates who break into other players' accounts and sell what they own.
oq-261-28;World of Warcraft;3;Which island of Azeroth is the birthplace of the Troll civilization?;Zandalar;Kezan;Pandaria;Nordrassil;The five continents of Azeroth are separated by The Great Sea which houses at its center a huge vortex called The Maelstrom.
oq-261-29;World of Warcraft;3;"In what year was the ""World of Warcraft"" Arathor Human Empire founded?";-2900;55;1148;3024;Azeroth is made up of five continents: The Eastern Kingdoms, Kalimdor, Northrend, Pandaria, and the Shattered Isles to the northeast.
oq-261-30;World of Warcraft;3;"In ""World of Warcraft"", which particular shaman is Gul'dan's mentor?";Ner'zhul;Kamagua;Naaru;Rohart;At the end of the events of the Second War, Ner'zhul will be defeated by the alliance of Humans, High Elves and Dwarves.
oq-262-1;John McEnroe;1;Against whom was John McEnroe leading in the Roland-Garros final in 1984?;Ivan Lendl;Björn Borg;Jimmy Connors;Stefan Edberg;He never managed to win at Roland Garros, although he led two sets to zero in the final against Ivan Lendl in 1984.
oq-262-2;John McEnroe;1;What was John McEnroe's style of play all about?;Attack;Defense;Cut;Amortized;In particular via his serve-volley but also the return-volley with an ultra early ball catch in his very great days.
oq-262-3;John McEnroe;1;Which sportswear brand has John McEnroe worn for a long time?;Sergio Tacchini;Kappa;Nike;Adidas;Sergio Tacchini, born May 30, 1938, is a former tennis player and Italian designer with his brand based in Novara.
oq-262-4;John McEnroe;1;Who was John McEnroe's favorite doubles partner?;Peter Fleming;Bob Hewitt;Sherwood Stewart;Fred McNair;A formidable doubles player, he and John McEnroe formed the strongest pair in the world in the early part of the 1980s.
oq-262-5;John McEnroe;1;What material was his racquet made of until the end of 1982?;Wood;Aluminum;Carbon;Graphite;In 1988, McEnroe was the record holder for the winning percentage over a season with 82 wins and only 3 losses.
oq-262-6;John McEnroe;1;Which of these traits was McEnroe known for during his game?;Bad character;Silent;Shy;Smiling;He frequently got angry with the referees and linesmen during his matches.
oq-262-7;John McEnroe;1;What brand of racquet did McEnroe primarily play with?;Dunlop;Prince;Wilson;Nightingale;The black frame of the Max 200 G, with its green and gold arrows, marks the transition between aluminum, which is too flexible, and graphite.
oq-262-8;John McEnroe;1;Over how many decades has McEnroe won doubles titles?;Four;Three;Two;Five;He overtakes Tom Okker in fifth place for the most titles in doubles (79) behind Todd Woodbridge (83).
oq-262-9;John McEnroe;1;On which of these TV channels has he not commented on matches?;MTV;CBS;NBC;ESPN;Having become a commentator just like his brother Patrick, he also comments at Wimbledon for the BBC in the United Kingdom.
oq-262-10;John McEnroe;1;With which American singer did he form The Johnny Smyth Band?;Patty Smyth;Anne Clark;Debbie Harry;Hazel O'Connor;His particular tone of voice and his new wave image have earned him popularity thanks to the music videos broadcast on MTV.
oq-262-15;John McEnroe;2;Who other than McEnroe was world No. 1 in singles and doubles?;Stefan Edberg;Jim Courier;Michael Chang;Pete Sampras;Right-handed with a one-handed backhand, serving-volley, Stefan Adberg has 42 singles titles to his list.
oq-262-18;John McEnroe;2;Which actor daughter did John McEnroe have three children with?;Tatum O'Neal;Ingrid Bergman;Beatrice Straight;Vanessa Redgrave;"Now bisexual, she won the Oscar for best actress in a supporting role in 1973 for ""Cotton Candy""."
oq-262-21;John McEnroe;3;With whom did he win Roland-Garros in 1977 in mixed doubles?;Mary Carillo;Carrie Neely;Sandra Reynolds;Tatiana Golovin;It is against the pair Mihai-Molina that the American tennis player Mary Carillo won alongside John McEnroe.
oq-262-22;John McEnroe;3;What game show did John McEnroe host?;"""The Chair""";"""The Wall""";"""The Fridge""";"""The Jail""";"Broadcast in 2002 on ABC and BBC One, this game was adapted the following year in France under the name ""Zone Rouge""."
oq-262-23;John McEnroe;3;What year did he become captain of the US Davis Cup team?;1999;2001;2003;2005;Disappointed with the schedule and format of the Davis Cup, he resigned 14 months later, giving way to his brother Patrick.
oq-262-24;John McEnroe;3;How many brothers did John McEnroe grow up with?;Two;Three;Four;Five;John McEnroe has two younger brothers, Mark (born 1964) and former professional tennis player Patrick (born 1966).
oq-262-25;John McEnroe;3;"Who made the documentary ""McEnroe-Lendl: Twilight of the Gods""?";Benjamin Rassat;Bruno Romy;Pierre Rehov;Bernard Revon;Broadcast on Arte and TV5, the original documentary, which is more than eight hours long, will also be offered in 52-minute format.
oq-262-26;John McEnroe;3;At what club did McEnroe start playing tennis with his brothers?;Douglaston;Kennedy;Princetown;Robert Douglas;When he was nine, his parents enrolled him in the Eastern Lawn Tennis Association and he quickly played regional and then national tournaments.
oq-262-27;John McEnroe;3;With whom did he make his last Grand Slam appearance in mixed doubles?;Steffi Graf;Martina Navratilova;Serena Williams;Chris Evert;On invitation in 1999, McEnroe reached the semi-finals at Wimbledon in mixed doubles, but they were forced to forfeit.
oq-262-28;John McEnroe;3;What school in New York did McEnroe graduate from in 1977?;Trinity School;Trafalgar School;Trenton School;Scott School;It is in 1977 that John McEnroe will begin the competition by participating in Roland-Garros, Winbledon and the US Open.
oq-262-29;John McEnroe;3;What was his last title won on the main circuit?;San José;New Haven;Charleston;Birmingham;In 2006, with his Swedish partner Jonas Björkman, John McEnroe won the tournament in San José.
oq-262-30;John McEnroe;3;What TV series did McEnroe appear in in 2006 and 2008?;"""30 Rock""";"""The Office""";"""Modern Family""";"""Friends""";"""30 Rock"" is an American television series in 138 episodes of 25 minutes created by Tina Fey and broadcast between 2006 and 2013."
oq-263-1;Japanese garden;1;How many main principles is a Japanese garden made up of?;Three;Four;Five;Six;The three main principles of the Japanese garden are the reproduction of nature in miniature, symbolism and the capture of landscapes.
oq-263-2;Japanese garden;1;What characteristic is important in most Japanese styles?;Simplicity;Gigantism;Horizontality;Provocation;Miniaturization aims to represent scenes in a limited space, also operating on a reduction of complexity.
oq-263-3;Japanese garden;1;What technique can we give the illusion of space to certain areas of the garden?;Perspective;Symbolism;Concealment;Asymmetry;Unlike the Western perspective, the Japanese garden perspective is based on the three depths principle.
oq-263-4;Japanese garden;1;Historically, how is the teaching of techniques transmitted?;Orally;In writing;Via prints;In Sanskrit;The art of gardening is religious and esoteric.
oq-263-6;Japanese garden;1;In a dry Japanese garden, what is water represented by?;Gravel;Leaves;Branches;Land;Discovered in China, kaolins are white, friable and refractory clays, mainly composed of kaolinite.
oq-263-7;Japanese garden;1;How are Japanese gardens systematically designed?;Closed;Open;On a pond;Hanging;The notion of large open spaces, like the lawns of the Palace of Versailles, is foreign to the Japanese aesthetic.
oq-263-8;Japanese garden;1;What pass was imagined by the masters of the tea ceremony?;Not Japanese;Chinese round;Indian circle;Korean March;Allowing you to connect the tea pavilion by crossing the garden without soiling your kimono, it allows you to move through the beds.
oq-263-9;Japanese garden;1;What technique does the miegakure aim to hide and reveal?;Concealment;Perspective;Symbolism;Asymmetry;The miegakure uses vegetation, buildings and scenery as lanterns to hide or show different parts of the garden.
oq-263-10;Japanese garden;1;What element of the garden plays a purifying role in Shintoism?;Water;Stone;Sand;Wood;Water also played an aesthetic role from the design of the first gardens, strongly inspired by Chinese gardens.
oq-263-11;Japanese garden;2;What principle came from the religious function of the first proto-gardens?;Symbolism;Asymmetry;Perspective;Concealment;Among the frequent symbolic representations we find Mount Shumisen of Buddhism or Mount Horai of Taoism.
oq-263-12;Japanese garden;2;How many shots does the borrowed landscape technique use?;Four;Three;Five;Six;The foreground, minor, the second plan, carefully positioned, the third plan which limits the terrain and the borrowed landscape itself.
oq-263-13;Japanese garden;2;Around what is a Japanese garden often organized?;Building;Pond;Mountain;Tree;Beyond the architecture specific to the building (a residence or a temple), we find most of the elements of many gardens.
oq-263-16;Japanese garden;2;What rough looking rocks often symbolize mountains?;Magmatic;Sedimentary;Metamorphic;Friable;The magmatic rocks, of rather raw appearance, also serve as stepping stones, but above all have a strong accent.
oq-263-17;Japanese garden;2;What element of the Japanese garden are patterns drawn on?;Sand or gravel;Clay;Stagnant water;Dead leaf;The undulating patterns drawn on the sand give an impression of movement, and offer a clear contrast with the rocks.
oq-263-18;Japanese garden;2;What principle prevents an object from unbalancing the composition of a garden?;Asymmetry;Geometry;Triangulation;Horizontality;The principle of asymmetry associates the viewer with the composition, encouraging them to glance from one interesting point to the next.
oq-263-19;Japanese garden;2;Which Japanese gardens are primarily intended for meditation?;Dry gardens;Miniature gardens;Tea gardens;Floating gardens;They use a more abstract representation, where sand or gravel represents the sea, and rocks symbolize mountains.
oq-263-20;Japanese garden;2;What are most dry gardens usually lacking?;Plants;Foam;Sand;Gravel;Many dry gardens have been created in monasteries and Zen temples, hence their common name of Zen garden.
oq-263-21;Japanese garden;3;Which Japanese garden is located in Kanazawa, Ishikawa Prefecture?;Kenroku-en;Aramaki;Maruyama;Murin-an;Along with Mito's Kairaku-en and Okayama's Koraku-en, Kenroku-en is one of Japan's three most famous gardens.
oq-263-22;Japanese garden;3;In what form are the bodies of water in Japanese gardens often drawn?;Sinogramme;Oval;In eight;In a circle;Chinese characters (or sinograms) form the oldest writing system that has remained in continuous use.
oq-263-23;Japanese garden;3;Which conifer represents longevity in a Japanese garden?;Pine;Oak;Beech;Birch;A large number of species of pine can live very long, a dozen species reaching up to 1000 years.
oq-263-24;Japanese garden;3;Which garden is considered the largest Japanese garden in Europe?;Maulevrier;Charance;Malmaison;Séricourt;Located in France, organized around an artificial lake fed by the Monk who crosses it, it contains the species of about 300 plants.
oq-263-25;Japanese garden;3;Historically, on which island did the different styles of gardens appear?;Honshu;Sado;Shikoku;Amani;Honshu (literally the main province) is the largest island in Japan, once known in the West as Hondo.
oq-263-26;Japanese garden;3;What types of Japanese gardens are brought to extreme simplicity?;Tea gardens;Dry gardens;Miniature gardens;Floating gardens;The traditional classification groups Japanese gardens into three main categories, which include tea gardens.
oq-263-28;Japanese garden;3;Which Japanese garden is on a sandbar in the middle of the Asahi River?;Koraku-en;Daigo-ji;Murin-an;Isahaya;The Korakuen, completed in 1863, was built in 1700 at the request of Ikeda Tsunamasa, daimyo of Okayama.
oq-263-30;Japanese garden;3;What is the most famous Japanese garden in the Americas?;Buenos Aires;Lima;Santiago;Caracas;The garden was created on the occasion of the visit to Argentina of the then Crown Prince Akihito, current Emperor of Japan.
oq-264-1;Football 2010-2020;1;Which German player scored 16 goals in the World Cup finals?;Miroslav Klose;Manuel Neuer;Marco Reus;Arjen Robben;On July 8, 2014, Miroslav Klose, a key player in the national team, scored his 16th goal in the World Cup finals.
oq-264-3;Football 2010-2020;1;Which midfielder has long carried a dead squirrel on his head?;Paul Pogba;Renato Sanches;Mario Balotelli;Alexandre Pato;He was transferred from Juventus to his former Premier League club for the sum of 105 million euros + 5 million.
oq-264-4;Football 2010-2020;1;Who was voted best player of the Confederations Cup in 2013?;Neymar;Cavani;Ibrahimovic;Hazard;Since 2017, he has played for Paris Saint-Germain, becoming the most expensive player in football with a transfer to 222 million euros.
oq-264-5;Football 2010-2020;1;Which best goalkeeper of the year 2015 boycotted the votes for the Ballon d'Or?;Gianluigi Buffon;Manuel Neuer;Iker Casillas;Oliver Kahn;Not among the top 23 players, if was nominated for the Golden Ball eight times, finishing second in 2006.
oq-264-6;Football 2010-2020;1;Which clubs dominated the Europa League between 2010 and 2015?;Spanish;Germans;Belgians;Italians;Atlético Madrid hold the title while Sevilla FC are the most successful club in the history of the competition with five victories.
oq-264-7;Football 2010-2020;1;Which football player represents the biggest sale in the history of Lille?;Eden Hazard;Yoann Gourcuff;Karim Benzema;Edinson Cavani;Arrived from Belgium to Lille OSC in 2005 to finish his training, Hazard will explode there at the highest level as a left winger.
oq-264-8;Football 2010-2020;1;Which coach ate his boogers at the 2010 World Cup?;Joachim Löw;Franz Beckenbauer;Sepp Herberger;Stefan Reisch;Joachim Löw won with the German national team the World Cup in 2014 and the Confederations Cup in 2017.
oq-264-10;Football 2010-2020;1;Which brothers faced each other in the 2016 League Cup final?;Touré;Pardo;Cissé;Koutris;Yaya Touré, playing as a midfielder, is the little brother of Kolo Touré, with whom he played at Manchester City.
oq-264-11;Football 2010-2020;2;Which coach went from Benfica Lisbon to Sporting Lisbon?;Jorge Jesus;Pedro Miguel;Paulo Alves;Fernando Peres;Considered a traitor, he nevertheless gave a second youth to Benfica Lisbon thanks to his tactical culture.
oq-264-12;Football 2010-2020;2;How long did it take Robert Lewandowski to score 5 goals on September 22, 2015?;9 minutes;15 minutes;21 minutes;27 minutes;Robert Lewandowski is considered one of the best center-forward in the world, not least thanks to his formidable all-round play.
oq-264-13;Football 2010-2020;2;What did Francesco Totti do after his second goal against Lazio in January 2015?;A selfie;A cumulative;A back somersault;A middle finger;World champion in 2006, he is recognized for his exceptional longevity and his absolute loyalty to his team at heart, Roma.
oq-264-15;Football 2010-2020;2;Which goalkeeper played libero against Algeria in the 2014 World Cup?;Manuel Neuer;Hans Jakob;Lukas Raeder;Tom Starke;Manuel Neuer is distinguished by his reflex saves, his raises, his exits out of the box, as well as his ability to lead his defense.
oq-264-16;Football 2010-2020;2;What did Pep Guardiola learn before joining Bayern Munich in 2013?;German;To party;A birth;To eat rich;Very attached to communication, Pep Guardiola notably won the German championship in 2014, 2015 and 2016.
oq-264-17;Football 2010-2020;2;Which Girondins player is regularly captain of the club since 2014?;Jaroslav Plasil;Youssouf Sabaly;Valentin Vada;Théo Pellenard;On May 31, 2013, he won the Coupe de France against Évian Thonon Gaillard Football Club, his second title with the Girondins.
oq-264-21;Football 2010-2020;3;In which improbable club did Brazilian Adriano almost sign in December 2014?;Le Havre;Reims;Grenoble;Angers;Adriano Vieira Louzada, born in 1979, plays as a striker. He was crowned three times champion of Portugal with FC Porto.
oq-264-22;Football 2010-2020;3;Which Italian striker missed a penalty in the Copa America final in 2015?;Gonzalo Higuarin;Edinson Cavani;Antonio Di Natale;Francesco Totti;Lionel Messi having scored the first penalty, Gonzalo Higuarin Higuain takes care of the second but misses his shot.
oq-264-23;Football 2010-2020;3;What is the first name of Mbokani, who moved to Monaco in 2010-2011?;Dieumerci;January;Ahmed;Tidiane;On March 22, 2016, Mbokani was present at Zaventem airport during the Brussels attacks. He gets away with it, but in shock.
oq-264-25;Football 2010-2020;3;Which player became the second highest scorer in Mexican history at 26?;Chicharito;Villa;Alonso;Silvera;He owes his nickname Chicharito (diminutive of peas) to his father who was nicknamed Chicharo with his green eyes.
oq-264-26;Football 2010-2020;3;Which Lille coach has more convinced by his shirts than on the bench?;Hervé Renard;Philippe Redon;Denis Renaud;Antoine Redin;Former French player, Hervé Renard played in 2018 his first World Cup as a coach with the selection of Morocco.
oq-264-28;Football 2010-2020;3;Which club recruited Fernandinho in 2013 and Fernando in 2014?;Manchester City;Liverpool;Chelsea;Arsenal;Manchester City Football Club had its most prosperous times from the late 1960s to the early 1970s.
oq-264-29;Football 2010-2020;3;Which OL player has placed 36 free kicks in a row in 2013 and 2014?;Clement Grenier;Fabio Grosso;André Grillon;Marco Grassi;Taking himself for the new Juninho, Clément Grenier will quickly turn into a ghost because of nasty injuries.
oq-264-30;Football 2010-2020;3;What other sport is striker Zlatan Ibrahimovic a black belt?;Taekwondo;Judo;Karate;Budo;He is considered one of the most complete center-forward and one of the best strikers in football history.
oq-265-1;Famous Alberts;1;Which French humorist is known for his sketches on the Canal + channel?;Albert Algoud;Albert Spaggiari;Albert Préjean;Albert Ferrasse;"In ""Nulle part ailleurs"", he appeared in the gang of actors who took part in the filming of Karl Zero's sketches."
oq-265-2;Famous Alberts;1;Which Albert wrote plays, novels, short stories and poems?;Albert Camus;Albert Uderzo;Albert Ducrocq;Albert Samain;Nobel Prize winner Albert Camus developed a humanism based on the awareness of the absurdity of the human condition.
oq-265-4;Famous Alberts;1;Who was successively German, stateless, Swiss and Swiss-American?;Albert Einstein;Albert Schweitzer;Albert Batteux;Albert Fratellini;Albert Einstein published his theory of special relativity in 1905 and his theory of gravity known as general relativity in 1915.
oq-265-6;Famous Alberts;1;"Who is the creator, with screenwriter René Goscinny, of the ""Asterix"" series?";Albert Uderzo;Albert Calmette;Albert Ferrasse;Albert Ducrocq;"Albert Uderzo being color blind, the coloring of ""Asterix"" albums was provided for a long time by his brother Marcel Uderzo."
oq-265-7;Famous Alberts;1;Who was with his two brothers a world famous clown?;Albert Fratellini;Albert Ferrasse;Albert Dieudonné;Albert Dupontel;Albert got married to Amalia di Palma. They had a daughter Alberta-Luisa, married to Dutch circus director Ernest Carré.
oq-265-8;Famous Alberts;1;"Which Albert has proposed cult sketches like ""Le Bac"" or ""Rambo""?";Albert Dupontel;Albert Algoud;Alberto Contador;Albert Canet;Wishing to preserve his family and particularly his father, Philippe Guillaume chose Albert Dupontel as his stage name.
oq-265-9;Famous Alberts;1;Which biologist is a specialist in population genetics?;Albert Jacquard;Albert Samain;Albert Schweitzer;Albert Algoud;He is also a member of the sponsorship committee of the French Coordination for the Decade of the Culture of Peace and Non-violence.
oq-265-11;Famous Alberts;2;Which doctor and pastor received the Nobel Peace Prize in 1952?;Albert Schweitzer;Albert Costa;Albert Lamorisse;Albert Finney;The hospital he developed in the equatorial forest on the edge of the Ogooué from 1913 made him known throughout the world.
oq-265-12;Famous Alberts;2;Who is known to have been the mastermind of the heist of the century in 1976?;Albert Spaggiari;Albert Costa;Albert Jacquard;Albert Canet;A supporter of the OAS, writer and photographer, he escaped the French police during his run which lasted until his death.
oq-265-13;Famous Alberts;2;Which of these propositions does not designate an Albert Cohen novel?;"""Mission""";"""Solal""";"""Mangeclous""";"""Les Valeureux""";"At first a diplomat, he published his first novel in 1930 but it was not until 1968 that he became famous with ""Belle du Seigneur""."
oq-265-14;Famous Alberts;2;Which Spanish tennis player was the winner at Roland Garros in 2002?;Albert Costa;Albert Préjean;Albert Samain;Albert DeSalvo;A clay court specialist, he won 12 ATP tournaments, all on this surface, beating Juan Carlos Ferrero in the final in 2002.
oq-265-15;Famous Alberts;2;To whom do we owe the tuberculosis vaccination with BCG?;Albert Calmette;Albert Spaggiari;Albert Schweitzer;Albert Einstein;He was the brother of Émile Calmette, medical inspector general of the armed forces, and Gaston Calmette, director of Le Figaro.
oq-265-17;Famous Alberts;2;Who played Ernest Hemingway and Winston Churchill on television?;Albert Finney;Albert Algoud;Albert Canet;Albert Samain;An actor, director, producer and singer, he has been nominated twice for the Tony Awards for the role of Martin Luther.
oq-265-18;Famous Alberts;2;"Who is the main actor in ""Napoleon"", an Abel Gance film?";Albert Dieudonné;Albert Calmette;Albert Dupontel;Albert Algoud;According to Jean Tulard, he would have been so marked by his role that over the years he would have come to think of himself as the emperor.
oq-265-19;Famous Alberts;2;Which Albert was president of the French Tennis Federation?;Albert Canet;Albert Jacquard;Albert Lebrun;Albert Decourtray;Son of the engineer Gustave Canet, designer of the famous Canet cannon, Albert Canet was president of the FFT from 1925 to 1930.
oq-265-20;Famous Alberts;2;In what art is the French Albert Marquet illustrated with his bright colors?;Painting;Photography;Sculpture;Cinema;Albert Marquet's work is made up of simplified plans, bright and degraded colors, with an accomplished art of framing.
oq-265-21;Famous Alberts;3;"Who collected an iconographic collection entitled ""Archives of the Planet""?";Albert Kahn;Albert Calmette;Albert Jacquard;Albert Lamorisse;This collection made up of autochromes (color photographs on glass plates) is the largest in the world.
oq-265-23;Famous Alberts;3;Who is one of the three best French football coaches of the 20th century?;Albert Batteux;Albert Finney;Albert Dieudonné;Albert Lebrun;When Batteux became the coach of the Stade de Reims, he set up a style of play that would be called rémoise game.
oq-265-24;Famous Alberts;3;Who was Monsieur Loyal in the first Jean Richard circus?;Albert Préjean;Albert Ducrocq;Albert Costa;Albert Kahn;He confided his memories to his son Patrick Préjean, in a book published in 1979.
oq-265-26;Famous Alberts;3;Who is the inventor of an aerial photography system, the Hélivision?;Albert Lamorisse;Albert Decourtray;Albert Calmette;Albert Lebrun;"This pioneering technique of anti-vibration systems for aerial shots was used in the first "" James Bond \u003c/I\u003e."
oq-265-27;Famous Alberts;3;Which Albert was French rugby union champion in 1945?;Albert Ferrasse;Albert Samain;Albert Batteux;Albert Calmette;Having played on the second left line at SU Agen, Albert Ferrasse was an excellent touchdown receiver because of his relaxation.
oq-265-28;Famous Alberts;3;To which cyberneticist, among others, do we owe the electronic fox?;Albert Ducrocq;Albert Jacquard;Albert Spaggiari;Albert Kahn;Ducrocq had endowed it with a capacitive sense by means of a mass detection device recovered from a mine detector.
oq-265-30;Famous Alberts;3;Which serial killer strangled thirteen women between 1962 and 1964?;Albert DeSalvo;Albert Ducrocq;Albert Dieudonné;Albert Kahn;He was also nicknamed the Man in Green in reference to the color of his workman's outfit carrying out repairs.
oq-267-1;Money Heist;1;"In which country was the series ""La Casa de Papel"" filmed?";Spain;France;Italy;Portugal;It took more than three months and around forty professionals to build the sets for the interior of the factory.
oq-267-2;Money Heist;1;"On which streaming platform have we seen ""La Casa de Papel""?";Netflix;PeerTube;Megavideo;Vimeo;The idea for Netflix came from a frustration after having to pay $ 40 for a movie rented but made too late.
oq-267-3;Money Heist;1;"How many criminals has the professor recruited from ""La Casa de Papel""?";Eight;Six;Ten;Twelve;The eight starting robbers in the series are Tokyo, Rio, Berlin, Moscow, Denver, Nairobi, Helsinki and Oslo.
oq-267-4;Money Heist;1;"From which painter are the masks worn in ""La Casa de Papel"" inspired?";Salvador Dali;Joan Miro;René Magritte;Max Ernst;Dali is considered one of the main representatives of surrealism, and one of the most famous painters of the twentieth century.
oq-267-5;Money Heist;1;"What names do the robbers of ""La Casa de Papel"" use?";Names of cities;Country Names;Names of flowers;Names of painters;One day, a member of the production arrived with a T-shirt with Tokyo written on it! This is how it started.
oq-267-6;Money Heist;1;Which character is also the narrator of this extraordinary burglary?;Tokyo;Nairobi;Rio;Denver;Tokyo, who is also the show's main female character, shares her impressions throughout her narration.
oq-267-7;Money Heist;1;"Which qualifier best identifies Berlin in the ""La Casa de Papel"" series?";Psychopath;Helpful;Punctual;Attentive;Berlin is committed to following the rules defined by the Professor, although he was the first to have hijacked them by having a hostage killed.
oq-267-9;Money Heist;1;What object belonging to Angel did the robbers put a microphone in?;His glasses;His pen;His computer;His phone;Impersonating a nurse, Angel broke into the Factory to analyze the situation from the inside.
oq-267-10;Money Heist;1;"Which Serbian is Helsinki's cousin in the ""La Casa de Papel"" series?";Oslo;Rio;Denver;Berlin;His real name is Radko Dragic, but he is also known to the police as Dimitri Mostovoi.
oq-267-12;Money Heist;2;"Who is seen as the Mozart of computers in the ""La Casa de Papel"" series?";Rio;Nairobi;Moscow;Helsinki;In a relationship with Tokyo, Rio programs computers and manages explosives as well as their strategic placement.
oq-267-13;Money Heist;2;"On which Iberian channel was the series ""La Casa de Papel"" broadcast?";Antena 3;Cuatro;Boing;Canal Club;Antena 3 is a Spanish private commercial general-interest television channel belonging to the Atresmedia group.
oq-267-14;Money Heist;2;"How many people were taken hostage in ""La Casa de Papel""?";67;55;42;39;Hostages often wear the same outfits and masks as robbers so they can be confused.
oq-267-15;Money Heist;2;What is the name of the assistant inspector, colleague and friend of Raquel?;Angel;Alberto;Pablo;Francisco;Married to Mari Carmen, Angel Rubio has been a police sub-inspector, working in partnership with Inspector Raquel Murillo for fifteen years.
oq-267-16;Money Heist;2;Which car did El Profesor have a hard time hiding from the police?;Seat Ibiza;Ford Escort;Audi 100;Renault Clio;The Professor will go to the scene himself to cover up the footprints, posing as a tramp.
oq-267-17;Money Heist;2;"Which of these cities does not designate one of the characters in ""La Casa de Papel""?";Dallas;Oslo;Helsinki;Nairobi;The robbers gave themselves names of cities so as not to have to disclose their real identity to other stakeholders.
oq-267-18;Money Heist;2;"Whose son is Denver in the ""La Casa de Papel"" series?";Moscow;Oslo;Berlin;Washington;Moscow took his son with him in the Professor's plan because he has problems with some traffickers.
oq-267-19;Money Heist;2;What quality manager has been doing in counterfeit money since he was thirteen years old?;Nairobi;Tokyo;Oslo;Moscow;Her personal charisma and good humor make everyone get along well with her, except Berlin, who frequently disagrees.
oq-267-20;Money Heist;2;What is the name of the secretary of the director of the Factory?;Monica;Silene;Mercedes;Ariadna;Well educated and kind, Monica is considered the typical type of woman who often makes bad choices.
oq-267-21;Money Heist;3;"What party did Netflix show ""La Casa de Papel"" before in 2017?";Christmas;Easter;Halloween;National holiday;The internet giant has asked the writers to design two additional seasons, which will therefore number four.
oq-267-22;Money Heist;3;How long did the robbers live in seclusion?;Five months;Twenty days;Two years;Ten months;The Professor took the opportunity to disclose everything his robbers needed to know to achieve this coup of the century.
oq-267-23;Money Heist;3;"Which Spanish screenwriter created the hit TV series ""La Casa de Papel""?";Alex Pina;Juan Bas;Luis Tosar;Enrique Gato;Alex Pina started his career as a journalist in the press and later with the Europa news agency.
oq-267-24;Money Heist;3;"What is Tokyo's real first name in the ""La Casa de Papel"" series?";Silene;Raquel;Agata;Monica;Silene Oliveira has nothing to lose by contributing to this theft because she has nothing or anyone important in her life.
oq-267-25;Money Heist;3;Which actor plays Salvador Salva Martin, says the Professor?;Alvaro Morte;José Mota;Mario Morales;Alfredo Mayo;In 2012, Alvaro Morte founded the theater company 300 Pistolas with which he directs plays.
oq-267-28;Money Heist;3;What revolutionary anti-fascist song has become the anthem of the series?;"""Bella ciao""";"""Ruota Libera""";"""Adesso tu""";"""La Montanara""";The lyrics of the version which refers to the oldest events were fixed in 1951 by Vasco Scansani.
oq-268-1;Football 2000-2010;1;Which is the only team to have beaten Spain during Euro 2008?;Italy;Greece;Germany;France;The outgoing champion, Greece, put their title on the line against fifteen other nations, including the two host countries.
oq-268-2;Football 2000-2010;1;What instrument of torture almost ruined the 2010 World Cup?;Vuvuzela;Oporo;Treat;Sodina;This horn was a subject of controversy following the incessant buzzing generated during matches and their broadcast.
oq-268-3;Football 2000-2010;1;Which club sent the most players to the 2002 World Cup?;Inter Milan;Arsenal FC;Bayern Munich;Real Madrid;14 Inter Milan players were selected, 11 Arsenal FC players, 10 Bayern Munich and Real Madrid players.
oq-268-5;Football 2000-2010;1;In which city was the 2002 World Cup final played?;Yokohama;Seoul;Osaka;Kobe;In 2018, the Nissan Stadium has the largest number of seats on offer in a stadium in Japan with 72,327 seats.
oq-268-7;Football 2000-2010;1;How many goals did Thierry Henry score during the 2003-2004 season?;39;29;49;59;Thierry Henry will be voted player of the year in England, best French player of the year and wins the European Golden Shoe.
oq-268-10;Football 2000-2010;1;In what year did the UEFA Cup become the Europa League?;2009;2007;2011;2013;Since 2015, the winner of the competition has automatically qualified for the UEFA Champions League.
oq-268-11;Football 2000-2010;2;Which player with the big nose finished top scorer in La Liga in 2002-2003?;Roy Makaay;Lucas Toni;Cristiano Ronaldo;Lionel Messi;In 2003, Bayern Munich made one of the biggest transfers in its history by buying it for the sum of 20 million euros.
oq-268-12;Football 2000-2010;2;"What is the nationality of Santiago Munez, star of the film ""Goal""?";Mexican;Spanish;Italian;Portuguese;"""Goal!"" will be extended into a trilogy with a film in 2005, 2007 and finally in 2009 with a film released on DVD only."
oq-268-13;Football 2000-2010;2;"Who directed the film ""Looking for Eric"", with Éric Cantona?";Ken Loach;Peter Lord;Alan Parker;Jack Rosenthal;The title of the film plays on the first name of the main character (Eric Bishop) and his idol, footballer Eric Cantona.
oq-268-14;Football 2000-2010;2;Which animal was Zakumi mascot supposed to represent in 2010?;Leopard;Bear;Dolphin;Turtle;Its name comes from ZA, the international abbreviation for South Africa, and kumi, a word which means ten in Africa.
oq-268-15;Football 2000-2010;2;In what year did famous referee Pierluigi Collina retire?;2005;2002;2008;1999;Euro 2004 will be his last major tournament as he reaches the retirement age set at 45 for international referees.
oq-268-16;Football 2000-2010;2;Which French goalkeeper became a Porsche driver in 2008?;Fabien Barthez;Rudy Riou;Jean Castaneda;Roland Amar;He has 87 caps for the French team, but is preceded by another goalkeeper, Hugo Lloris, who has passed the hundred.
oq-268-19;Football 2000-2010;2;What name was given to the football used at the 2010 World Cup?;Jabulani;Brazuca;Europass;Tango 12;The goalkeeper of the France team, Hugo Lloris, will describe it as a disaster, favoring random trajectories.
oq-268-20;Football 2000-2010;2;What number did Lionel Messi wear on his football shirt when he debuted?;30;20;10;7;It is the addition of the numbers of Deco and Ronaldinho, his friends who came to pick him up every morning to go to training.
oq-268-21;Football 2000-2010;3;Which Ukrainian has tampered with his passport to play ASSE in Greece?;Maksym Levytsky;Artem Dovbyk;Bohdan Butko;Denys Holaydo;Licensed from the club, after taking legal action against the Saint-Etienne club, he was dismissed on September 27, 2006.
oq-268-24;Football 2000-2010;3;From what year did Mourinho become A Special One?;2004;2006;2008;2002;This nickname was given during a press conference, in reference to the consecutive European titles obtained with FC Porto.
oq-268-26;Football 2000-2010;3;Who was voted the best air football player of the 2000s?;Koji Nakata;Naohiro Takahara;Seiichiro Maki;Yoichi Doi;According to a survey by France Football magazine, Koji Nakata is one of the worst recruits in the history of Olympique de Marseille.
oq-268-28;Football 2000-2010;3;Who is the only player to have moved from Bayern Munich to Olympique Lyonnais?;Giovane Élber;Thomas Linke;Diego Contento;Hans Nowak;After a satisfactory first season (10 goals in 27 games), Élber was injured at the start of his second season in Lyon.
oq-268-29;Football 2000-2010;3;According to Zinedine Zidane, which midfielder was the best in the world?;Paul Scholes;Wayne Rooney;Frank Lampard;Paul Robinson;With 700 appearances, he is the third-most played player for Manchester United, behind Ryan Giggs and Bobby Charlton.
oq-268-30;Football 2000-2010;3;After playing for Juventus, where did David Trezeguet sign?;Allicante;Baniyas;River Plate;Pune City;Trezegol has played three World Cups and won the competition in 1998 as well as the European Championship 2000.
oq-269-1;Electronic artists;1;What American DJ and composer is nicknamed the Godfather of House?;Frankie Knuckles;Tony Humphries;Ron Hardy;Larry Heard;In 2004, the city of Chicago honored the famous DJ by declaring August 25 to be officially Frankie Knuckles Day.
oq-269-2;Electronic artists;1;Which American DJ remixed Björk, Sting, Michael Jackson and Robert Plant?;Todd Terry;Junkie XL;Maurice Joshua;Junior Jack;"We owe him one of the best remixes of ""Missing"" from Everything But the Girl, which revealed the band then little known to the general public."
oq-269-3;Electronic artists;1;Which DJ is better known by his stage name Duke Dumont?;Adam Dyment;James Lavelle;Theo Keating;Mike Dred;"Managing the Blasé Boys Club label, Duke Dumont is particularly known for his hit ""Need U (100%)"" with singer A*M*E."
oq-269-5;Electronic artists;1;Which DJ and producer founded and managed the French label F Communications?;Laurent Garnier;Frank Savannah;Étienne de Crécy;Didier Marouani;Laurent Garnier's career began when he moved to London to become the French Ambassador's footman.
oq-269-7;Electronic artists;1;"Who released the ""Super Discount"" compilation of songs from friends?";Étienne de Crécy;Don Rimini;Roudoudou;Doctor Flake;This is a concept album, insofar as the title crosses the entire cover with a font reminiscent of the sales.
oq-269-8;Electronic artists;1;"Who is the author of the electro track ""Infinity"", remixed by German DJ Klaas in 2008?";Guru Josh;Tristan Garner;Joe Smooth;Rick Wade;Paul Walden, known as Guru Josh, passed away on December 28, 2015 at the age of 51. The cause of his death would be suicide.
oq-269-10;Electronic artists;1;"Which DJ collaborated with Superfunk in 1999 on the track ""Lucky Star""?";Ron Carroll;Morgan Page;Ian Pooley;Tomcraft;Ron Carroll has worked with some of the most famous producers, like E-Smoove, Maurice Joshua or Bob Sinclar.
oq-269-11;Electronic artists;2;"Which producer and remixer signed the highly regarded ""My Everything""?";Versus 5;Todd Terry;Alex Gopher;Emmanuel Top;In early 2013, at the age of 37, Versus 5 took a turn and took a more underground direction in the House and Deep house styles.
oq-269-12;Electronic artists;2;Which of these albums can't we attribute to French DJ Alexkid?;"""Lemon""";"""Bienvenida""";"""Mint""";"""Caracol""";Alexkid signed with F Communications in 2002 to produce his compositions.
oq-269-13;Electronic artists;2;Which DJ is behind the nicknames Swan Lake, Orange Lemon or Royal House?;Todd Terry;Steve Hurley;Brian Cross;Larry Levan;This illustrious American DJ is renowned for having greatly contributed to the evolution of house in the late 1980s.
oq-269-15;Electronic artists;2;"Who released a track called ""Idealism"" after ten years of musical silence?";Emmanuel Top;Jay Alanski;Gaspard Augé;Wally Badarou;Born October 30, 1971 in Tourcoing, Emmanuel Top began his career at the end of the 1980s on the Belgian label DIKI Records.
oq-269-16;Electronic artists;2;"Under what name did Charles Webster release his first album ""All Systems Gone""?";Presence;Felix;Deorro;Llorca;Charles Webster gradually built a solid reputation in the 1980s, to become a staple in the 1990s.
oq-269-17;Electronic artists;2;"Who released three EPs before releasing the ""New Comer"" album in 2001?";Llorca;Junkie XL;Todd Terry;Tom Middleton;"Both critical and commercial success, ""New Comer"" sold 170,000 copies and made Llorca known to a wide audience."
oq-269-18;Electronic artists;2;"Which French DJ invited Jean-Paul Gaultier in his clip ""Boys and Girls""?";Martin Solveig;Michel Geiss;Denis Dufour;DJ Radium;It has long been assumed that he had chosen his pseudonym in homage to Solveig Dommartin, who died of a heart attack.
oq-269-20;Electronic artists;2;What German DJ offers house influenced by Brazilian music?;Ian Pooley;Flume;Kevin Yost;Theo Parrish;After a long collaboration with the label V2 Records, Ian Pooley launched his own house, Pooled Music.
oq-269-21;Electronic artists;3;Which French musician forms the duo Trankilou with Ark?;Pépé Bradock;Franck Vigroux;Alex Gopher;Martin Solveig;"Pépé Bradock, whose real name is Julien Auger, released his first album ""Synthèse"" on the French label Versatile Records in 1998."
oq-269-22;Electronic artists;3;"Who signed ""Move Your Body"" that appeared in ""Grand Theft Auto: San Andreas""?";Marshall Jefferson;Mark Farina;Steve Hurley;Maurice Joshua;Composer and producer of electronic music, Marshall Jefferson is one of the great masters of Chicago house music.
oq-269-23;Electronic artists;3;Which New York duo are also called MAW, KenLou and Nuyorican Soul?;Masters at Work;Matmos;Major Lazer;Madison Park;"Composed of Little Louie Vega and Kenny Dope Gonzalez, their best-known song is ""Work"", released in 2002 and again in 2007."
oq-269-24;Electronic artists;3;Which American DJ runs Madhouse Records, Inc.?;Kerri Chandler;Derrick Carter;Ron Carroll;Joe Smooth;Born in 1969, Kerri Chandler is considered one of the founders of deep house, alongside Larry Heard for example.
oq-269-26;Electronic artists;3;"What 2010 revelation is behind the track ""What They Say""?";Maya Jane Coles;Anne Dudley;Mira Calix;Ellie Goulding;She is the daughter of Luriko and Michael Coles, graphic designer, author among other things of the vast majority of the covers of the Killing Joke gr
oq-269-27;Electronic artists;3;Which British DJ collaborates a lot with Australian Mark Pritchard?;Tom Middleton;Tim Westwood;Tom Staar;Tim Lee;Tom Middleton, born 1971, is also known by the pseudonym E621, a code borrowed from a very common flavor enhancer.
oq-269-28;Electronic artists;3;Which of these house music musicians was born in Lisbon, Portugal?;DJ Vibe;DJ Deep;DJ Deeon;DJ Assad;DJ Vibe has already mixed around the world, London (Ministry of Sound), Ibiza (Pacha), New York (Vinyl) and Madrid (Deep).
oq-269-29;Electronic artists;3;Which New Yorker runs the Dopewax Records music label?;Kenny Dope;Chicane;Vince Lawrence;Afrojack;Under the pseudonym Masters At Work, the parties he organized were very successful and caught the attention of Todd Terry.
oq-272-1;Football 1990-2000;1;Which of these attackers was not taken by Aimé Jacquet to Euro 1996?;Anelka;Djorkaeff;Dugarry;Loko;This edition, organized by England between June 8 and June 30, 1996, was the first to be contested by sixteen nations.
oq-272-2;Football 1990-2000;1;How many Italian league titles did AC Milan win between 1900 and 1999?;Five;Four;Three;Two;Its great rival is Inter, the other club in the Lombard capital, whose derbies are called derby della Madonnina in Italy.
oq-272-3;Football 1990-2000;1;Which African Ballon d'Or from 1998 had a very peculiar looking goat?;Mustapha Hadji;Victor Ikbepa;Nwankwo Kanu;George Weah;Former midfielder of the Morocco football team, Hadji was Moroccan international from 1993 to 2002 with 12 goals scored.
oq-272-4;Football 1990-2000;1;"Who was Jean-Michel Larqué talking to with his now legendary ""Totally Thierry""?";Thierry Roland;Thierry Henry;Thierry Gilardi;Thierry Cazeneuve;Thierry Roland has commented during his career 13 World Cups, 9 European Championships and 1360 football matches.
oq-272-6;Football 1990-2000;1;Who had the tendon of the knee crushed during the Bordeaux-Bayern final in 1996?;Bixente Lizarazu;Christophe Dugarry;Marcel Desailly;Lilian Thuram;For the final against Bayern Munich, his last match with the Girondins, Lizarazu comes out after a dangerous tackle from Emil Kostadinov.
oq-272-9;Football 1990-2000;1;Who took number 9 from Inter Milan player Ivan Zamorano in 1997?;Ronaldo;Klose;Rossi;Rivaldo;Top scorer at the 2002 World Cup with eight goals, he was the best player in the final during which he scored twice.
oq-272-10;Football 1990-2000;1;Which trophy rewards the best African footballer playing in Belgium?;Ebony shoe;Golden Boot;Bronze shoe;Silver Shoe;This award, whose jury includes the national coach, was created in 1992 by the non-profit organization African Culture Promotion.
oq-272-12;Football 1990-2000;2;Which country won the gold medal at the 1992 Barcelona Olympics?;Spain;Italy;Portugal;France;The matches were played in five stadiums in five major Spanish cities, with an all-male competition.
oq-272-13;Football 1990-2000;2;"Who does Doc Gynéco score against in the ""Passing de pieds"" clip?";Dino Zoff;Giuseppe Casari;Alberto Fontana;Luigi Sepe;"""Passement de pieds"" is taken from ""Première consultation"", Doc Gynéco's first album, released on April 15, 1996."
oq-272-14;Football 1990-2000;2;Which country won the men's gold medal at the 1996 Atlanta Olympics?;Nigeria;China;Brazil;Norway;For the first time, women's teams participate in the Olympic Games in football, and unlike men, without age restriction.
oq-272-15;Football 1990-2000;2;What was the shoe size of Romario, talent of the 1994 World Cup?;35;37;39;41;Nicknamed the little one, he is famous for having won the 1994 World Cup, in which he was named best player.
oq-272-16;Football 1990-2000;2;In 1998, who produced the Nike ad where the Brazilian team have fun in an airport?;John Woo;Michael Bay;James Cameron;Steven Spielberg;John Woo is considered to have greatly influenced action cinema and is known for his chaotic action sequences.
oq-272-17;Football 1990-2000;2;Which luxury consultant accompanied Didier Roustan to comment on the 1994 World Cup?;Eric Cantona;Bixente Lizarazu;Laurent Blanc;Didier Deschamps;"Didier Roustan is a French sports journalist specializing in football who presented and then directed the TF1 show ""Téléfoot""."
oq-272-19;Football 1990-2000;2;How many English league titles did Manchester United win between 1900 and 1999?;Five;Four;Three;Six;Manchester United Football Club is one of the richest and most fan-supported clubs in the world.
oq-272-20;Football 1990-2000;2;Who was voted best goalkeeper on the planet in 1997 and 1998?;Jose Luis Chilavert;Walter Zenga;Oliver Kahn;Andreas Köpke;With 67 goals scored, he is the second goalkeeper to have scored the most goals (after the Brazilian Rogério Ceni and his 132 goals).
oq-272-21;Football 1990-2000;3;Who missed 3 penalties in the same match in 1999 in the middle of the Copa America?;Palermo;Figueroa;Cardetti;Fuertes;Martin Palermo thus entered the Guinness Book of Records by achieving this poor performance against Colombia.
oq-272-22;Football 1990-2000;3;Who was the jersey sponsor of Bayern Munich, AC Milan and PSG in 1996?;Opel;Volvo;Renault;Fiat;Bayern Munich were sponsored by Adidas (1974), Iveco (1978), Commodore (1984), Opel (1989) and Deutsche Telekom (2002).
oq-272-23;Football 1990-2000;3;What great Romanian player was nicknamed the Carpathian Maradona?;Gheorghe Hagi;Gheroghe Popescu;Cosmin Contra;Adrian Mutu;He is considered one of the best players in the world, especially during his stints at Real Madrid and FC Barcelona.
oq-272-25;Football 1990-2000;3;"What year was the Adidas ""Predator"" shoe released?";1994;1998;1990;2000;"The ""Predator"" has rubber sipes on the front of the boot which are supposed to improve the power and precision of shots."
oq-272-26;Football 1990-2000;3;What is the first and only football game to be released on Game Gear?;"""Super Kick Off""";"""Libero Grande""";"""Sierra Soccer""";"""Actua Soccer""";"The game ""Kick Off"" was conceived, programmed and drawn by Dino Dini on Atari ST, who adapted it with Steve Screech on Amiga."
oq-272-28;Football 1990-2000;3;"Who ran the ""Needle crampons"" section in ""Téléfoot""?";Marianne Mako;Charlotte Namura;Sophie Thalmann;Vanessa Caffin;"""Telefoot"" is one of the television broadcasts with the larger longevities of the PAF, after ""Automoto"", ""Thalassa"" and ""Stade 2""."
oq-272-29;Football 1990-2000;3;Which English player committed suicide in 1998 after declaring his homosexuality?;Justin Fashanu;Robbie Findley;Danny Fox;Trevor Francis;Accused of assault, Justin Fashanu was found hanged in a Shoreditch garage on May 2, 1998, with a suicide note.
oq-272-30;Football 1990-2000;3;Which guard has executed on his line an incredible shot of Scorpion in 1995?;René Higuita;Jacobo Sanz;Albano Bizzarri;Sergio Asenjo;A free kick and penalty kicker, Higuita scored around 40 goals in his career, including three for Colombia.
oq-277-5;Halloween;1;What color is, with black, traditionally associated with Halloween?;Orange;Green;Blue;Rose;For the historian Nadine Cretin, these colors were adopted after the meeting of Halloween with the ancient feast of the Dead of Mexico.
oq-277-6;Halloween;1;At home, that denounce certain voices against the Halloween party?;Americanization;Africanization;Arabization;Hispanization;This term is widely used to describe the influence exercised by the United States on the lives of citizens of other countries of the world.
oq-277-8;Halloween;1;Who made the movie Halloween: Night of Masks released in 1978?;John Carpenter;Ridley Scott;Joe Dante;Wes Craven;This long-film produced by Moustapha Akkad is part of the series of films Halloween, which is the original opus.
oq-277-9;Halloween;1;Which character is probably the most popular Halloween?;Jack-o'-lantern;Siegfried;Aymon;Bayard;Enlightened by a burning coal placed in a sunken turnip, Jack was sentenced to wander aimlessly until the day of judgment.
oq-277-11;Halloween;2;Which TV series is the sixth episode of season 2 titled Halloween?;Buffy;Charmed;Fallen;Glitch;In a survey organized by Syfy in 2012, television audiences ranked it in 16th place in the best episodes of the series.
oq-277-12;Halloween;2;The iconic Halloween lantern is from a legend of what country?;Ireland;Norway;Sweden;Finland;A jack-o'-lantern is a turnip lit and lighted from the inside with a candle, and in which a face was cut off.
oq-277-14;Halloween;2;What is the central character of the series of Halloween movies?;Michael Myers;Jigsaw;Norman Bates;Damien Thorn;The character Michael Myers appears in nine films, as well as novels, a video game and in several comics.
oq-277-15;Halloween;2;In Ireland, what do you get all over the country to celebrate Halloween?;Fireworks;Language;One shot;The strings;In Ireland, Halloween is a very popular holiday, known as the Gaelic Oche Shamhna (the night of the end of the summer).
oq-277-16;Halloween;2;How much is spent each year in the US for Halloween?;8 billion;6 billion;4 billion;2 billion;In several countries not traditionally celebrating Halloween, its introduction has sparked more or less opposition.
oq-277-17;Halloween;2;In which city is it forbidden to celebrate Halloween in schools?;Moscow;Berlin;Amsterdam;London;In Russia, the Kremlin and the Orthodox Church are trying to curb the growing popularity of Halloween.
oq-277-18;Halloween;2;Which company organized in 1999 a Halloween Party at the Zénith de Paris?;Coca-Cola;Lego;Playmobil;Nestlé;The Coca-Cola brand has organized at the same time more than 400 operations in the bars and discotheques of France.
oq-277-19;Halloween;2;In what television series is Halloween the most magical day of the year?;Charmed;Fallen;Glitch;Heroes;It is by this magic that the demons defeated in the past year can come back from the dead for the day.
oq-277-21;Halloween;3;What other celebration is the Halloween tradition a legacy?;Samain;Beltaine;Imbolc;Tralee;This festival was celebrated at the beginning of autumn by the Celts and was for them a kind of New Year's party.
oq-277-22;Halloween;3;In Ireland, what light fruit cake was cooked and tasted during Halloween?;Barmbrack;Koulitch;Joffre;Rombosse;A ring was placed in the cake before cooking, and whoever found the ring would find true love during the year.
oq-277-23;Halloween;3;When did the custom of Trick or treat appeared in the United States?;1930;1950;1970;1990;Today, Halloween is celebrated by one out of every two Americans, 72% distribute candies and 40% go crazy.
oq-277-24;Halloween;3;Who founded the company Optos-Opus in France to register the Halloween brand?;Philippe Cahen;André Dumont;Pascal Barbier;Alexandre Aix;The company sells confectionery, drinks, cakes and various food products to enhance the image of the party.
oq-277-25;Halloween;3;In England, what did the families eat around the fire at Halloween?;Hazelnuts;Cherries;Bananas;Apricots;Halloween was criticized in England during the period of the reforms to be opposed to the notion of pre-destination.
oq-277-27;Halloween;3;In France, between 1990 and 2000, what cake was made for Halloween?;Samain;Beggar;Vacherin;Chanteclair;This cake was then made from puff pastry, apples, roasted hazelnuts, raisins and caramel.
oq-277-29;Halloween;3;What do cars protect kids at Halloween in Manitoba, Churchill?;Polar bears;Rats of taste;Bats;Kangaroos;With lights flashing, the cars scare the bears, who can sometimes walk in the city at nightfall.
oq-277-30;Halloween;3;Which artist released in 2003 a posthumous live album titled Halloween?;Frank Zappa;Scott Page;Trent Reznor;Max Johnston;Halloween is a live album, from songs recorded at the Palladium of New York on October 27, 28 and 31, 1978.
oq-294-4;Saint Nicholas;1;Besides white, what color is often associated with Saint Nicholas?;Red;Black;Blue;Yellow;He was in mauve and white, with a butt, originally gold, then in red and white, which brings him closer to today's Santa Claus.
oq-294-5;Saint Nicholas;1;What does Saint Nicolas travel to in French-speaking Belgium?;Magic donkey;Flying Reindeer;Royal elephant;White horse;In the north as in the south of the country, Saint Nicolas comes on the night of December 5 to 6 to drop off gifts and sweets.
oq-294-6;Saint Nicholas;1;What do we find in the shoes of Belgian children on Saint Nicholas Day?;Speculoos;Cougnou;Faluche;Sugar pie;Traditionally, it is most often consumed during Advent and more particularly during the feast of Saint Nicholas.
oq-294-8;Saint Nicholas;1;What is the name of Saint-Nicolas's acolyte in Alsatian folklore?;Hans Trapp;Hermann Gessler;Guifred Estruch;Bos de Bénac;At the origin of this character, there would be Marshal Jean de Dratt (Hans von Trotha), a bloodthirsty brute who terrorized the population.
oq-294-10;Saint Nicholas;1;From which Scandinavian god would some of the attributes of Saint Nicholas be inspired?;Odin;Loki;Thor;Vali;Indeed, Odin is always accompanied by his two crows who see everything and his faithful horse Sleipnir.
oq-294-11;Saint Nicholas;2;In the Netherlands, which vehicle did Saint Nicolas land from Spain?;Boat;Plane;Hot air balloon;Glider;It arrives from Spain on a stoomboot called Pakjesboot 12 (Small packet boat 12).
oq-294-12;Saint Nicholas;2;From which region of France has Saint Nicolas been the patron saint since 1477?;Lorraine;Limousin;Languedoc;Lyonnais;Indeed, while Lorraine was occupied by Burgundy, Duke René II demanded the victory (which he received) from Saint Nicolas.
oq-294-13;Saint Nicholas;2;In Nancy, over how many weeks are the feasts of Saint-Nicolas spread out?;Two weeks;One week;Three weeks;Four weeks;Throughout the city there are races, street shows, a farmer's market and even the village of La Marmaille.
oq-294-14;Saint Nicholas;2;How many people came to listen to Saint Nicholas in Friborg in 2015?;25,000;15,000;5,000;35,000;Traditionally, he gives a speech there which contains satirical passages on the events of the city of the past year.
oq-294-15;Saint Nicholas;2;In Hungary, what does Saint Nicholas put in the boots of wicked children?;A stick;A banana;A hammer;A false rat;Saint Nicholas is often accompanied by the Krampusz, the frightening helper who is in charge of kidnapping the wicked children.
oq-294-16;Saint Nicholas;2;What profession did Pierre Lenoir exercise, who would become Father Fouettard?;Butcher;Carpenter;Mason;Locksmith;He cut three children into small pieces to finally put them in his salting tub to make a little salt.
oq-294-18;Saint Nicholas;2;Besides the children, of whom is Saint Nicholas also the patron?;Lawyers;Carpenters;IT specialists;Secretaries;Today he is the patron of many corporations such as prisoners, lawyers, occupational therapists, and bachelors.
oq-294-19;Saint Nicholas;2;In Austria, which characters surrounding Saint Nicholas scare the crowd?;Krampus;Kolobox;Curupira;Lagahoo;Wearing a horned devil mask and thick furs, they wave chains, chasing people with sticks.
oq-294-20;Saint Nicholas;2;What does the relic of Saint Nicolas represent in Saint-Nicolas-de-Port?;Phalanx;Cubitus;Humerus;Occipital;The basilica was restored from 1983 thanks to the considerable bequest of Mrs. Camille Croué-Friedman, originally from the city.
oq-294-22;Saint Nicholas;3;In which region of France is Père Fouettard a woman, half fairy, half witch?;Franche-Comté;Gascony;Touraine;Anjou;Franche-Comté also has its Saint-Nicolas brioches, such as the Alsatian Männele, also called Jean Bonhomme.
oq-294-23;Saint Nicholas;3;In Luxembourg, what does Father Fouettard distribute to naughty children?;Twigs;Thistles;Nettles;Brambles;In Luxembourg, Father Fouettard is a small man whose face is not visible because it is hidden by a huge hood.
oq-294-24;Saint Nicholas;3;In which country do the Iffelträger march wearing huge lighted miters?;Switzerland;Belgium;Hungary;Poland;They are accompanied by hundreds of people who wave big bells and bells.
oq-294-25;Saint Nicholas;3;"Who painted ""La Saint-Nicolas"", visible at the Rijksmuseum in Amsterdam?";Jan Steen;Jacobus Vrel;Cornelis Vroom;Andries Stock;Representative of the Baroque, Jan Steen is one of the most important Dutch genre painters of his time.
oq-294-26;Saint Nicholas;3;"In 2004, who released the ""The patron saint"" comic in the Ciboulette collection?";Jochen Gerner;Paul Gillon;Jean Graton;Alain Goutal;Born in Nancy in 1970, Jochen Gerner graduated from the École nationale supérieure d'art de Nancy, where he studied from 1988 to 1993.
oq-294-27;Saint Nicholas;3;What does Saint Nicolas distribute to the children of Romont, in the canton of Friborg?;Biscomes;Bricelets;Caracs;Cuchaules;Consumed in northern Switzerland, biscôme is a kind of flat gingerbread, brown in color and with a spicy taste.
oq-294-28;Saint Nicholas;3;Who revived the tradition of Saint-Nicolas in Bulle, capital of the district of Gruyère?;Henri Gremaud;Nicolas Marchal;Joseph Bertrand;Ernest Bonnardel;Today, the organization and animation of the festival is in the hands of the Trétaux de Chalamala theater troupe.
oq-294-29;Saint Nicholas;3;From which capital of the district of Sarine Saint Nicolas is he the patron of the city?;Freiburg;Corserey;Avry;Ponthaux;The Swiss city is placed under the patronage of Saint Nicholas of Myra, Saint Barbara and Saint Catherine of Alexandria.
oq-365-1;Microsoft;1;In which city was in 2018 the headquarters of Microsoft?;Redmond;New York;Paris;London;This Washington state town is home to the headquarters of the Microsoft software publisher and the American branch of Nintendo.
oq-365-2;Microsoft;1;What name is the video game console designed by Microsoft?;Xbox;Wii;PlayStation;Game Gear;An Xbox could originally only run Xbox programs from a proprietary Microsoft DVD format media.
oq-365-3;Microsoft;1;Who, with Bill Gates, is the co-founder of Microsoft?;Paul Allen;Larry Ellison;Elon Musk;Alex Spanos;Paul Allen is also a shareholder of a financial empire of multiple companies in the fields of high technologies.
oq-365-4;Microsoft;1;Which famous flight simulator for PC has been designed by Microsoft?;Flight Simulator;Fight Simulator;Freight Simulator;Fog Simulator;Bill Gates is fascinated by Antoine de Saint Exupéry's novel Night Flight, which tells the story of flying in a small plane.
oq-365-5;Microsoft;1;Which name was chosen by Microsoft for the marketing of its smartphone?;Lumia;Loumnia;Lomna;Loubna;This series of smartphones and a touch pad is the result of cooperation with Nokia, the manufacturer of telephones.
oq-365-6;Microsoft;1;Which operating system was marketed between Windows 98 and Windows XP?;Windows ME;Windows TE;Windows RE;Windows VE;Fully based on Windows 98, itself based on Windows 95, Windows ME was the Windows family and multimedia pendant.
oq-365-7;Microsoft;1;Which online storage service was invented by Microsoft?;OneDrive;TwoDrive;ThreeDrive;FourDrive;The service can be used in two ways: through a web browser or through the OneDrive software that allows synchronization.
oq-365-8;Microsoft;1;What is the name of the tablet designed by Microsoft designers?;Surface;Hurricane;Storm;Tabsoft;The first tablet generation was introduced in 2012 where two versions of Surface are presented: Surface RT and Surface Pro.
oq-365-9;Microsoft;1;In which year was the multinational corporation Microsoft Corporation founded?;1975;1985;1995;2005;Its core business is the development and sale of operating systems, software and hardware products.
oq-365-10;Microsoft;1;What word is behind the letter O of the MS-DOS operating system?;Operating;Operator;Opera;Opal;This system running in real-world, single-user and single-user mode, was required by a command-line interface.
oq-365-11;Microsoft;2;Who replaced Bill Gates as Chief Executive Officer in January 2000?;Steve Ballmer;Steve Jobs;Steve Stones;Satya Nadella;Since 2014, Steve Ballmer is the new owner of the Clippers, an NBA basketball franchise based in Los Angeles.
oq-365-12;Microsoft;2;What is the name of Bill Gates' wife, born in Dallas in 1964?;Melinda;Melissa;Melanie;Mandy;For the foundation she has co-chaired since 1999, Melinda Gates travels several times a year to countries in Africa and Asia.
oq-365-14;Microsoft;2;How much did Microsoft's workforce increase from 2005 to 2014?;Doubled;Triplé;Quadrupled;Quintuplé;The IPO of Microsoft made four billionaires and about 12,000 millionaires among Microsoft employees.
oq-365-15;Microsoft;2;In which year did Microsoft purchase the Skype software?;2011;2001;2008;2009;Skype is software that allows users to make phone or video calls over the Internet, as well as screen sharing.
oq-365-17;Microsoft;2;Which hardware can control an interface without using a controller?;Kinect;Xbox Gun;PowerShot;Konect;Originally known as Project Natal, the Kinect wordmark comes from the English words kinetic (kinetic) and connect (connect).
oq-365-18;Microsoft;2;After how many years has the successor of Windows XP been marketed?;5 years;3 years;4 years;6 years;Replaced by Windows Vista, Windows XP (Home and Professional) has been sold to nearly 400 million copies.
oq-365-19;Microsoft;2;Which GUI has replaced the Luna theme of Windows XP?;Aero;Zorro;Rollo;Doro;The Aero interface has been designed to be more powerful, more efficient and more aesthetically pleasing than the old Luna theme.
oq-365-20;Microsoft;2;In 2019, how many times has Microsoft adapted its commercial logo since its inception?;4 times;3 times;2 times;1 time;The products of the latest logo are Office for the red square, Xbox for the square, Windows for the blue square and Bing for the yellow square.
oq-365-23;Microsoft;3;What augmented reality project has been presented by Microsoft?;Skinput;Skinproject;Skinfall;Tinyput;In February 2011, Microsoft Research presented its prospective in augmented reality, particularly with the projects Skinput and Light Space.
oq-365-24;Microsoft;3;In how many technical branches is the Windows range composed?;Five;Four;Three;Two;The five technical branches of Windows are the 16-bit branch, the Windows 9x branch, the NT branch, the CE branch, and the NT branch.
oq-365-25;Microsoft;3;What Microsoft competitor did he condemn at the release of Internet Explorer 3.0?;Netscape;NetView;NetBrowser;NetPlan;Support for Netscape Navigator ceased in 2008, but it is the source of the Mozilla Firefox browser, still in development.
oq-365-26;Microsoft;3;Which company, known for its game Minecraft, was bought by Microsoft in 2014?;Mojang;Mojing;Mojung;Motang;In 2011, Napster's founder and former Facebook Solidarity CEO, Sean Parker, proposed investing in Mojang.
oq-365-27;Microsoft;3;What is the code name of the project associated with the Microsoft Edge browser?;Spartan;John;Runny;Ben;Since the month of February 2018, Edge is no longer an exclusivity to Windows 10: Microsoft has ported the browser on iOS and Android.
oq-365-28;Microsoft;3;Which section of the Microsoft Online Store was deleted in July 2019?;Ebooks;ChromeBooks;Tbooks;WinBooks;Digital books (free or purchased on the platform) will no longer be readable following the shutdown of the DRM servers.
oq-365-29;Microsoft;3;What is the small name given to the sport bracelet marketed by Microsoft?;Microsoft Band;Microsoft Bracelet;Microsoft Lace;Microsoft Pace;Marketed in 2014, this is the first device powered by Microsoft Health, Microsoft's new health service.
oq-365-30;Microsoft;3;What is the approximate area of the Microsoft Redmond Campus?;80 km²;8 km²;900,000 m²;100,000 m²;The historic campuses of East and West have more than 120 buildings of nearly 700,000 m² on more than 200 hectares.
oq-383-1;On the tennis court;1;Which French player won the Roland-Garros tournament in 1983?;Yannick Noah;Jo-Wilfried Tsonga;Guy Forget;Richard Gasquet;This victory earned him to be the only French player to have won a Grand Slam tournament of the Open era in men's singles.
oq-383-2;On the tennis court;1;What professional Brazilian tennis player is Kuga called?;Gustavo Kuerten;Björn Borg;John McEnroe;Novak Djokovic;Gustavo Kuerten won twenty singles titles on the ATP circuit, including three Roland-Garros tournaments, a Masters and five Masters 1000.
oq-383-3;On the tennis court;1;Although filled with air, what material are tennis balls made of?;Rubber;Glass;Plastic;Cardboard;A tennis ball is made of a rubber shell, called a core, covered with felt, often yellow or white in color.
oq-383-4;On the tennis court;1;Which team won the 2017 Davis Cup, the 106th edition of this tournament?;France;Belgium;Switzerland;Italy;Yannick Noah's France thus won its tenth Davis Cup, among other things thanks to Lucas Pouille's victory over Steve Darcis.
oq-383-5;On the tennis court;1;Which small-sized Belgian player nevertheless won the Roland-Garros tournament?;Justine Henin;Kim Clijsters;Elise Mertens;Nancy Feber;Thanks to the variety of his game, John McEnroe called his backhand one hand the best backhand in the world, men and women combined.
oq-383-6;On the tennis court;1;How many courts are there at the French Tennis Open?;17;12;24;8;The three largest courts are the Philippe-Chatrier court (or central court), the Suzanne-Lenglen court and the Simonne-Mathieu court.
oq-383-8;On the tennis court;1;At the end of 2019, how many times has Rafael Nadal won Roland-Garros?;Twelve;Eleven;Seven;Thirteen;Having won 19 Grand Slam tournaments, he is the only player to have won 12 singles titles in one of these four major tournaments.
oq-383-9;On the tennis court;1;What is the nationality of professional tennis player Roger Federer?;Switzerland;Austrian;Swedish;French;Born in Basel, Federer holds the record for 310 weeks spent in first place in the ATP World Tour tennis ranking.
oq-383-10;On the tennis court;1;How many major tournaments does the tennis grand slam consist of?;Four;Five;Three;Six;The four tournaments are the Australian Open in Melbourne, Roland-Garros in Paris, the US Open in New York and Wimbledon in London.
oq-383-11;On the tennis court;2;How many French players have won Roland-Garros between 1925 and 2019?;Five;Ten;Seven;Three;The French winners at Roland-Garros are ten names: 5 French players and 5 players have won on the Parisian clay.
oq-383-12;On the tennis court;2;What is the nationality of tennis player Serena Williams?;American;English;Brazilian;French;Serena Jameka Williams, sister of player Venus Williams, is an American tennis player born September 26, 1981 in Saginaw.
oq-383-13;On the tennis court;2;Which French tennis player can we see in a Kinder Bueno commercial?;Jo-Wilfried Tsonga;Yannick Noah;Gael Monfils;Richard Gasquet;Jo-Wilfried Tsonga asked his supporters to stop the sometimes incessant jokes about his partnership with Kinder Bueno.
oq-383-14;On the tennis court;2;On which surface did the first tennis matches take place?;Grass;Clay court;Synthetic grass;Concrete;It was in fact in 1888 that Major Harry Gem sketched a rough tennis court on the lawn of his personal property.
oq-383-18;On the tennis court;2;Which tennis player holds the rather special record for the number of broken rackets?;Marat Safin;John McEnroe;Marcos Baghdadis;Roger Federer;The former world number one broke 1,055 frames in 689 official matches during his career, or 1.5 rackets per game.
oq-383-19;On the tennis court;2;In tennis, what is the current approximate speed record recorded in service?;260 km / h;170 km / h;280 km / h;200 km / h;An unknown Australian tennis player broke the service speed record with an impressive 263 km / h.
oq-383-20;On the tennis court;2;What job was Roland Garros, which gave its name to the stadium built in 1928?;Aviator;Footballer;Navigator;Lawyer;French aviator, lieutenant pilot during the First World War, Roland Garros was born on October 6, 1888 in Saint-Denis de La R?union.
oq-383-21;On the tennis court;3;In 2019, who held the world title record in men's tennis?;Federer;Djokovic;Sampras;Nadal;Roger Federer is the only player in tennis history to have won three Grand Slam tournaments at least five times.
oq-383-22;On the tennis court;3;In how many winning sets are the women's Grand Slam matches played?;Two;Three;Four;Five;Men play the best of five innings while women compete in two winning sets only.
oq-383-23;On the tennis court;3;How many hours did it take Nadal to overcome Federer's Rome in 2006?;Five;Four;Two;Three;Nadal's good results will allow him to take the place of Roger Federer at the head of the ATP Race 2007 classification on April 30.
oq-383-24;On the tennis court;3;What is the official size of a tennis court?;23.77 x 8.23 m;15 x 5 m;21.52 x 8.15 m;24.73 x 9.17 m;The bottom lines of a tennis court measure 8.23 meters. The side lines, drawn along the length, are 23.77 meters.
oq-383-25;On the tennis court;3;How many decibels were the screams of Maria Sharapova uttered on the courts?;105 dbs;83 dbs;126 dbs;50 dbs;In addition to this noise equivalent to that of a small plane propeller taking off, it pushes curious meditations between each point.
oq-383-26;On the tennis court;3;Which tennis player caused the death of a referee by one of his balls which hit him?;Stefan Edberg;Jimmy Connors;Mats Wilander;Björn Borg;On September 10, 1983, one of Stefan Edberg's bullets hit a linesman, Dick Wertheim, then 61 years old, with full force.
oq-383-27;On the tennis court;3;In singles, at its center, a tennis net should be how high?;91 cm;75 cm;103 cm;88 cm;The height of the net in the center must be firmly retained by a strap and offer a height of 0.914 meters, or three feet.
oq-383-29;On the tennis court;3;Who gave the winner the men's Roland-Garros trophy in 2005?;Zinédine Zidane;Cedric Pioline;Tony Parker;Teddy Riner;Zidane presented the first Musketeers Cup to Nadal, winner of the tournament after the final against the Argentinian Mariano Puerta.
oq-403-2;iPhone;1;In what year was the first model called iPhone released?;2007;2008;2009;2010;As of April 24, 2020, 25 different iPhone models have been marketed since 2007: one per year until 2012, then two or three.
oq-403-3;iPhone;1;Which American company still markets the iPhone today?;Apple;Microsoft;Dell;IBM;Among the best known products of the company are Macintosh computers, iPod, iPhone and iPad, Apple Watch.
oq-403-4;iPhone;1;Who was the presenter of the first iPhone model during the Keynote in California?;Steve Jobs;Mark Zuckerberg;Tim Cook;Steve Ballmer;After losing his power struggle over Apple with John Sculley, Steve Jobs left the company in 1985 to found NeXT.
oq-403-6;iPhone;1;What practice is recommended when you drop your iPhone in water?;Insert into rice;Remove the battery;Buy a new one;Crying Intensely;The iPhone 7 and iPhone 7 Plus, unveiled on September 7, 2016, will bring Apple's resistance to water and dust.
oq-403-7;iPhone;1;In which city does the annual iPhone presentation take place each year?;San Francisco;New York;Los Angeles;Chicago;The Apple CEO presented the device on January 9, 2007 at the opening speech at the Macworld trade show in San Francisco.
oq-403-10;iPhone;1;Who manages the unlocking of each iPhone possibly linked to an operator?;Apple;The operator;The user;Person;The iPhone is the only smartphone where unlocking, allowing you to change access providers, is directly managed by the manufacturer.
oq-403-11;iPhone;2;In 2020, how many different iPhone models have been marketed since its creation?;25;20;21;22;Among the features that set the iPhone apart from competing products is an interface consisting of a multi-touch screen.
oq-403-12;iPhone;2;How many copies of the first iPhone were sold in the USA after three weeks?;200,000;300,000;400,000;100,000;The major innovation of the iPhone is the possibility of being able to interact with the screen through an intuitive two-finger touch interface.
oq-403-14;iPhone;2;What was the price in euros of the iPhone 6S 16 Go when it was launched in 2015?;749;849;969;1,069;Sales of this model have been incredible, breaking all records in Apple's history for an iPhone launch weekend.
oq-403-15;iPhone;2;That we have mitigated the three microphones installed on the iPhone 5 from 2012?;Background noise;Sizzling;Breath;Larsen;With its aluminum case, the iPhone 5 is the first iPhone fully developed under the direction of Tim Cook.
oq-403-16;iPhone;2;What tough material was used to polish the edges of the iPhone 5?;Diamond;Iron;Titanium;Bolt;The production time of the iPhone 5 will be the shortest of the range, with only 1 year, thus breaking the habit of the firm.
oq-403-17;iPhone;2;In what year did connectivity via 3.5mm mini-jack plug disappear from the iPhone?;2016;2017;2018;2019;The removal of the 3.5 mm mini-jack plug, making it difficult to listen with headphones while charging the device, was controversial.
oq-403-20;iPhone;2;What was the meaning of the 5C included in the name iPhone 5C?;5 colors;5 sensors;5G;5 year warranty;This iPhone adopts a new design incorporating a polycarbonate shell available in 5 colors: white, blue, yellow, pink and green.
oq-403-21;iPhone;3;Until 2020, in how many patents were the innovations of the iPhone described?;300;400;500;600;In April 2017, Apple will confirm work on the design of its own graphics cards, so far provided by Imagination Technologies.
oq-403-24;iPhone;3;In 2020, which iPhone had the largest screen ever designed so far?;11 Pro Max;11 Pro;XR;SE;To reduce the environmental impact of producing the iPhone 11, 25 % of the iPhone's rare earth weight comes from recycling.
oq-403-25;iPhone;3;How many pages can be present on the iPhone home screen?;12;11;10;9;In 2016, the iPhone was one of the fifty most influential technological gadgets of all time according to Time Magazine.
oq-403-26;iPhone;3;Which iPhone model had the highest SAR over the 2007-2017 period?;iPhone 7;iPhone 6;iPhone 5;iPhone 5S;The specific absorption rate of the iPhone 7 is 1.38 W / kg, more than 30 % more than the SAR of the iPhone 6s and 6s Plus.
oq-403-27;iPhone;3;What was the first iPhone model to incorporate splash, water and dust resistance?;iPhone 7;iPhone 8;iPHone XR;iPhone 4S;The iPhone 7 Plus (IP67 standard) also has a new double photo sensor with a telephoto lens and a wide angle lens.
oq-403-29;iPhone;3;On an iPhone, what is the difference between the IP68 standard and the IP67 standard?;Prolonged immersion;Water resistant;Dust resistant;Solvent resistant;IP 67 makes it completely dustproof while IP 68 protects against prolonged immersion (swimming pool, outdoor, bathroom, ...).
oq-403-30;iPhone;3;Which iPhone model is the lightest since the existence of the Apple smartphone?;iPhone SE 2016;iPhone SE 2020;iPhone 5S;iPhone 4;With its iPhone 5s design, it is available in 4 colors (gold, silver, space gray and rose gold) with an SE logo engraved on the back of the device.
oq-405-1;Japanese folklore;1;What is the traditional Japanese T-shaped dress called nowadays?;Kimono;Keikogi;Tabi;Haori;Before the introduction of Western clothing to Japan, the term kimono referred to all types of clothing according to the seasons.
oq-405-3;Japanese folklore;1;What does a Yokai mean or represent in Japanese folklore?;Spirit;Dog;Alcohol;Tree;A yokai is depicted as an evil or simply malicious spirit demonstrating everyday or unusual hassles.
oq-405-4;Japanese folklore;1;What Japanese food is made with slices of fresh fish eaten raw?;Sashimi;Sushi;Maki;Nigiri;This traditional dish is too often equated with sushi, which is also eaten with wasabi and soy sauce.
oq-405-5;Japanese folklore;1;What ideograms of Chinese origin are used in the Japanese language?;Kanji;Romaji;Katakanas;Hiraganas;Numbering 2,000 and although linked, each kanji has one or more possible phonological expressions, called readings.
oq-405-6;Japanese folklore;1;What Japanese animal and symbol is often represented in origami form?;Crane;Monkey;Cat;Dragon;The legend of the thousand cranes tells in Japan that if you fold a thousand paper cranes in the year, you could have your wish come true.
oq-405-7;Japanese folklore;1;What is the name of the Japanese head of state, heir to an uninterrupted succession?;Emperor;Sovereign;Guide;President;According to the 1947 Constitution, the Emperor only has a symbolic role, the executive power being held by the Prime Minister.
oq-405-8;Japanese folklore;1;What ornamental tree, also called Sakura, do the Japanese celebrate flowering?;Cherry tree;If;Maple;Pine;Used as ornamental trees, these cherry trees that mark the return of spring are not planted for their fruit.
oq-405-9;Japanese folklore;1;What traditional Japanese art consists of the miniaturizing cultivation of plants?;Bonsai;Niwaki;Bankan;Oden;Bonsai, literally plant grown in a pot, is a traditional Japanese art derived from the original Chinese art of penjing.
oq-405-10;Japanese folklore;1;Which of these martial arts is not of Japanese origin?;Kung-fu;Judo;Karate;Ju-jitsu;The term Kung fu, introduced in Europe in the 1970s, is used by Westerners to refer to Chinese martial arts.
oq-405-11;Japanese folklore;2;What are the names of the members of the Japanese mafia?;Yakuza;Onizuka;Udon;Onigiri;The universe of yakuza is an important source of inspiration for Japanese culture, also serving as a basis for some screenwriters.
oq-405-12;Japanese folklore;2;What is the most popular and practiced sport in Japan?;Baseball;Sumo;Foot;Tennis;Baseball, commonly referred to as yakyu, is a sport that requires teamwork and focus, which Japanese people really like.
oq-405-14;Japanese folklore;2;Which ladies of the house dedicate their lives to traditional Japanese arts?;Geisha;Zashiki;Hanamachi;Geta;Cultivating refinement, geishas offer support and entertainment services for a very affluent clientele.
oq-405-15;Japanese folklore;2;Until the 19th century, who held military and civilian power in Japan?;Shogun;Edo;Azuchi;Daimyo;The title of great general peacemaker of the barbarians was abolished in 1868, effective power having been restored to the emperor and his delegates.
oq-405-16;Japanese folklore;2;What food is tofu the cheese from the curd?;Soybeans;Rice;Miso;Barley;Tofu is a white, soft, little odoriferous paste with a rather neutral taste, constituting an important basis of the Asian diet.
oq-405-17;Japanese folklore;2;What are Onsen, places of relaxation rooted in Japanese tradition?;Thermal baths;Tea rooms;Flower gardens;Gray temples;The water for these generally common hot baths comes from volcanic sources sometimes renowned for their therapeutic properties.
oq-405-18;Japanese folklore;2;What honorary suffix is used to address a professor or an artist?;Sensei;Senpai;San;Kun;By default, we use San, which is the most basic suffix in Japanese, these suffixes can generally be translated as Monsieur.
oq-405-19;Japanese folklore;2;How is it recommended to celebrate Christmas in Japan?;In love;With family;Between colleagues;Alone;The Christmas party being imported from the West, it is therefore purely commercial and considered as a kind of second Valentine's Day.
oq-405-20;Japanese folklore;2;What is Raijin (or Raiden) the god of in Japanese mythology?;Thunder;Death;Courage;Sun;It was Raiden who was said to be behind the bankruptcy of the Mongolian invasion attempt of Japan in 1274 when he created Typhoon Kamikaze.
oq-405-21;Japanese folklore;3;In Japan, what are you risking by sticking your chopsticks into food during a meal?;Bad omen;Discontent;Prison;Exclusion;Japanese chopsticks, short, with a pointed tip, generally made of lacquered wood, are consumed at the rate of 400 disposable chopsticks per year.
oq-405-22;Japanese folklore;3;How is it arranged to greet each other cordially in Japan?;Bowing;Shouting;By kissing;By kneeling;The degree of tilt depends on the person you wish to greet, the goal being to avoid physical contact as much as possible.
oq-405-23;Japanese folklore;3;Which animated film studio was founded by Hayao Miyazaki?;Ghibli;Madhouse;Toei;Pierrot;"Well known to the general public, his major works are ""Howl's Moving Castle"", ""Spirited Away"" or even ""Princess Mononoke""."
oq-405-24;Japanese folklore;3;What are hara-kiri and seppuku, used by a dishonored person?;Suicide;Theater;Prison;Saber;The hara-kiri was used by a dishonored person (adultery, treason, ...) and then made it possible to regain and wash his honor.
oq-405-25;Japanese folklore;3;In Japan, which number has the same reputation as the number 13 in the West?;Four;Seven;Three;New;In China, Japan and Korea, there is a very common superstition, tetraphobia or the fear of the number 4 (which is pronounced dead).
oq-405-26;Japanese folklore;3;"What does a Japanese say to you who say the words ""Ohayou gozaimasu""?";Hello;Goodbye;Thank you very much;See you tomorrow;"In Japan, the words ""Ohayou gozaimasu"" are used before noon, while the word ""Konichiha"" is mostly used during the afternoon."
oq-405-27;Japanese folklore;3;What is better to remove in Japan before entering a home?;His shoes;His pants;His hat;His glasses;The entrance to a house is also very often raised, which makes it possible to distinguish the place where you have to remove your shoes.
oq-405-30;Japanese folklore;3;Sado is the preparation ceremony for which drink?;Green tea;Sake;Coffee;Cherry juice;Inspired in part by Zen Buddhism, using matcha, a ground green tea powder, Sado is a true traditional art in Japan.
oq-413-1;Pigeon racing;1;The pigeon sport concerns the breeding of which animals?;Pigeons;Birds;Ducks;Hens;The pigeon sport is also the art of making carrier pigeons compete via an unofficial and little known sport.
oq-413-3;Pigeon racing;1;What is the average general weight of a carrier pigeon?;400 g;1 kg;100 g;2 kg;In a difficult competition due to the weather, the carrier pigeon can lose almost half of its weight.
oq-413-4;Pigeon racing;1;At approximately what age can a young bird be separated from its parents?;3 weeks;8 months;6 months;1 year;In pigeon jargon, a youngster can be weaned after about three or four weeks.
oq-413-5;Pigeon racing;1;According to a phrase that has remained famous for pigeon fanciers, what do the couriers do?;They are waiting;They cry;They run;They pray;Nowadays, pigeon fanciers consult the internet for updated information relating to the release of pigeons.
oq-413-6;Pigeon racing;1;What are the large, stiff pigeon wing feathers called?;Remiges;Oars;Down;Plumage;Each species has flight feathers of different shapes or colors, which makes it possible to identify birds.
oq-413-9;Pigeon racing;1;What is the well-known Picard word for the pigeon fancier?;Coulonneux;Colombian farmer;Peristérophile;Colombier;The pigeon sport has been listed in the Inventory of French intangible cultural heritage since 2012.
oq-413-10;Pigeon racing;1;What disease often forces the pigeon fancier to confine his pigeons?;Avian influenza;Coronavirus;Bronchitis;Meningitis;Avian viruses which are rife in birds can sometimes infect humans: this is the case with the H5N1 virus.
oq-413-11;Pigeon racing;2;How many fingers does the pigeon have on each leg?;Four;Six;Eight;Two;The leg of the pigeon, present in all continents, rests on three fingers at the front and on one finger at the back.
oq-413-13;Pigeon racing;2;Which city represents the longest distance traveled by Dutch and Belgian pigeons?;Barcelona;Lille;Paris;Casablanca;The Barcelona international competition is an unmissable event for many pigeon fanciers.
oq-413-15;Pigeon racing;2;What acronym designates the central body of the Belgian pigeon sport?;R.F.C.B.;S.C.B.;F.G.T.B.;A.C.B.;The Royal Belgian Colombian Federation was founded on the occasion of the international pigeon fancier congress on October 16, 1910.
oq-413-17;Pigeon racing;2;What device is used to record the arrival time of carrier pigeons during a competition?;Constator;Pendulum;Watch;Clock;Nowadays, the constator is virtually replaced by an electronic scanning system via an RFID chip.
oq-413-18;Pigeon racing;2;How many eggs does the female pigeon usually lay per clutch?;Two;Four;Six;Eight;If, for example, the eggs are broken, the female usually lays again after about ten days.
oq-413-19;Pigeon racing;2;How many kilometers can a carrier pigeon travel in a day?;1,000 km;200 km;500 km;50 km;A pigeon released in the morning 1000 km from home is able to reach its loft the same day at nightfall.
oq-413-20;Pigeon racing;2;How fast can a carrier pigeon reach in a strong pushing wind?;120 km / h;50 km / h;20 km / h;200 km / h;A carrier pigeon can cover 1,200 kilometers in 16 hours, the record being 11,590 km in 24 days between Saigon and Lille.
oq-413-21;Pigeon racing;3;Where is the uropygian gland of the pigeon, the specific intradermal gland of birds?;Rump;Head;Neck;Wings;This gland, which is mainly used for maintaining the plumage, is constantly used during grooming sessions.
oq-413-23;Pigeon racing;3;What time of day does the pigeon tick feed on its blood?;Night;Day;Morning;Afternoon;The scientific name for the pigeon tick is Argas reflexus. Sometimes this tick also feeds on humans.
oq-413-27;Pigeon racing;3;How many flight feathers are there in the carrier pigeon's wing?;Ten;Fifteen;Twenty;Twenty five;The flight feathers, these large rigid wing feathers, are sometimes 11 in number and are directed towards the outside and the rear of the wing.
oq-413-28;Pigeon racing;3;About how many Belgian pigeon fanciers are there still in activity?;20,000;2,000;200,000;100,000;The pigeon sport is losing feathers in Belgium: the number of pigeon fanciers after World War II was 250,000.
oq-413-29;Pigeon racing;3;How do you call racing pigeon races beyond 800 km in Belgium?;Large background;Speed;Middle distance;Background;The competitions are distributed as follows: speed between 50 and 200 km, middle distance between 250 and 500 km and long distance between 600 and 750
oq-413-30;Pigeon racing;3;For what record amount was the world's most expensive carrier pigeon sold?; 1,252,000; 473,000; 45 850; 10,500;At an auction in 2019, the Flemish pigeon Armando was sold for 1,252,000 euros to a Chinese pigeon fancier.
tdb-1;Musicals and theatre;3;"Which actor has NOT portrayed Billy Flynn in the musical ""Chicago""?";Christopher Walken;David Hasselhoff;Jerry Springer;Patrick Swayze;
tdb-2;Television;1;Grant Gustin plays which superhero on the CW show of the same name?;The Flash;The Arrow;Black Canary;Daredevil;
tdb-3;Science and nature;2;Tetsuya Fujita was a scientist that developed the scale for which natural disaster?;Tornadoes;Hurricanes;Earthquakes;Volcanoes;
tdb-4;Computers;3;What major programming language does Unreal Engine 4 use?;C++;Assembly;C#;ECMAScript;
tdb-5;Science and nature;2;"Which planet did the ""Viking 1"" spacecraft send surface images of, starting in 1976?";Mars;Saturn;Jupiter;Venus;
tdb-7;Anime and manga;3;"Which one of these characters is from ""Legendz: Tale of the Dragon Kings""?";Shiron;Jack;Axia;Drum;
tdb-8;Video games;1;Who stars in Brutal Legend?;Jack Black;Kanye West;Lemmy;Ozzy Osbourne;
tdb-9;Video games;3;In the National Pokedex what number is Porygon-Z?;474;376;432;589;
tdb-10;Video games;2;What is the lowest amount of max health you can have in Team Fortress 2?;70;100;50;95;
tdb-11;Gadgets;1;When was the iPhone released?;2007;2005;2006;2004;
tdb-12;Mathematics;3;What is the derivative of Acceleration with respect to time?;Jerk;Shift;Bump;Slide;
tdb-13;Music;1;"Which rap group released the album ""Straight Outta Compton""?";N.W.A;Wu-Tang Clan;Run-D.M.C.;Beastie Boys;
tdb-15;Television;1;"On the show ""Rick and Morty"", in episode ""Total Rickall"", who was a parasite?";Pencilvester;Beth Smith;Summer Smith;Mr. Poopy Butthole;
tdb-18;Music;2;Which of these is not a single by Pink Floyd guitarist, David Gilmour?;Sunset Strip;Rattle That Lock;Blue Light;Arnold Layne;
tdb-19;Vehicles;3;What was the name of the first front-wheel-drive car produced by Datsun (now Nissan)?;Cherry;Sunny;Bluebird;Skyline;
tdb-20;History;2;In which years did the Battle of Gallipoli take place?;1915 - 1916;1914 - 1918;1914 - 1915;1915 - 1918;
tdb-22;Music;2;"Which city is the American singer ""Pitbull"" from?";Miami;Kodiak;St. Louis;Boston;
tdb-24;Computers;2;How fast is USB 3.1 Gen 2 theoretically?;10 Gb/s;5 Gb/s;8 Gb/s;1 Gb/s;
tdb-25;Anime and manga;2;"In the ""To Love-Ru"" series, how many Trans-weapons were created?";3;1;2;4;
tdb-27;Video games;2;What is a Tetris piece called?;Tetromino;Tetratile;Tetris;Tetripiece;
tdb-29;Geography;2;The Japanese district Akihabara is also known by what nickname?;Electric Town;Moon Walk River;Otaku Central;Big Eyes;
tdb-30;Music;3;Pete Townshend collaborated with which famous guitarist for an event at Brixton Academy in 1985?;David Gilmour;Jimmy Page;Mark Knopfler;Eric Clapton;
tdb-31;History;2;Which Greek god was the god of the Sun?;Helios;Zeus;Hades;Poseidon;
tdb-32;History;1;Which of the following ancient peoples was NOT classified as Hellenic (Greek)?;Illyrians;Dorians;Achaeans;Ionians;
tdb-33;Film;1;"Who played Deputy Marshal Samuel Gerard in the 1993 film ""The Fugitive""?";Tommy Lee Jones;Harrison Ford;Harvey Keitel;Martin Landau;
tdb-34;Video games;3;"Which monster in ""Monster Hunter Tri"" was causing earthquakes in Moga Village?";Ceadeus;Alatreon;Rathalos;Lagiacrus;
tdb-35;History;2;What disease crippled President Franklin D. Roosevelt and led him to help the nation find a cure?;Polio;Cancer;Meningitis;HIV;
tdb-36;Computers;1;In any programming language, what is the most common way to iterate through an array?;'For' loops;'If' Statements;'Do-while' loops;'While' loops;
tdb-38;Film;1;"What breed of dog was Marley in the film ""Marley & Me"" (2008)?";Labrador Retriever;Golden Retriever;Dalmatian;Shiba Inu;
tdb-39;Computers;3;Who is the founder of Palantir?;Peter Thiel;Mark Zuckerberg;Marc Benioff;Jack Dorsey;
tdb-41;Cartoons;2;"In what year did the anime adaptation of ""March Comes In Like A Lion"" air?";2016;2017;2018;2015;
tdb-43;Film;3;"According to ""Star Wars"" lore, which planet does Obi-Wan Kenobi come from?";Stewjon;Alderaan;Tatooine;Naboo;
tdb-45;Politics;2;Who was the 40th President of the USA?;Ronald Reagan;Jimmy Carter;Bill Clinton;Richard Nixon;
tdb-46;Comics;3;"In what year did the first ""The Walking Dead"" comic come out?";2003;2001;2006;1999;
tdb-48;Video games;1;In CoD: Black Ops III, what is the name of the rogue A.I. antagonist?;Corvus;Cabal;Legion;Icarus;
tdb-49;Music;2;Pearl Jam was originally named after which sports figure?;Mookie Blaylock;Oil Can Boyd;Danger Fourpence;Blue Moon Odom;
tdb-53;Mathematics;3;Which of the following mathematicians made major contributions to game theory?;John Von Neumann;Carl Friedrich Gauss;Leonhard Euler;Stefan Banach;
tdb-54;History;1;What was Manfred von Richthofen's nickname?;The Red Baron;The High Flying Ace;The Blue Serpent;The Germany Gunner;
tdb-55;Video games;2;What is the name of the final boss in Turok: Dinosaur Hunter?;The Campaigner;The Primagen;Oblivion;Lord Tyrannus;
tdb-57;General knowledge;2;Which of the following Ivy League universities has its official motto in Hebrew as well as in Latin?;Yale University;Princeton University;Harvard University;Columbia University;
tdb-58;Video games;2;"When was the game ""Roblox"" released?";2006;2003;2002;2007;
tdb-59;Video games;3;"During development of ""Super Mario World"", Yoshi's hard saddle was originally which of these?";A shell;A slide of Gelatin;A poffin;A spike;
tdb-60;Video games;1;Who are the original creators of Rachet & Clank?;Insomniac Games;PixelTail Games;Rare;Bethesda;
tdb-61;Music;3;"Who wrote the song ""You Know You Like It""?";AlunaGeorge;DJ Snake;Steve Aoki;Major Lazer;
tdb-62;Cartoons;1;Who is the only voice actor to have a speaking part in all of the Disney Pixar feature films?;John Ratzenberger;Tom Hanks;Dave Foley;Geoffrey Rush;
tdb-66;Music;1;How many albums did King Gizzard & the Lizard Wizard release in 2017?;5;3;6;2;
tdb-67;Video games;1;"Who is the founder of Team Fortress 2's fictional company ""Mann Co""?";Zepheniah Mann;Cave Johnson;Wallace Breem;Saxton Hale;
tdb-68;Television;2;The first half-hour CGI cartoon, ReBoot, aired on which year?;1994;1993;1998;1999;
tdb-69;Mathematics;2;Which of the following dice is not a platonic solid?;10-sided die;12-sided die;20-sided die;8-sided die;
tdb-70;General knowledge;1;The Hyundai Motor Company was founded in which country?;South Korea;Russia;Japan;China;
tdb-72;Television;3;"What is the name of the pirate that sings the intro to ""Spongebob Squarepants""?";Painty;Patchy;Lloyd;Larry;
tdb-74;Video games;1;In World of Warcraft, What was the original level cap?;60;70;50;100;
tdb-75;Video games;2;In Overwatch, how old is Reinhardt Wilhelm?;61;59;65;62;
tdb-76;History;2;In what year was the famous 45 foot tall Hollywood sign first erected?;1923;1903;1913;1933;
tdb-77;Board games;3;What is the most challenging monster in the Dungeons & Dragons 5th Edition Monster Manual?;Tarrasque;Beholder;Displacer Beast;Lich;
tdb-79;History;3;What was the name of the spy ring that helped the United States win the Revolutionary War?;Culper Ring;New York Spy Ring;Washington's Spies;Unnamed;
tdb-80;Film;2;"Who voiced Metalbeard in ""The Lego Movie""?";Nick Offerman;Liam Neeson;Morgan Freeman;Will Arnet;
tdb-81;Books;3;Abel Magwitch is a character from which Charles Dickens novel?;Great Expectations;The Pickwick Papers;Nicholas Nickleby;Oliver Twist;
tdb-82;Video games;1;Half-Life by Valve uses the GoldSrc game engine, which is a highly modified version of what engine?;Quake Engine;Doom Engine;id Engine;Source Engine;
tdb-84;Music;1;Which singer was featured in Jack Ü (Skrillex & Diplo)'s 2015 song 'Where Are Ü Now'?;Justin Bieber;Selena Gomez;Ellie Goulding;The Weeknd;
tdb-85;Computers;1;How many kilobytes in one gigabyte (in decimal)?;1000000;1024;1000;1048576;
tdb-86;Film;3;The film Mad Max: Fury Road features the Dies Irae from which composer's requiem?;Verdi;Mozart;Berlioz;Brahms;
tdb-87;Science and nature;1;How many planets are in our Solar System?;Eight;Nine;Seven;Ten;
tdb-88;Computers;2;Whistler was the codename of this Microsoft Operating System.;Windows XP;Windows 2000;Windows 7;Windows 95;
tdb-90;Mathematics;2;What is the first Mersenne prime exponent over 1000?;1279;2203;1009;1069;
tdb-91;Geography;3;Which of these cities is NOT in England?;Edinburgh;Oxford;Manchester;Southampton;
tdb-92;Film;1;"In the movie ""Blade Runner"", what is the term used for human-like androids?";Replicants;Cylons;Synthetics;Skinjobs;
tdb-93;Music;2;Which of the following is NOT a song in BROCKHAMPTON's SATURATION album series?;LAMB;HOTTIE;SWAMP;BUMP;
tdb-94;Video games;2;How many times do you fight the Imprisoned in The Legend of Zelda: Skyward Sword?;3;2;4;5;
tdb-96;Geography;1;All of the following are classified as Finno-Ugric languages EXCEPT:;Samoyedic;Hungarian;Finnish;Estonian;
tdb-97;Film;1;In Big Hero 6, what fictional city is the Big Hero 6 from?;San Fransokyo;San Tokyo;Tokysisco;Sankyo;
tdb-98;History;1;When did the Byzantine Empire collapse?;1453;1299;1353;1498;
tdb-99;Science and nature;3;Which is not a type of neuron?;Perceptual Neuron;Sensory Neuron;Motor Neuron;Interneuron;
tdb-100;Anime and manga;1;In Digimon, what is the Japanese name for the final evolutionary stage?;Ultimate;Mega;Adult;Champion;
tdb-101;Film;2;"In the 2002 film ""Kung Pow! Enter the Fist"", Master Pain changes his name to what?";Betty;Sally;Amy;Kitty;
tdb-102;Board games;2;"In ""Magic: The Gathering"", what instant card has the highest converted mana cost?";Blinkmoth Infusion;Vitalizing Wind;Chant of Vitu-Ghazi;Assert Authority;
tdb-103;Vehicles;1;How many wheels does a unicycle have?;1;4;3;6;
tdb-104;Sport;2;Who was the first footballer to score 200 goals in the English Premier League?;Alan Shearer;Wayne Rooney;Robbie Fowler;Thierry Henry;
tdb-105;Geography;2;What is the capital of Peru?;Lima;Santiago;Montevideo;Buenos Aires;
tdb-106;Mathematics;1;What is the mathematician Euler's first name?;Leonhard;Lionel;Andrin;Ajan;
tdb-108;Science and nature;2;A positron is an antiparticle of a what?;Electron;Neutron;Proton;Photon;
tdb-109;Gadgets;1;What round is a classic AK-47 chambered in?;7.62x39mm;7.62x51mm;5.56x45mm;5.45x39mm;
tdb-110;General knowledge;2;In which country was the Michelin tire company founded in 1889?;France;United Kingdom;Italy;Germany;
tdb-112;Art;1;What is the name of the Japanese art of folding paper into decorative shapes and figures?;Origami;Sumi-e;Ukiyo-e;Haiku;
tdb-113;Video games;1;"In ""PUBATTLEGROUNDS"" which ammo type does the M24 use?";7.62mm;5.56mm;9mm;.300 Magnum;
tdb-116;Video games;1;"In what year was ""Antichamber"" released?";2013;2012;2014;2011;
tdb-117;Books;2;Which of the following authors was not born in England?;Arthur Conan Doyle;Graham Greene;H G Wells;Arthur C Clarke;
tdb-118;Sport;1;Which NFL team plays for New England?;Patriots;Chiefs;Dolphins;49ers;
tdb-120;Vehicles;2;Which one is NOT the function of engine oil in car engines?;Combustion;Lubrication;Cooling;Reduce corrosion;
tdb-121;General knowledge;1;What element has the chemical symbol Kr?;Krypton;Kerosine;Kineticium;Curium;
tdb-123;General knowledge;1;What does a funambulist walk on?;A Tight Rope;Broken Glass;Balls;The Moon;
tdb-124;Sport;1;Which team won the 2015-16 English Premier League?;Leicester City;Liverpool;Cheslea;Manchester United;
tdb-126;Comics;1;What is the full first name of the babysitter in Calvin and Hobbes?;Rosalyn;Rose;Ruby;Rachel;
tdb-129;Video games;2;What is the canonical name of the Persona 4 protagonist?;Yu Narukami;Minato Arisato;Soji Seta;Nagito Komaeda;
tdb-130;Video games;2;What American city was featured in the 1999 PC game Midtown Madness?;Chicago;Washington D.C.;San Francisco;New York City;
tdb-131;Anime and manga;2;My Hero Academia's main character Midoriya goes by what superhero name?;Deku;All Might;Saitama;Kona;
tdb-133;Animals;2;What is the fastest animal?;Peregrine Falcon;Golden Eagle;Cheetah;Horsefly;
tdb-134;Vehicles;1;The LS7 engine is how many cubic inches?;427;346;364;376;
tdb-135;Video games;2;Which of these characters is NOT a boss in Crash Bash?;Ripper Roo;Papu Papu;Komodo brothers;Nitros Oxide;
tdb-137;Gadgets;1;Which gaming console is developed by Sony?;PlayStation;Xbox;Atari;Nintendo Switch;
tdb-138;Comics;2;"What is the real name of the ""Master Of Magnetism"" Magneto?";Max Eisenhardt;Charles Xavier;Pietro Maximoff;Johann Schmidt;
tdb-139;General knowledge;2;All Souls and Merton are constituent colleges of what university?;Oxford;Cambridge;Manchester;Leeds;
tdb-140;Sport;3;What tool lends it's name to a last-stone advantage in an end in Curling?;Hammer;Wrench;Drill;Screwdriver;
tdb-141;Film;3;In order to cut costs, what were most of the extras of Mad Max (1979) paid with?;Beer;Fast food;Food stamps;They weren't paid;
tdb-142;Geography;1;Which US state is furthest north east?;Maine;New York;Georgia;Florida;
tdb-143;History;2;Which king was killed at the Battle of Bosworth Field in 1485?;Richard III;Edward V;Henry VII;James I;
tdb-144;Video games;2;"Who is the villain company in ""Stardew Valley""?";Joja Co;Ronin;Empire;Robotnik Industry's;
tdb-145;Sport;3;At which race was the 2018 F1 Drivers Championship won?;Mexico;United States;Belgium;Abu Dhabi;
tdb-146;Gadgets;2;Which company developed the Hololens?;Microsoft;HTC;Oculus;Tobii;
tdb-147;Comics;2;Which of the following superheros did Wonder Woman NOT have a love interest in?;Green Arrow;Superman;Batman;Steve Trevor;
tdb-150;Video games;2;"In the 2000 video game ""Crimson Skies,"" what was the name of the protagonists' zeppelin?";Pandora;Helios;Icarus;Orion;
tdb-151;Anime and manga;1;"Which anime heavily features music from the genre ""Eurobeat""?";Initial D;Wangan Midnight;Kino no Tabi;Cowboy Bebop;
tdb-152;General knowledge;1;Gouda cheese is from which European country?;The Netherlands;Belgium;Germany;France;
tdb-154;Comics;2;What is the designation given to the Marvel Cinematic Universe?;Earth-199999;Earth-616;Earth-10005;Earth-2008;
tdb-155;Cartoons;1;In My Little Pony, what is the name of Applejack's younger sister?;Apple Bloom;Red Delicious;Apple Sweets;Apple Fritter;
tdb-156;Video games;2;Which puzzle game was designed by a Russian programmer, featuring Russian buildings and music?;Tetris;Jenga;Boulder Dash;Puzzled;
tdb-157;Science and nature;2;"Which desert is the only desert in the world where the ""Saguaro"" cactus grows indigenously?";The Sonoran Desert;The Gobi Desert;The Yuma Desert;The Arabian Desert;
tdb-158;Video games;3;Where are Terror Fiends more commonly found in the Nintendo game Miitopia?;New Lumos;Peculia;The Sky Scraper;Otherworld;
tdb-159;Video games;2;"In ""The Legend of Zelda: Ocarina of Time,"" what is the maximum amount of rupees that Link can carry?";500;999;1000;5000;
tdb-160;Science and nature;1;This element, when overcome with extreme heat and pressure, creates diamonds.;Carbon;Nitrogen;Oxygen;Hydrogen;
tdb-161;Science and nature;1;What is the speed of light in a vacuum?;299,792,458 m/s;50,461 m/s;308,215,043 m/s;751,665,014,151 m/s;
tdb-162;General knowledge;2;When was Nintendo founded?;September 23rd, 1889;October 19th, 1891;March 4th, 1887;December 27th, 1894;
tdb-163;Music;2;Who had a 1973 hit with the song 'Hocus Pocus'?;Focus;Pilot;Rush;AC/DC;
tdb-164;Musicals and theatre;3;"Which Shakespeare play features the stage direction ""Enter a messenger, with two heads and a hand""?";Titus Andronicus;Othello;Macbeth;King Lear;
tdb-165;Video games;2;"In Telltale Games' ""The Walking Dead: Season One"" what is the name of Clementine's father?";Ed;Charles;Lee;Walter;
tdb-167;General knowledge;3;Which one of these Swedish companies was founded in 1943?;IKEA;H & M;Lindex;Clas Ohlson;
tdb-168;Geography;2;Which of the following cities is the capital of Latvia?;Riga;Minsk;Tallinn;Vilnius;
tdb-169;Anime and manga;1;In the anime Black Butler, who is betrothed to be married to Ciel Phantomhive?;Elizabeth Midford;Rachel Phantomhive;Alexis Leon Midford;Angelina Dalles;
tdb-172;Geography;2;The White Cliffs of Dover is located in which country?;United Kingdom;United States;Netherlands;Sweden;
tdb-174;Sport;2;The 1988 Formula 1 season had McLaren win all but one race, what race did they not win?;Italian Grand Prix;Japanese Grand Prix;Monaco Grand Prix;Brazilian Grand Prix;
tdb-175;Geography;3;The Suez Canal is located in which African country?;Egypt;Libya;Ghana;Nigeria;
tdb-176;Music;2;A piccolo is a smaller version of what instrument?;Flute;Trumpet;Harp;Violin;
tdb-177;Video games;1;"Which Pokémon can learn the move ""Secret Power"" by leveling up?";Audino;Type:Null;Arceus;Silvally;
tdb-179;General knowledge;1;In which cardinal direction does the Sun rise from?;East;West;North;South;
tdb-180;Sport;2;What is the nickname of Northampton town's rugby union club?;Saints;Harlequins;Saracens;Wasps;
tdb-181;Video games;1;"In the ""Metal Gear Solid"" series, what's the name of Solid Snake's brother?";Liquid Snake;Kulus Snake;Billy Snake;Gilur Snake;
tdb-183;History;3;Which of these theoretical phycisists first predicted the existence of antimatter?;Paul Dirac;Niels Bohr;Albert Einstein;Werner Heisenberg;
tdb-186;Computers;1;On Twitter, what was the original character limit for a Tweet?;140;120;160;100;
tdb-187;Video games;2;"Who developed the 2016 farming RPG ""Stardew Valley""?";Eric Barone;Daisuke Amaya;Jasper Byrne;Lucas Pope;
tdb-188;Music;1;Which 80s band is fronted by singer/guitarist Robert Smith?;The Cure;The Smiths;Echo & the Bunnymen;New Order;
tdb-190;Music;2;What genre of EDM is the Dutch DJ, musician, and remixer Armin van Buuren most well-known for?;Trance;House;Drum and Bass;Dubstep;
tdb-192;Film;2;What is the birth name of Michael Caine?;Maurice Micklewhite;Morris Coleman;Carl Myers;Martin Michaels;
tdb-193;Art;2;What nationality was the surrealist painter Salvador Dali?;Spanish;Italian;French;Portuguese;
tdb-194;Books;1;Who wrote the novel 'Fear And Loathing In Las Vegas'?;Hunter S. Thompson;F. Scott Fitzgerald;Henry Miller;William S. Burroughs;
tdb-196;Board games;1;Which of these board games do NOT utilize standard 6-sided dice?;The Game of Life;Monopoly;Risk;Snakes and Ladders;
tdb-197;Video games;3;What is the name of the main island in PLAYERUNKNOWN'S BATTLEGROUNDS?;Erangel;Marmara;Severny;Lastovo;
tdb-198;Geography;1;How many countries does the United States share a land border with?;2;1;3;4;
tdb-200;Music;2;How many members are in the Japanese rock band SCANDAL?;4;5;2;18;
tdb-201;Film;2;"What is the name of James Dean's character in the 1955 movie ""Rebel Without a Cause""?";Jim Stark;Ned Stark;Jim Kane;Frank Stark;
tdb-202;History;3;Who was the President of the United States during the signing of the Gadsden Purchase?;Franklin Pierce;Andrew Johnson;Abraham Lincoln;James Polk;
tdb-203;History;3;What year was the United States Declaration of Independence signed?;1776;1775;1774;1777;
tdb-204;Anime and manga;1;What is Gatomon's name in the original Japanese version of Digimon Adventure?;Tailmon;Pawmon;Catmon;Nekomon;
tdb-205;Geography;2;What is the right way to spell the capital of Hungary?;Budapest;Boodapest;Bhudapest;Budapast;
tdb-206;Video games;2;In Dead by Daylight, which killer perk applies the mangled effect?;Sloppy Butcher;Knock Out;Thanatophobia;Enduring;
tdb-207;Video games;1;"How many times do you fight Gilgamesh in ""Final Fantasy 5""?";6;4;5;3;
tdb-208;Mathematics;3;What is the fourth digit of π?;1;2;3;4;
tdb-209;Video games;1;What is the name of the main healing item in Dark Souls?;Estus Flask;Health Potion;Orange Juice;Ashen Flask;
tdb-210;Television;1;"What is the name of the main character in ""The Flash"" TV series?";Barry Allen;Oliver Queen;Bart Allen;Bruce Wayne;
tdb-211;Music;1;What is the real name of American rapper Eminem, also known as Slim Shady?;Marshall Mathers;Calvin Broadus;Shawn Carter;Nasir Jones;
tdb-213;Mythology;1;Which of these mythological creatures is said to be half-man and half-horse?;Centaur;Minotaur;Pegasus;Gorgon;
tdb-214;Video games;2;Marvel vs Capcom 2: New age of Heroes was released in what year?;2000;2001;2003;1998;
tdb-215;Music;2;"When did The Beatles release the LP ""Please Please Me""?";1963;1970;1960;1969;
tdb-216;Film;2;"Who voices the main character Blu in the 2011 animated film ""Rio""?";Jesse Eisenberg;Michael Cera;Jonah Hill;Zach Galifianakis;
tdb-217;General knowledge;2;"What English word means to ""think deeply""?";Contemplate;Confiscate;Constipate;Condensate;
tdb-219;General knowledge;1;The drug cartel run by Pablo Escobar originated in which South American city?;Medellín;Bogotá;Quito;Cali;
tdb-220;History;2;What was the name of the first permanent English settlement in America?;Jamestown;New York;St. John's;Plymouth;
tdb-221;Geography;3;Which of the following landlocked countries is entirely contained within another country?;Lesotho;Burkina Faso;Mongolia;Luxembourg;
tdb-223;Anime and manga;3;Who was the Author of the manga Uzumaki?;Junji Ito;Noboru Takahashi;Akira Toriyama;Masashi Kishimoto;
tdb-224;Video games;3;How many people can you recruit in the game Suikoden in a single playthrough?;107;108;93;96;
tdb-225;Television;3;"In ""Star Trek"", what is the Klingon delicacy of ""gagh"" made from?";Serpent worms;Earthworms;Spaghetti noodles;Klingworms;
tdb-226;Television;2;What year did the television company BBC officially launch the channel BBC One?;1936;1948;1932;1955;
tdb-227;Video games;1;What is the name of the adventurer you meet at the mines in Stardew Valley?;Marlon;Marnie;Morris;Marvin;
tdb-228;Books;2;"What is the name of Eragon's dragon in ""Eragon""?";Saphira;Glaedr;Thorn;Arya;
tdb-229;Film;1;"Who plays Jack Burton in the movie ""Big Trouble in Little China?""";Kurt Russell;Patrick Swayze;John Cusack;Harrison Ford;
tdb-230;Television;1;"Which of these characters in ""Stranger Things"" has the power of Telekinesis?";Eleven;Mike;Lucas;Karen;
tdb-232;Video games;2;"Who is the main character in the video game ""Just Cause 3""?";Rico Rodriguez;Tom Sheldon;Marcus Holloway;Mario Frigo;
tdb-233;Sport;1;Which year did Jenson Button won his first ever Formula One World Drivers' Championship?;2009;2010;2007;2006;
tdb-234;Science and nature;2;Which element has the atomic number of 7?;Nitrogen;Oxygen;Hydrogen;Neon;
tdb-235;Video games;2;In the game Pokémon Conquest, how many kingdoms make up the region of Ransei?;17;18;15;16;
tdb-236;History;2;When did Vesuvius destroy the city of Pompeii?;79 AD;62 AD;31 BC;54 BC;
tdb-238;Music;1;Ringo Starr of The Beatles mainly played what instrument?;Drums;Bass;Guitar;Piano;
tdb-239;Books;1;What's the second book in George R. R. Martin's 'A Song of Ice and Fire' series?;A Clash of Kings;A Dance with Dragons;A Storm of Swords;A Feast for Crows;
tdb-240;Vehicles;1;The LS2 engine is how many cubic inches?;364;346;376;402;
tdb-245;Music;2;"The 2023 Beatles song ""Now and Then"" originated from an unfinished demo recorded by which Beatle?";John Lennon;Paul McCartney;George Harrison;Ringo Starr;
tdb-246;General knowledge;1;What machine element is located in the center of fidget spinners?;Bearings;Axles;Gears;Belts;
tdb-247;Television;2;What is the name of the mad scientist who owns Planet Express in Futurama?;Hubert J. Farnsworth;Philip J. Fry;Rick Sanchez;Ogden Wernstrom;
tdb-248;Computers;3;The internet domain .fm is the country-code top-level domain for which Pacific Ocean island nation?;Micronesia;Fiji;Tuvalu;Marshall Islands;
tdb-250;General knowledge;1;What kind of aircraft was developed by Igor Sikorsky in the United States in 1942?;Helicopter;Stealth Blimp;Jet;Space Capsule;
tdb-251;History;2;Which U.S. President was in office when the Gulf War began?;George H. W. Bush;Richard Nixon;George W. Bush;Ronald Regan;
tdb-252;Video games;2;In Splatoon 2's Hero Mode, which agent does the player take the role of?;Agent 4;Agent 1;Agent 2;Agent 3;
tdb-253;General knowledge;1;"If you are caught ""Goldbricking"", what are you doing wrong?";Slacking;Smoking;Stealing;Cheating;
tdb-254;Board games;1;Carcassonne is based on which French town?;Carcassonne;Paris;Marseille;Clermont-Ferrand;
tdb-256;Mathematics;2;What numbers are in the 5th row of Pascal's Triangle?;1 4 6 4 1;1 3 3 1;1 5 10 10 5 1;1 6 15 20 15 6 1;
tdb-257;Video games;2;What block in Minecraft has the highest blast resistance?;Barrier;Obsidian;Bedrock;Block of Diamond;
tdb-259;Video games;1;In vanilla Minecraft, which of the following cannot be made into a block?;Charcoal;Coal;Wheat;String;
tdb-261;Video games;1;What company develops the Rock Band series of rhythm games?;Harmonix;Activision;Konami;Electronic Arts;
tdb-262;Video games;2;"Which town was Seamus ""Sledge"" Cowden from ""Tom Clancy's Rainbow Six Siege"" born in?";John O'Groats;Brawl;Kearvaig;Talmine;
tdb-263;Video games;2;When was the Sega Genesis released in Japan?;October 29, 1988;August 14, 1989;November 30, 1990;September 1, 1986;
tdb-265;Mathematics;1;What is the equation for the area of a sphere?;(4/3)πr^3;4πr^2;(1/3)πhr^2;πr^4;
tdb-267;Television;1;Which of these Bojack Horseman characters is a human?;Todd Chavez;Lennie Turtletaub;Princess Carolyn;Tom Jumbo-Grumbo;
tdb-268;Television;1;"Who is the main character in the show ""Burn Notice""?";Michael Westen;Sam Axe;Fiona Glenanne;Madeline Westen;
tdb-269;Science and nature;1;What is the chemical makeup of water?;H20;C12H6O2;CO2;H;
tdb-271;Geography;3;When does Finland celebrate their independence day?;December 6th;January 2nd;November 12th;February 8th;
tdb-272;Film;1;In the Super Mario Bros. Movie (2023), who plays Toad?;Keegan-Michael Key;Seth Rogan;Charlie Day;Jack Black;
tdb-273;General knowledge;1;Which of the three astronauts of the Apollo 11 spaceflight did NOT walk on the moon?;Michael Collins;Buzz Aldrin;Neil Armstrong;None of them;
tdb-275;Mythology;2;Who is the god of war in Polynesian mythology?;'Oro;Hina;Kohara;Māui;
tdb-276;Geography;2;How many sovereign states are members of the United Nations?;195;201;153;178;
tdb-278;History;2;The Spitfire L.F. Mk IX had what engine?;Merlin 66;Griffon 65;Merlin 50;Merlin X;
tdb-280;Comics;2;Which Batman sidekick is the son of Talia al Ghul?;Damian Wayne;Dick Grayson;Tim Drake;Jason Todd;
tdb-282;Anime and manga;2;When was the first episode of Soul Eater released?;2008;2003;2005;2011;
tdb-284;Politics;3;Which of these was an official candidate in the 2017 British General Election?;Lord Buckethead;James Francis;Robert Wimbledon;Sir Crumpetsby;
tdb-286;Mythology;2;What animal did Queen Pasipahe sleep with before she gave birth to the Minotaur in Greek Mythology?;Bull;Pig;Ox;Horse;
tdb-287;History;2;Which of the following is NOT classified as a Semetic language?;Sumerian;Maltese;Akkadian;Mandaic;
tdb-288;History;3;What is the name of the Boeing B-29 that dropped the 'Little Boy' atomic bomb on Hiroshima?;Enola Gay;Necessary Evil;The Great Artiste;Full House;
tdb-289;Television;1;"What was the name of the police officer in the cartoon ""Top Cat""?";Dibble;Barbrady;Mahoney;Murphy;
tdb-290;Film;3;In Big Hero 6, what were Baymax's motions modeled after?;Baby penguins;Baby monkeys;Baby ostriches;Baby bears;
tdb-291;Video games;3;In the Team Fortress 2 canon, what did Shakespearicles NOT invent?;Stairs;Two-Story Building;Rocket Launcher;Stage Play;
tdb-292;Television;2;What year was Netflix founded?;1997;1999;2004;2001;
tdb-293;Mythology;2;Neptune's greek name was...;Poseidon;Ares;Zeus;Apollo;
tdb-294;Anime and manga;1;In the 9th Pokemon movie, who is the Prince of the Sea?;Manaphy;Ash;May;Phantom;
tdb-295;Video games;1;Which Nintendo 64 game did NOT have Luigi in it?;Super Mario 64;Mario Party 2;Paper Mario;Super Smash Bros.;
tdb-296;Video games;3;Which one of these is NOT an official map in Counter-Strike: Global Offensive?;de_season;de_sugarcane;de_canals;de_militia;
tdb-297;Cartoons;3;"Who voice acted the character Hiccup in the movie ""How to Train Your Dragon""?";Jay Baruchel;Jack Brauchel;John Powell;Gerard Butler;
tdb-298;Music;2;In what year did US band Weezer release Weezer (The White Album)?;2016;2001;2008;2019;
tdb-299;Film;3;What did the first moving picture depict?;A galloping horse;A woman in a dress;A man walking;A crackling fire;
tdb-300;Video games;2;Capcom's survival horror title Dead Rising, canonically starts on what day of September 2006?;September 19th;September 21st;September 30th;September 14th;
tdb-303;General knowledge;1;Which American president appears on a one dollar bill?;George Washington;Thomas Jefferson;Abraham Lincoln;Benjamin Franklin;
tdb-304;Anime and manga;2;"In the ""Sailor Moon"" series, what is Sailor Jupiter's civilian name?";Makoto Kino;Minako Aino;Usagi Tsukino;Rei Hino;
tdb-307;Anime and manga;1;"Who was given the title ""Full Metal"" in the anime series ""Full Metal Alchemist""?";Edward Elric;Alphonse Elric;Van Hohenheim;Izumi Curtis;
tdb-308;History;1;What was the first sport to have been played on the moon?;Golf;Football;Tennis;Soccer;
tdb-309;General knowledge;1;"The file hosting service, ""Google Drive"" was launched on what day?";April 24, 2012;January 12, 2014;November 14, 2008;January 20, 2010;
tdb-310;Geography;3;What is the land connecting North America and South America?;Isthmus of Panama;Isthmus of Suez;Urals;Australasia;
tdb-311;Film;3;What was Humphrey Bogart's middle name?;DeForest;DeWinter;Steven;Bryce;
tdb-314;General knowledge;2;Rolex is a company that specializes in what type of product?;Watches;Cars;Computers;Sports equipment;
tdb-315;Cartoons;1;In The Simpsons, which war did Seymour Skinner serve in the USA Army as a Green Beret?;Vietnam War;World War 2;World War 1;Cold War;
tdb-316;Geography;2;Which of these countries is not a United Nations member state?;Niue;Tuvalu;South Sudan;Montenegro;
tdb-317;Cartoons;1;"In the show ""Steven Universe"", who are the main two employees of The Big Donut?";Sadie and Lars;Steven and James;Erik and Julie;Bob and May;
tdb-318;History;1;How long did World War II last?;6 years;4 years;5 years;7 years;
tdb-321;Comics;3;In what Homestuck Update was [S] Game Over released?;October 25th, 2014;April 13th, 2009;April 8th, 2012;August 28th, 2003;
tdb-322;Video games;2;Which of these is NOT a name of a city in the main island of PLAYERUNKNOWN'S BATTLEGROUNDS?;Belushya Guba;Yasnaya Polyana;Pochinki;Georgopol;
tdb-323;Television;1;"How many seasons did the Sci-Fi television show ""Stargate Universe"" have?";2;10;5;3;
tdb-326;Video games;1;"What is the name of the world that the MMO ""RuneScape"" takes place in?";Gielinor;Glindor;Azeroth;Zaros;
tdb-328;Science and nature;2;Which of the following men does not have a chemical element named after him?;Sir Isaac Newton;Albert Einstein;Niels Bohr;Enrico Fermi;
tdb-330;Comics;2;What is the name of the main character in the webcomic Gunnerkrigg Court by Tom Siddell?;Antimony;Bismuth;Mercury;Cobalt;
tdb-331;Sport;3;With which doubles partner did John McEnroe have most success?;Peter Fleming;Mark Woodforde;Michael Stich;Mary Carillo;
tdb-332;Sport;2;In a game of snooker, what colour ball is worth 3 points?;Green;Yellow;Brown;Blue;
tdb-333;Video games;2;In Portal, what color is the Intelligence Core?;Blue;Purple;Red;Orange;
tdb-335;Music;1;How many studio albums have the duo Daft Punk released?;4;1;5;2;
tdb-336;Comics;2;Who authored The Adventures of Tintin?;Hergé;E.P. Jacobs;Rin Tin Tin;Chic Young;
tdb-338;Anime and manga;3;Who was the Author of the manga Monster Hunter Orage?;Hiro Mashima;Shin Yamamoto;Keiichi Hikami;Hirohiko Araki;
tdb-342;Video games;2;In Night in the Woods, which instrument did Casey play?;Drums;Bass;Piano;Sax;
tdb-344;Science and nature;1;What is the primary addictive substance found in tobacco?;Nicotine;Cathinone;Ephedrine;Glaucine;
tdb-345;General knowledge;2;"What is the Italian word for ""tomato""?";Pomodoro;Aglio;Cipolla;Peperoncino;
tdb-346;Gadgets;1;When did the CD begin to appear on the consumer market?;1982;1992;1972;1962;
tdb-347;Video games;1;Who is the main protagonist in the game Life is Strange: Before The Storm?;Chloe Price;Max Caulfield;Rachel Amber;Frank Bowers;
tdb-349;Geography;2;Where are the Nazca Lines located?;Peru;Brazil;Colombia;Ecuador;
tdb-350;Music;2;"When did Radiohead release their album ""OK Computer""?";1997;1995;2000;1993;
tdb-351;Video games;3;"In ""Starbound"", what is the max HP of the monster ""Punchy""?";50,000 HP;9,000,000 HP;100 HP;150,000 HP;
tdb-352;Science and nature;2;When was the first mammal successfully cloned?;1996;2009;1999;1985;
tdb-353;Video games;1;In Danganronpa: Trigger Happy Havoc, what is the protagonist's name?;Makoto Naegi;Hajime Hinata;Nagito Komaeda;Komaru Naegi;
tdb-354;Computers;1;What does GHz stand for?;Gigahertz;Gigahotz;Gigahetz;Gigahatz;
tdb-356;Television;1;"Which actor portrays ""Walter White"" in the series ""Breaking Bad""?";Bryan Cranston;Andrew Lincoln;Aaron Paul;RJ Mitte;
tdb-357;Video games;2;Who's the Captain of the S.T.A.R.S. Bravo Team in Resident Evil 1?;Enrico Marini;Albert Wesker;Richard Aiken;Rebecca Chambers;
tdb-358;Books;2;In the children's book series, where is Paddington Bear originally from?;Peru;India;Iceland;Canada;
tdb-359;Music;2;What is rapper Drake's real name?;Aubrey Graham;Shaun Carter;Dwayne Carter;Andre Young;
tdb-360;Video games;1;Who is the last boss in Night In The Woods' Demontower minigame?;The Blood Thief;Mega Hairball;King Skellie;Krampus;
tdb-361;Sport;1;How many soccer players should be on the field at the same time?;22;20;24;26;
tdb-362;Anime and manga;2;"In ""A Certain Magical Index,"" what is Accelerator able to control?";Vectors;Velocity;Quantums;Wormholes;
tdb-363;Video games;2;This weapon in Counter-Strike: Global Offensive does not exist in real life.;M4A4;AWP;M4A1;MP9;
tdb-364;Film;1;The 1996 film 'Fargo' is primarily set in which US state?;Minnesota;North Dakota;South Dakota;Wisconsin;
tdb-365;Cartoons;1;What was the first Disney movie to use CGI?;The Black Cauldron;Tron;Toy Story;Fantasia;
tdb-366;General knowledge;1;Five dollars is worth how many nickels?;100;50;25;69;
tdb-367;History;3;Who is the creator of the soft drink, Dr. Pepper?;Charles Alderton;James Wellington;Johnson Hinsin;Boris Heviltik;
tdb-368;Board games;2;"What type is ""Magic Drain"" in Yugioh! Trading Card Game?";Counter Trap;Normal Trap;Quick-Play Spell;Field Spell;
tdb-369;Computers;2;Which internet company began life as an online bookstore called 'Cadabra'?;Amazon;eBay;Overstock;Shopify;
tdb-370;Art;3;Which of these is not an additional variation of the color purple?;Kobicha;Byzantium;Pomp and Power;Palatinate;
tdb-371;Anime and manga;1;Kirito and Asuna are main characters from which anime?;Sword Art Online;One Piece;Death Note;Fairy Tail;
tdb-372;Television;1;In the Star Trek universe, what color is Vulcan blood?;Green;Blue;Red;Purple;
tdb-373;Geography;1;Which of the following languages does NOT use the Latin alphabet?;Georgian;Turkish;Swahili;Vietnamese;
tdb-374;Vehicles;2;Which of the following car models has been badge-engineered (rebadged) the most?;Isuzu Trooper;Holden Monaro;Suzuki Swift;Chevy Camaro;
tdb-375;General knowledge;2;What is a Burgee?;A flag;A rope;A window;A type of food;
tdb-377;Anime and manga;3;Which of these anime have over 7,500 episodes?;Sazae-san;Naruto;One Piece;Chibi Maruko-chan;
tdb-378;Music;3;What rock group is named after a gym teacher who taught at the original band members' high school?;Lynyrd Skynyrd;Jefferson Airplane;Pink Floyd;The Byrds;
tdb-379;Film;2;"Who played Batman in the 1997 film ""Batman and Robin""?";George Clooney;Michael Keaton;Val Kilmer;Christian Bale;
tdb-380;Video games;2;"How many metal bars does it take to smith a platebody in the MMO ""RuneScape""?";5 bars;3 bars;2 bars;10 bars;
tdb-382;Video games;1;In the game Warframe, what is the bipedal robot from the Corpus faction called?;MOA;Corpus Tech;Crewman;Corpus Walker;
tdb-383;General knowledge;2;What is the official language in Barcelona beside Spanish?;Catalan;Galician;French;Basque;
tdb-384;Film;1;"Who directed the movies ""Pulp Fiction"", ""Reservoir Dogs"" and ""Django Unchained""?";Quentin Tarantino;Martin Scorcese;Steven Spielberg;James Cameron;
tdb-385;Anime and manga;3;Who is One Punch Man voiced by in the Japanese version.;Makoto Furukawa;Zach Aguilar;Kaito Ishikawa;Max Mittelman;
tdb-386;Video games;1;"What household item make the characters of ""Steins; Gate"" travel through time?";Microwave;Computer;Refrigerator;Televison;
tdb-387;History;2;Who was the first explorer to sail to North America?;Leif Erikson;Christopher Columbus;Amerigo Vespucci;Ferdinand Magellan;
tdb-388;Video games;2;According to Overwatch's lore, who was once a member of the Deadlock Gang?;McCree;Roadhog;Soldier 76;Junkrat;
tdb-389;Video games;3;In Monster Hunter Generations, which of these hunter arts are exclusive to the Longsword?;Unhinged Spirit;Shoryugeki;Provoke;Demon Riot;
tdb-390;Sport;2;Who is Manchester United's top premier league goal scorer?;Wayne Rooney;Sir Bobby Charlton;Ryan Giggs;David Beckham;
tdb-391;Books;3;"Who wrote the novel ""Moby-Dick""?";Herman Melville;William Golding;William Shakespeare;J. R. R. Tolkien;
tdb-394;Video games;3;Which of these weapon classes DO NOT appear in the first Monster Hunter game?;Bow;Hammer;Heavy Bowgun;Light Bowgun;
tdb-395;Music;1;Which of these artists has Lil A collaborated with?;Lil Fortnite;Lil Pump;Boonk Gang;6ix9ine;
tdb-396;Television;1;Who is the star of the AMC series Breaking Bad?;Walter White;Saul Goodman;Jesse Pinkman;Skyler White;
tdb-397;Video games;2;"In the MMO RPG ""Realm of the Mad God"", what class is known for having the highest possible defense?";The Knight;The Wizard;The Archer;The Warrior;
tdb-398;Video games;2;Who is the main antagonist of Silent Hill 4?;Walter Sullivan;Alessa Gillespie;Pyramid Head;Claudia Wolf;
tdb-402;Musicals and theatre;3;"What is the name of Broadway's first ""long-run"" musical?";The Elves;Wicked;Hamilton;The Book of Mormon;
tdb-403;Video games;1;Who is the creator of the Super Smash Bros. Series?;Masahiro Sakurai;Reggie Fils-Aimé;Bill Trinen;Hideo Kojima;
tdb-404;Video games;3;Which of these Pokémon cannot learn Surf?;Arbok;Linoone;Tauros;Nidoking;
tdb-405;Film;2;"What was Marilyn Monroe`s character's first name in the film ""Some Like It Hot""?";Sugar;Honey;Caramel;Candy;
tdb-406;Video games;1;What is the title of song on the main menu in Halo?;Halo;Opening Suite;Shadows;Suite Autumn;
tdb-407;Anime and manga;2;"Who voices ""Shou Suzuki"" in the English dub of ""Mob Psycho 100""?";Casey Mongillo;Ben Diskin;Chris Niosi;David Naughton;
tdb-410;Television;2;"In the television show ""Lazy Town"", who is the actor of Robbie Rotten?";Stefán Stefánsson;Adam Sandler;Magnús Scheving;Stephen Carl;
tdb-413;Video games;1;"Who is the protagonist in the game ""The Walking Dead: Season One""?";Lee Everett;Clementine;Kenny;Rick Grimes;
tdb-414;Science and nature;3;Which of the following is NOT a real element?;Vitrainium;Praseodymium;Hassium;Lutetium;
tdb-415;Music;2;What song on ScHoolboy Q's album Black Face LP featured Kanye West?;THat Part;Neva CHange;Big Body;Blank Face;
tdb-416;Music;1;A classic 1976 song by Blue Oyster Cult features the advice “Don't Fear The” what?;Reaper;Dark;Silence;Clowns;
tdb-417;Music;2;Typically, how many keys are on a piano?;88;24;12;96;
tdb-418;Science and nature;1;How many planets are there in the Solar System?;8;9;11;10;
tdb-419;Video games;2;"What is the name of the first boss the player encounters in the 2017 game, ""Little Nightmares""?";The Janitor;The Warden;The Caretaker;The Overseer;
tdb-420;Computers;1;What is the name of Layer 7 of the OSI model?;Application;Session;Network;Present;
tdb-423;Video games;2;"In ""Kingdom Hearts"", who abducts Jasmine in the Lamp Chamber?";Riku;Riku Replica;Xaldin;Captain Hook;
tdb-425;Music;2;Who was the oldest member of The Beatles?;Ringo Starr;John Lennon;Paul McCartney;George Harrison;
tdb-427;Mathematics;3;The decimal number 31 in hexadecimal would be what?;1F;3D;2E;1B;
tdb-428;General knowledge;1;What geometric shape is generally used for stop signs?;Octagon;Hexagon;Circle;Triangle;
tdb-429;Politics;2;Who succeeded Joseph Stalin as General Secretary of the Communist Party of the Soviet Union?;Nikita Khrushchev;Leonid Brezhnev;Mikhail Gorbachev;Boris Yeltsin;
tdb-430;Sport;2;Which of these NHL teams have never moved since their inception?;St. Louis Blues;New Jersey Devils;Carolina Hurricanes;Dallas Stars;
tdb-431;Video games;2;In Call Of Duty: Black Ops II, who is the main antagonist?;Raul Menéndez;Vladimir Makarov;Frank Woods;DeFalco;
tdb-433;Television;1;In DuckTales, what is the name of the city where all the main characters live?;Duckburg;Duckwing;Tailspin;Wingford;
tdb-434;Video games;2;Which actor provided the voice for the main character's father in Fallout 3?;Liam Neeson;Kiefer Sutherland;Brendan Gleeson;Robbie Coltrane;
tdb-435;Geography;2;The formerly East-Prussian city of Königsberg is known as which Russian City today?;Kaliningrad;Kazan;Kursk;Krasnodar;
tdb-436;Music;1;"Which former boy-band star released hit solo single ""Angels"" in 1997?";Robbie Williams;Justin Timberlake;Harry Styles;Gary Barlow;
tdb-437;Video games;3;How long are all the cutscenes from Metal Gear Solid 4 (PS3, 2008) combined?;8 hours;4 hours;12 hours;5 hours;
tdb-438;General knowledge;2;The early part of which decade, did the Goth Subculture begin?;1980s;1990s;2000s;1970s;
tdb-439;History;2;The crown of the Empire State Building was originally built for what purpose?;Airship Dock;Lightning Rod;Antennae;Flag Pole;
tdb-440;Mathematics;2;What is the Roman numeral for 500?;D;L;C;X;
tdb-441;Television;2;"Who was the star of the TV series ""24""?";Kiefer Sutherland;Kevin Bacon;Hugh Laurie;Rob Lowe;
tdb-442;Mythology;2;According to the Egyptian Myth of Osiris, who murdered Osiris?;Set;Horus;Ra;Anhur;
tdb-443;Video games;2;"Who is the main protagonist of ""Ace Combat Zero: The Belkan War""?";Cipher;Mobius 1;Blaze;Pixy;
tdb-444;Computers;3;"Who invented the ""Spanning Tree Protocol""?";Radia Perlman;Paul Vixie;Vint Cerf;Michael Roberts;
tdb-445;Television;1;What NBC sitcom once saw two of its characters try to pitch NBC on a sitcom about nothing?;Seinfeld;Frasier;Becker;Friends;
tdb-449;Geography;1;What is the smallest country in the world?;Vatican City;Maldives;Monaco;Malta;
tdb-451;Celebrities;3;The eccentric natural philosopher Tycho Brahe kept what as a pet?;Moose;Dog;Bear;Goat;
tdb-452;Computers;2;"When was the programming language ""C#"" released?";2000;1998;1999;2001;
tdb-455;Computers;2;Which of these people was NOT a founder of Apple Inc?;Jonathan Ive;Steve Jobs;Ronald Wayne;Steve Wozniak;
tdb-456;Science and nature;1;Rhinoplasty is a surgical procedure on what part of the human body?;Nose;Ears;Chin;Neck;
tdb-458;Anime and manga;3;"In ""Hunter x Hunter"", what are members in Killua's family known for being?";Assassins;Bandits;Hunters;Ninjas;
tdb-459;Geography;1;Which ocean borders the west coast of the United States?;Pacific;Atlantic;Indian;Arctic;
tdb-460;Film;2;According to the Star Wars lore, what is Han Solo's home planet?;Corellia;Tatooine;Naboo;Coruscant;
tdb-461;Books;1;What's Harry Potter's dad's name?;James Potter;Joey Potter;Frank Potter;Hairy Potter Sr.;
tdb-462;Television;1;"In the TV show ""Cheers"", Sam Malone was a former relief pitcher for which baseball team?";Boston Red Sox;New York Mets;Baltimore Orioles;Milwaukee Brewers;
tdb-463;Celebrities;2;What year was O.J. Simpson aquitted of his murder charges?;1995;1992;1996;1991;
tdb-464;Film;2;In Finding Nemo, what was the name of Nemo's mom?;Coral;Sandy;Pearl;Shelly;
tdb-465;General knowledge;3;Which film star has his statue in Leicester Square?;Charlie Chaplin;Paul Newman;Rowan Atkinson;Alfred Hitchcock;
tdb-466;General knowledge;1;According to the nursery rhyme, what fruit did Little Jack Horner pull out of his Christmas pie?;Plum;Apple;Peach;Pear;
tdb-467;Science and nature;3;Which of these animals belongs in class Chondrichthyes?;Great white shark;Octopus;Killer whale;Catfish;
tdb-468;Cartoons;2;"What year was the Disney film ""A Goofy Movie"" released?";1995;1999;2001;1997;
tdb-469;History;1;Which one of these countries was NOT in the Central Powers during WWI?;Spain;Austria-Hungary;Turkey;Germany;
tdb-470;General knowledge;2;What year was the first Apple iPod introduced?;2001;2000;1999;1998;
tdb-471;Sport;2;Which of the following Grand Slam tennis tournaments occurs LAST?;US Open;French Open;Wimbledon;Australian Open;
tdb-472;Geography;2;On a London Underground map, what colour is the Circle Line?;Yellow;Red;Blue;Green;
tdb-473;Video games;1;What game was used to advertise Steam?;Counter-Strike 1.6;Half-Life;Half-Life 2;Team Fortress;
tdb-474;Video games;2;During the events of Half-Life: Opposing Force, what is the age of Adrian Shephard, the protagonist?;22;23;21;24;
tdb-475;Board games;2;What happens when you roll 3 doubles in a row in Monopoly?;Go to jail;Get paid $200;Pay $200;Move to Free Parking;
tdb-477;History;2;Who was the first president born in the independent United States?;Martin Van Buren;John Adams;George Washington;James Monroe;
tdb-478;Anime and manga;2;"In ""Toriko"", which of the following foods is knowingly compatible with Toriko?";Poison Potato;Mors Oil;Alpacookie;Parmesansho Fruit;
tdb-479;General knowledge;1;What is the name of the company in Lethal Company?;The Company;Planet Scrap Co.;Lethal Robotics;Gordian Shipping Co.;
tdb-480;Geography;1;In which ocean is the Réunion island?;Indian Ocean;Atlantic Ocean;South Pacific Ocean;North Pacific Ocean;
tdb-481;Geography;3;The Maluku islands (informally known as the Spice Islands) belong to which country?;Indonesia;Chile;New Zealand;Fiji;
tdb-484;Science and nature;3;What is the same in Celsius and Fahrenheit?;-40;32;-39;-42;
tdb-485;Television;2;In the original Doctor Who series (1963), fourth doctor Tom Baker's scarf was how long?;7 Meters;10 Meters;2 Meters;5 Meters;
tdb-487;Video games;1;Which student in Yandere Simulator is known for asking irritating and stupid questions?;Midori Gurin;Kokona Hruka;Oka Ruto;Pipi Osu;
tdb-490;Science and nature;3;What is the scientific name of the red fox?;Vulpes Vulpes;Vulpes Redus;Red Fox;Vulpes Vulpie;
tdb-491;Video games;1;What's the Team Fortress 2 Scout's city of origin?;Boston;Sydney;Detroit;New York;
tdb-494;General knowledge;1;The Canadian $1 coin is colloquially known as a what?;Loonie;Boolie;Foolie;Moodie;
tdb-496;Animals;3;What is the collective noun for vultures?;Wake;Ambush;Building;Gaze;
tdb-498;Music;1;"Who was ""Kung Fu Fighting"" in 1974?";Carl Douglas;The Bee Gees;Heatwave;Kool & the Gang;
tdb-499;Film;1;What was the first feature-length computer-animated movie?;Toy Story;Tron;Lion king;101 Dalmatians;
tdb-500;Video games;1;"In ""Civilization 5"", which civilization can only settle one city?";Venice;India;Liechtenstein;Portugal;
tdb-501;Comics;3;In the Marvel Universe, the planet of Svartalfheim is home to what race?;Dark Elves;Frost Giants;Kronans;Skrulls;
tdb-502;Video games;1;Lanky, Funky, and Chunky are all characters featured in which series owned by Nintendo?;Donkey Kong;Mario;Kirby;Zelda;
tdb-503;Video games;1;Which one of these characters is NOT a playable fighter in Super Smash Bros. Ultimate?;Kumatora;King K. Rool;Incineroar;Corrin;
tdb-505;Video games;1;How many playable characters are there in Yakuza 5?;5;2;3;1;
tdb-506;Musicals and theatre;2;The World Chess Championship in Chess, Act 1 is set in which Italian city?;Merano;Venice;Milan;Rome;
tdb-509;Mythology;2;Who was the Roman god of fire?;Vulcan;Apollo;Jupiter;Mercury;
tdb-510;History;2;Who crowned Charlemagne as Holy Roman Emperor on Christmas Day in 800?;Pope Leo III;Pope Urban IV;Pope Stephen V;Pope Valentine;
tdb-511;Comics;1;When was Marvel Comics founded?;1939;1932;1951;1936;
tdb-512;Geography;3;What country is not a part of Scandinavia?;Finland;Norway;Sweden;Denmark;
tdb-513;Video games;2;In the video game DOTA 2, which of these is NOT a hero?;Dragon Champion;Dark Seer;Keeper of the Light;Mirana;
tdb-514;Anime and manga;1;What color is Ryūko Matoi's half of the Scissor Blade in the anime Kill la KIll?;Red;Green;Blue;Purple;
tdb-515;Video games;3;In the original DOOM (1993) which of the following is NOT a cheat code?;IDCLIP;IDFA;IDDQD;IDSPISPOPD;
tdb-516;Film;2;"What year did the James Cameron film ""Titanic"" come out in theaters?";1997;1996;1998;1999;
tdb-517;Video games;2;What CS:GO case contains the Butterfly Knife?;Breakout Case;Shadow Case;Vanguard Case;Esports 2014 Case;
tdb-519;Sport;1;What team won the 2016 MLS Cup?;Seattle Sounders;Colorado Rapids;Toronto FC;Montreal Impact;
tdb-520;Video games;1;In Overwatch, which ape species is the hero Winston?;Gorilla;Orangutan;Chimpanzee;Gibbon;
tdb-521;History;2;Who was the first Chancellor of a united Germany in 1871?;Otto Von Bismark;Kaiser Wilhelm;Fredrick the 2nd;Robert Koch;
tdb-523;Mathematics;3;Which of the following famous mathematicians died in a duel at the age of 20?;Galois;Abel;Euler;Gauss;
tdb-525;Geography;1;What is Laos?;Country;Region;River;City;
tdb-528;Science and nature;3;Which country first successfully farm-hatched and raised bluefin tuna in 1979?;Japan;France;USA;Philippines;
tdb-529;History;2;Which country gifted the Statue of Liberty to the United States of America?;France;Spain;England;Germany;
tdb-530;Politics;2;The Watergate Scandal occured in what year?;1972;1973;1974;1971;
tdb-533;Science and nature;1;What is the official name of the star located closest to the North Celestial Pole?;Polaris;Eridanus;Gamma Cephei;Iota Cephei;
tdb-534;General knowledge;3;Which of the following is not another name for the eggplant?;Potimarron;Brinjal;Guinea Squash;Melongene;
tdb-535;Vehicles;1;What is the name of Nissan's most popular electric car?;Leaf;Tree;Deer;Roots;
tdb-536;Music;3;Who designed the album cover for True Romance, an album by Estelle?;Rebecca Sugar;Matt Burnett;Ian Jones Quartey;Ben Leven;
tdb-538;Video games;2;"In the beginning of the game ""Sonic Adventure"", what color Chaos Emerald does Tails own?";Purple;Red;Green;Blue;
tdb-539;Film;2;Brendan Fraser starred in the following movies, except which one?;Titanic;Monkeybone;Encino Man;Mrs. Winterbourne;
tdb-541;Geography;3;What is the area of Vatican City?;0.44km^2;0.10km^2;0.86km^2;12.00km^2;
tdb-542;Video games;1;In World of Warcraft the default UI color that signifies Druid is what?;Orange;Brown;Green;Blue;
tdb-543;Geography;3;How many stations does the Central Line have on the London Underground?;49;51;43;47;
tdb-544;Computers;3;Which of these Cherry MX mechanical keyboard switches is both tactile and clicky?;Cherry MX Blue;Cherry MX Black;Cherry MX Red;Cherry MX Brown;
tdb-545;Cartoons;2;Who voiced Finn in Adventure Time?;Jeremy Shada;Nolan North;John DiMaggio;Tom Kenny;
tdb-546;Film;1;Which of these movies did Jeff Bridges not star in?;The Hateful Eight;Tron: Legacy;The Giver;True Grit;
tdb-547;Anime and manga;1;What is the last name of Edward and Alphonse in the Fullmetal Alchemist series.;Elric;Ellis;Eliek;Elwood;
tdb-548;Video games;2;"Which of these blocks in ""Minecraft"" has the lowest blast resistance?";Sand;End Stone;Water;Wood Planks;
tdb-549;Science and nature;2;The moons, Miranda, Ariel, Umbriel, Titania and Oberon orbit which planet?;Uranus;Jupiter;Venus;Neptune;
tdb-550;Music;2;How many semitones are in an octave?;12;7;11;14;
tdb-552;Television;1;What TV show featured older women named Blanche, Rose, Dorothy and Sophia?;The Golden Girls;Cheers;The Wonder Years;Family Ties;
tdb-553;Animals;2;Which dog breed is named after a region in Croatia;Dalmatian;Pekingnese;Chihuahua;Pomeranian;
tdb-555;Television;2;"What is Meg's full name in ""Family Guy""?";Megatron Griffin;Who-Cares Griffin;Neil Griffin;Megan Griffin;
tdb-556;Vehicles;2;Which of the following passenger jets is the longest?;Boeing 747-8;Airbus A350-1000;Airbus A330-200;Boeing 787-10;
tdb-557;General knowledge;1;Which is the capital of Spain?;Madrid;Paris;Barcelona;Lisboa;
tdb-558;General knowledge;1;How tall is the Burj Khalifa?;2,722 ft;2,717 ft;2,546 ft;3,024 ft;
tdb-559;Computers;2;.rs is the top-level domain for what country?;Serbia;Romania;Russia;Rwanda;
tdb-561;Music;2;Which of the following bands is Tom DeLonge not a part of?;+44;Box Car Racer;Blink-182;Angels & Airwaves;
tdb-563;Video games;1;"In what year was the first ""Mass Effect"" game released?";2007;2008;2009;2010;
tdb-564;History;2;The creator of the Enigma Cypher and Machine was of what nationality?;German;American;British;Polish;
tdb-565;Video games;3;"How many trophies are there in ""Super Smash Bros. for Nintendo 3DS""?";685;1360;716;1155;
tdb-566;Celebrities;3;Billy Herrington is from which US state?;New York;Arizona;California;Georgia;
tdb-567;Science and nature;3;Burning which of these metals will produce a bright white flame?;Magnesium;Copper;Lithium;Lead;
tdb-568;Anime and manga;2;"In ""Toriko"", which of the following Heavenly Kings has an enhanced sense of Hearing?";Zebra;Coco;Sunny;Toriko;
tdb-570;Film;2;What mutated animals act as monsters in the movie 'Night of the Lepus'?;Rabbits;Dogs;Rats;Bats;
tdb-571;Video games;3;"Which artist composed the original soundtrack for ""Watch Dogs 2""?";Hudson Mohawke;Rustie;Machinedrum;Flying Lotus;
tdb-572;Video games;2;Which of these characters won the Super Smash Bros. Fighter Ballot in 2015?;Bayonetta;Cloud;Ryu;Megaman;
tdb-573;Mathematics;1;Who proved Fermat's Last Theorem?;Andrew Wiles;Leonhard Euler;Carl Friedrich Gauss;Srinivasa Ramanujan;
tdb-575;Video games;2;How many Wii consoles were sold worldwide?;101,630,000;67,000,000;148,000,000;80,000,000;
tdb-576;Video games;3;Which of these Generation 1 Pokemon did NOT have an evolution in Generation 4?;Jynx;Electabuzz;Magmar;Rhydon;
tdb-578;Books;3;In the Beatrix Potter books, what type of animal is Tommy Brock?;Badger;Fox;Frog;Rabbit;
tdb-579;History;2;What is the bloodiest event in United States history, in terms of casualties?;Battle of Antietam;Pearl Harbor;September 11th;D-Day;
tdb-580;Video games;2;In World of Warcraft lore, how many siblings does Sylvanas Windrunner have?;3;2;4;1;
tdb-581;Sport;2;What is the oldest team in Major League Baseball?;Atlanta Braves;Chicago Cubs;Cincinnati Reds;St. Louis Cardinals;
tdb-582;History;1;Who was the first president of Kenya?;Jomo Kenyatta;Daniel Moi;Tom Mboya;Oginga Odinga;
tdb-583;History;2;When did Jamaica receive its independence from England?;1962;1492;1963;1987;
tdb-584;Science and nature;3;Which Landsat Satellite currently has had the longest operational life?;Landsat 5;Landsat 8;Landsat 7;Landsat 6;
tdb-586;Video games;3;Which of these games was NOT developed by Markus Persson?;Dwarf Fortress;Minecraft;Wurm Online;0x10c;
tdb-587;Film;3;Which was the first of Alfred Hitchcock's movies to be filmed in colour?;Rope;Psycho;Vertigo;Rebecca;
tdb-588;History;2;Which of these 1900s tanks were designed and built BEFORE the others?;Renault FT;M4 Sherman;Panzer IV;Cromwell;
tdb-591;Video games;1;What is the first Sony PlayStation console that runs on CD?;PS;PS2;PS3;PS4;
tdb-592;Books;1;What is the name of the protagonist of J.D. Salinger's novel Catcher in the Rye?;Holden Caulfield;Fletcher Christian;Jay Gatsby;Randall Flagg;
tdb-593;Science and nature;3;In quantum physics, which of these theorised sub-atomic particles has yet to be observed?;Graviton;Z boson;Tau neutrino;Gluon;
tdb-594;Cartoons;3;What was the name of Jonny's pet dog in The Adventures of Jonny Quest?;Bandit;Lucky;Rocky;Max;
tdb-596;General knowledge;1;In a standard Gregorian calendar, how many months begin with the letter 'J'?;Three;Four;Five;Two;
tdb-598;Music;2;Which of these is not an Ed Sheeran album?;-;+;X;÷;
tdb-599;Art;3;"The painting ""Guernica"" by Pablo Picasso expressed emotions of dread in response to which war?";Spanish Civil War;World War I;The Crimean War;Spanish-American War;
tdb-600;Vehicles;2;The British Rail Class 700, Class 707 and the Class 717 are part of what train family?;Desiro City;Networker;Aventra;Electrostar;
tdb-601;Vehicles;1;The Italian automaker Lamborghini uses what animal as its logo?;Bull;Bat;Horse;Snake;
tdb-603;Film;2;"Which actor plays the character ""Tommy Jarvis"" in ""Friday the 13th: The Final Chapter"" (1984)?";Corey Feldman;Macaulay Culkin;Mel Gibson;Mark Hamill;
tdb-604;Sport;1;Who did Steven Gerrard win the Champions League with?;Liverpool;Real Madrid;Chelsea;Man City;
tdb-605;Board games;3;Which of these cities is NOT featured in the Pandemic board game?;Berlin;Ho Chi Minh City;Lagos;Karachi;
tdb-606;Television;1;In Two and a Half Men, what is Alan Harper's son's name?;Jake;John;Jeremy;James;
tdb-607;Books;2;What was the pen name of novelist, Mary Ann Evans?;George Eliot;George Orwell;George Bernard Shaw;George Saunders;
tdb-608;General knowledge;1;What do sailors call the front of a boat?;Bow;Stern;Port;Starboard;
tdb-609;Sport;2;Which of these English football clubs is based in Liverpool?;Everton;West Ham United;Crystal Palace;Arsenal;
tdb-610;Video games;2;In the Pokémon series, which type is Sudowoodo, the Imitation Pokémon?;Rock;Grass;Bug;Ground;
tdb-612;Music;3;"Who was not in the band ""The Smiths""?";Martin Chambers;Morrissey;Andy Rourke;Mike Joyce;
tdb-613;Music;2;Which of these bands are NOT from Australia?;The Naked and Famous;Cut Copy;Empire of the Sun;Tame Impala;
tdb-615;Anime and manga;2;"What is the name of the device that allows for infinite energy in the anime ""Dimension W""?";Coils;Wires;Collectors;Tesla;
tdb-617;Video games;2;Who was Tetris created by?;Alexey Pajitnov;Toru Iwatani;Allan Alcorn;William Higinbotham;
tdb-618;History;1;What war did George Orwell famously volunteer for and nearly died in?;Spanish Civil War;World War I;World War II;Russian Civil War;
tdb-620;Science and nature;1;Which is the most abundant element in the universe?;Hydrogen;Helium;Lithium;Oxygen;
tdb-621;Video games;2;Who was the first female protagonist in a video game?;Samus Aran;Lara Croft;Alis Landale;Chell;
tdb-622;History;2;Who was the first emperor of Rome?;Augustus;Julius Caesar;Pompey Magnus;Claudius;
tdb-623;General knowledge;2;What did the Spanish autonomous community of Catalonia ban in 2010, that took effect in 2012?;Bullfighting;Fiestas;Flamenco;Mariachi;
tdb-624;General knowledge;1;"In ""Katamari Damacy"", you control a character known as:";The Prince;Fujio;Ichigo;Foomin;
tdb-628;Cartoons;2;The character White Diamond from Steven Universe, is voiced by who?;Christine Ebersole;Ellen McLain;Aly Michalka;Rihanna;
tdb-629;Film;2;"In the 1971 film ""Willy Wonka & the Chocolate Factory"", who played Willy Wonka?";Gene Wilder;Shia LeBouf;Peter Ostrum;Johnny Depp;
tdb-630;Mythology;1;What weakpoint of Achilles was expoited by the Trojan prince, Paris?;Heel;Neck;Back;Calf;
tdb-631;Television;3;"What was the UK ""Who Wants to be a Millionaire?"" cheating scandal known as?";Major Fraud;Ingram Cheater;Coughing Major;Millionaire Crime;
tdb-633;Video games;2;In what year were achivements added to Steam?;2007;2008;2009;2006;
tdb-634;Geography;1;What is the capital of Scotland?;Edinburgh;Glasgow;Dundee;London;
tdb-636;Cartoons;2;"Which ""Toy Story"" character was voiced by Don Rickles?";Mr. Potato Head;Slinky Dog;Hamm;Rex;
tdb-637;Geography;2;All of the following countries have official claims to territory in Antartica EXCEPT:;United States;Australia;Chile;Norway;
tdb-638;Music;1;"Kanye West's ""Gold Digger"" featured which Oscar-winning actor?";Jamie Foxx;Alec Baldwin;Dwayne Johnson;Bruce Willis;
tdb-639;Science and nature;2;"In Psychology, which need appears highest in the ""Maslow's hierarchy of needs"" pyramid?";Esteem;Love;Safety;Physiological;
tdb-640;Computers;3;What port does HTTP run on?;80;53;443;23;
tdb-641;Computers;2;How many bits make up the significand portion of a single precision floating point number?;23;8;53;15;
tdb-642;Video games;1;"Which of the following names is the ""Mega Man"" Franchise known as in Japan?";Rockman;Paperman;Scissorsman;Mega Man;
tdb-643;Video games;3;"How many aces can be shot down through the entirety of ""Ace Combat Zero: The Belkan War""?";169;100;132;245;
tdb-645;Music;2;"""The Genius"" is the original and secondary name of which Wu-Tang Clan member?";GZA;Ghostface Killah;Ol' Dirty Bastard;Raekwon the Chef;
tdb-646;Anime and manga;2;"On what date did the original ""Fruits Basket"" anime air in Japan?";July 5th, 2001;November 1st, 2006;December 27th, 2001;October 11th, 2001;
tdb-648;Sport;2;Who won NFL Super Bowl LI? (51);Patriots;Falcons;Broncos;Eagles;
tdb-649;History;2;In what year was the last natural case of smallpox documented?;1977;1982;1980;1990;
tdb-650;Film;2;"Who is the director of the 1991 film ""Silence of the Lambs""?";Jonathan Demme;Stanley Kubrick;Frank Darabont;Michael Bay;
tdb-651;General knowledge;2;What is the last letter of the Greek alphabet?;Omega;Mu;Epsilon;Kappa;
tdb-652;Geography;2;What is the capital of British Columbia, Canada?;Victoria;Vancouver;Hope;Kelowna;
tdb-653;History;2;Which of his six wives was Henry VIII married to the longest?;Catherine of Aragon;Anne Boleyn;Jane Seymour;Catherine Parr;
tdb-655;Film;2;Who did the score to the original Blade Runner?;Vangelis;Kitaro;Yanni;Enya;
tdb-656;Board games;3;What is the world's oldest board game?;Senet;Chess;Checkers;Go;
tdb-658;History;2;On which aircraft carrier did the Doolitte Raid launch from on April 18, 1942 during World War II?;USS Hornet;USS Enterprise;USS Lexington;USS Saratoga;
tdb-659;Video games;1;How many flagship monsters appear in Monster Hunter Gernerations?;4;1;2;3;
tdb-660;Video games;2;On which planet does the game Freedom Planet (2014) take place?;Avalice;Freedom;Galaxytrail;Shang Mu;
tdb-661;General knowledge;2;"In ancient Greece, if your job were a ""hippeus"" which of these would you own?";Horse;Weave;Guitar;Boat;
tdb-662;History;1;To what political party did Abraham Lincoln belong when elected POTUS?;Republican;Democrat;Independent;Whig;
tdb-663;Video games;1;In the Assassin's Creed series,what was the name of Desmond Miles given by Abstergo?;Subject 17;Subject 16;Subject 18;Altaïr Ibn-La'Ahad;
tdb-665;Mythology;1;The Nike apparel and footwear brand takes it's name from the Greek goddess of what?;Victory;Courage;Strength;Honor;
tdb-666;Science and nature;2;Which chemical element was originally known as Alabamine?;Astatine;Selenium;Antimony;Molybdenum;
tdb-669;Celebrities;2;"How much weight did Chris Pratt lose for his role as Star-Lord in ""Guardians of the Galaxy""?";60 lbs;30 lbs;50 lbs;70 lbs;
tdb-671;Cartoons;2;How many episodes were in season five of Samurai Jack?;10;12;11;13;
tdb-672;Geography;2;What is the capital city of the U.S. state of Texas?;Austin;Dallas;Houston;San Antonio;
tdb-673;History;1;The RMS Titanic sunk during her maiden voyage from Southampton, England to which American city?;New York City;Boston;Philadelphia;Washington;
tdb-674;Anime and manga;2;Which studio animated Soul Eater?;Bones;Kyoto Animation;xebec;Production I.G;
tdb-675;Music;2;Which one of these people has been in the band ''Metallica'' in the past?;Dave Mustaine;Kurt Cobain;Joey Belladonna;Dave Lombardo;
tdb-676;Animals;2;What is the national bird of Bahrain?;Bulbul;Hummingbird;Falcon;Sparrow;
tdb-677;Geography;2;Which is the largest city in Morocco?;Casablanca;Rabat;Fes;Sale;
tdb-679;Television;1;"In AMC's TV Series ""The Walking Dead"" what are ""Zombies"" referred to as?";Walkers;Creepers;Maggots;Hell Pigs;
tdb-680;Television;1;"In the show ""Futurama"" what is Fry's full name?";Philip J. Fry;Fry J. Philip;Fry Rodríguez;Fry Philip;
tdb-681;Animals;2;"What does ""hippopotamus"" mean and in what langauge?";River Horse (Greek);River Horse (Latin);Fat Pig (Greek);Fat Pig (Latin);
tdb-682;Cartoons;2;"What is the name of Sid's dog in ""Toy Story""?";Scud;Buster;Whiskers;Mr. Jones;
tdb-685;General knowledge;3;"Where in La Coruña (Spain) is the headquarters of ""Inditex"", the biggest fashion group in the world?";Arteijo;Sanjenjo;Mugía;Órdenes;
tdb-686;Film;1;Which actress danced the twist with John Travolta in 'Pulp Fiction'?;Uma Thurman;Kathy Griffin;Pam Grier;Bridget Fonda;
tdb-687;Music;1;Ozzy Osbourne was the lead singer for what metal band?;Black Sabbath;AC/DC;Iron Maiden;Judas Priest;
tdb-688;Geography;3;What is the largest freshwater lake by volume?;Lake Baikal;Lake Superior;Lake Huron;Lake Michigan;
tdb-690;Geography;2;What is the fifth largest country by area?;Brazil;United States;Australia;India;
tdb-691;Video games;1;"In what year was the game ""Fallout"" released?";1997;1998;1999;1996;
tdb-692;Geography;1;What is the 15th letter of the Greek alphabet?;Omicron (Ο);Sigma (Σ);Pi (Π);Nu (Ν);
tdb-693;Science and nature;3;On the Beaufort Scale of wind force, what wind name is given to number 8?;Gale;Storm;Hurricane;Breeze;
tdb-694;Video games;3;What was the name of Sonic the Hedgehog's original human girlfriend?;Madonna;Celeste;Sierra;Nina;
tdb-696;Geography;2;How many counties in the Republic of Ireland.;26;32;28;30;
tdb-698;Comics;1;"In ""Homestuck"" the ""Kingdom of Darkness"" is also known as?";Derse;Skaia;Prospit;The Medium;
tdb-699;General knowledge;1;What is the closest planet to our solar system's sun?;Mercury;Mars;Jupiter;Earth;
tdb-700;Sport;2;What is the highest belt you can get in Taekwondo?;Black;White;Red;Green;
tdb-703;Geography;2;What mountain range lines the border between Spain and France?;Pyrenees;Alps;Carpathians;Urals;
tdb-706;Sport;1;Who won the 2017 Formula One World Drivers' Championship?;Lewis Hamilton;Sebastian Vettel;Nico Rosberg;Max Verstappen;
tdb-707;Anime and manga;2;"In ""Love Live: School Idol Project"" what pseudonym does Kotori Minami use in her job as a maid?";Minalinsky;Stanoytchev;Kuznetsov;Aqours;
tdb-709;History;2;During the Mongolian invasions of Japan, what were the Mongol boats mostly stopped by?;Typhoons;Tornados;Economic depression;Samurai;
tdb-710;General knowledge;1;How many cards are there in a standard deck of playing cards?;52;32;40;64;
tdb-711;Sport;1;Which country hosted the 2018 FIFA World Cup?;Russia;Germany;United States;Saudi Arabia;
tdb-712;Video games;2;"In ""Resident Evil 2"", what is Leon Kennedy's middle name?";Scott;Shaun;Simon;Sam;
tdb-713;Anime and manga;3;"Who was the Director of the 1988 Anime film ""Grave of the Fireflies""?";Isao Takahata;Hayao Miyazaki;Satoshi Kon;Sunao Katabuchi;
tdb-714;General knowledge;1;Which of these words refers to something made, distributed, or sold illegally?;Bootleg;Bootblack;Bootlace;Bootstrap;
tdb-715;Video games;2;"Which character is from ""Splatoon""?";Marie;Cyrus;Palutena;Shulk;
tdb-716;Geography;2;Which of the following countries does NOT recognize Armenia as an independent country?;Pakistan;Iran;Turkey;Azerbaijan;
tdb-717;Film;2;In the Friday The 13th series, what is Jason's mother's first name?;Pamela;Mary;Christine;Angeline;
tdb-718;Video games;1;"Which of these is not a wonder weapon in ""Call Of Duty: Zombies""?";R115 Resonator;GKZ-45 Mk3;Ray Gun;Scavenger;
tdb-719;Video games;1;In Night In The Woods, where does Gregg work?;Snack Falcon;Ol' Pickaxe;"Video Outpost ""Too""";Food Donkey;
tdb-721;Film;1;"In ""Mean Girls"", who has breasts that tell when it's raining?";Karen Smith;Gretchen Weiners;Janice Ian;Cady Heron;
tdb-723;History;2;Which of the following countries was the first to send an object into space?;Germany;USA;Russia;China;
tdb-724;Video games;1;Which company did Gabe Newell work at before founding Valve Corporation?;Microsoft;Apple;Google;Yahoo;
tdb-725;Video games;1;What color is the iconic arcade character Q*Bert?;Orange;Blue;Green;Brown;
tdb-726;Video games;3;In Terraria, which debuff does the ankh charm not provide immunity to?;Venom;Cursed;Bleeding;Slow;
tdb-727;General knowledge;3;What year was Queen Elizabeth II born?;1926;1923;1929;1930;
tdb-728;Film;1;Which of these films is NOT set in Los Angeles?;RoboCop;Blade Runner;The Terminator;Predator 2;
tdb-729;Video games;2;In Pokemon Diamond, Pearl and Platinum, where can a Munchlax be found?;Honey Trees;Trading with an NPC;Grass on Route 209;Wayward Cave;
tdb-730;Video games;3;"Which gaming series includes ""The Diabolical Box"" and ""The Curious Village""?";Professor Layton;Persona;Etrian Odyssey;Sam & Max;
tdb-732;Music;1;"Which band recorded the album ""Parallel Lines""?";Blondie;Paramore;Coldplay;The Police;
tdb-733;General knowledge;3;"What is the romanized Korean word for ""heart""?";Simjang;Aejeong;Jeongsin;Segseu;
tdb-734;Video games;1;"In ""Phantasy Star Online 2"", which is the first area that you are granted access to?";Forest;Swamp;Plains;Caves;
tdb-736;Books;3;"In The Lies Of Locke Lamora, what does ""Lamora"" mean in Throne Therin?";Shadow;Thievery;Justice;Chaos;
tdb-741;Music;1;"Which one of these songs did the group ""Men At Work"" NOT make?";Safety Dance;Down Under;Who Can It Be Now?;It's a Mistake;
tdb-742;Geography;3;Which country is completely landlocked by South Africa?;Lesotho;Swaziland;Botswana;Zimbabwe;
tdb-744;General knowledge;1;What is the Zodiac symbol for Gemini?;Twins;Fish;Scales;Maiden;
tdb-745;Video games;1;"In ""Yo! Noid 2,"" The Noid can perform what special move?";Dab;Pizza Throw;Dodge Roll;Spin Dash;
tdb-746;Video games;2;"How many Star Spirits do you rescue in the Nintendo 64 video game ""Paper Mario""?";7;5;10;12;
tdb-747;Film;2;"Which actor played the main character in the 1990 film ""Edward Scissorhands""?";Johnny Depp;Clint Eastwood;Leonardo DiCaprio;Ben Stiller;
tdb-748;Film;3;"In the ""Jurassic Park"" universe, what was the first dinosaur cloned by InGen in 1986?";Velociraptor;Triceratops;Troodon;Brachiosaurus;
tdb-751;History;2;The Battle of the Somme in World War I took place in which country?;France;Germany;Italy;Austria;
tdb-753;Television;1;"In ""Breaking Bad"", Walter White is a high school teacher diagnosed with which form of cancer?";Lung Cancer;Prostate Cancer;Brain Cancer;Testicular Cancer;
tdb-754;Science and nature;1;How many bones are in the human body?;206;203;209;200;
tdb-755;Television;3;Which of these in the Star Trek series is NOT Klingon food?;Hors d'oeuvre;Racht;Gagh;Bloodwine;
tdb-756;Video games;3;"In the Half-Life mod ""Afraid of Monsters"" what was the name of the main protagonist?";David Leatherhoff;Daniel Featherhoff;Damon Weatherhoff;Damien Teatherhoff;
tdb-757;Video games;2;What was the first interactive movie video game?;Astron Belt;Dragon's Lair;Cube Quest;M.A.C.H. 3;
tdb-758;Film;1;"What is the orange and white bot's name in ""Star Wars: The Force Awakens""?";BB-8;BB-3;AA-A;R2-D2;
tdb-760;Video games;2;"In the game Destiny, who succeeded Peter Dinklage in voicing the protagonist's ""Ghost""?";Nolan North;John DiMaggio;Mark Hamill;Troy Baker;
tdb-761;Television;2;When did Spongebob Squarepants first air?;May 1, 1999;July 20, 2000;February 6, 2003;June 27, 1997;
tdb-763;Geography;2;What is the region conjoining Pakistan, India, and China with unknown leadership called?;Kashmir;Andorra;Gibraltar;Quin;
tdb-764;Video games;2;"When was the video game ""P.A.M.E.L.A."" released on Steam?";March 9, 2017;January 7, 2007;October 23, 1997;February 16, 2015;
tdb-765;General knowledge;2;What is the most-visited website out of these options?;Google;YouTube;Facebook;Wikipedia;
tdb-766;Computers;2;Nvidia's headquarters are based in which Silicon Valley city?;Santa Clara;Palo Alto;Cupertino;Mountain View;
tdb-767;Science and nature;2;Which of these choices is not one of the phases of mitosis?;Diplophase;Metaphase;Anaphase;Telophase;
tdb-768;Computers;1;Which SQL keyword is used to fetch data from a database?;SELECT;INDEX;VALUES;EXEC;
tdb-769;General knowledge;2;What is the defining characteristic of someone who is described as hirsute?;Hairy;Rude;Funny;Tall;
tdb-770;Video games;1;Who is the creator of Touhou project?;Zun;Jun;Twilight Frontier;Tasofro;
tdb-771;Video games;1;"When was ""Luigi's Mansion 3"" released?";October 31st, 2019;January 13th, 2019;September 6th, 2018;October 1st, 2019;
tdb-772;Board games;2;Who is the main character in the VHS tape included in the board game Nightmare?;The Gatekeeper;The Kryptkeeper;The Monster;The Nightmare;
tdb-773;Books;3;"In the book ""The Martian"", how long was Mark Watney trapped on Mars (in Sols)?";549 Days;765 Days;401 Days;324 Days;
tdb-774;Science and nature;2;How many degrees Fahrenheit is 100 degrees Celsius?;212;326;100;451;
tdb-776;Video games;3;"In ""Team Fortress 2"", how much health does a scout have when overhealed?";185;215;195;225;
tdb-777;Comics;2;"Which ""Green Arrow"" sidekick commonly wears a baseball cap?";Roy Harper;Black Canary;Emiko Queen;Dick Grayson;
tdb-778;History;2;Where and when was the first cardboard box made for industrial use?;England, 1817;United States, 1817;England, 1917;United States, 1917;
tdb-779;Music;2;Which British female singer and songwriter was sampled Eminem's hit single 'Stan'?;Dido;Adele;Lily Allen;Leona Lewis;
tdb-780;Celebrities;2;If he was still alive, in what year would Elvis Presley celebrate his 100th birthday?;2035;2030;2040;2045;
tdb-781;Anime and manga;2;What studio animated Fullmetal Alchemist?;Bones;Trigger;Pierrot;xebec;
tdb-782;Video games;2;In Terraria, which of these items is NOT crafted at a Mythril Anvil?;Ankh Charm;Venom Staff;Sky Fracture;Orichalcum Tools;
tdb-783;Politics;3;Which nation joined NATO as its 29th member in 2017?;Montenegro;Estonia;Andorra;Iceland;
tdb-784;Video games;3;Counting the Blood and Wine DLC, how many Hero Cards are there in total in The Witcher 3?;25;30;20;15;
tdb-785;Video games;2;"What is the name of Cream the Rabbit's mom in the ""Sonic the Hedgehog"" series?";Vanilla;Peach;Strawberry;Mint;
tdb-786;Science and nature;1;How many moons does the Earth have?;1;0;2;3;
tdb-787;Film;1;"In the 1951 movie ""The Day The Earth Stood Still"" which US city did the alien spaceship land in?";Washington D.C.;Los Angeles;New York;Philadelphia;
tdb-788;Science and nature;3;What is isobutylphenylpropanoic acid more commonly known as?;Ibuprofen;Morphine;Ketamine;Aspirin;
tdb-789;History;3;In which year did the Tokyo Subway Sarin Attack occur?;1995;2001;2011;1991;
tdb-790;History;1;What country joined the EU in 2013?;Croatia;Bulgaria;Slovenia;Turkey;
tdb-792;Video games;2;"Who voiced the character Joel in ""The Last of Us""?";Troy Baker;Nolan North;John DiMaggio;Steve Blum;
tdb-793;Computers;1;What kind of memory is used on memory cache?;SRAM;DRAM;ROM;Flash;
tdb-794;Video games;3;"Which game in the ""Halo"" series has the strongest iteration of the shotgun?";Halo: Combat Evolved;Halo 2;Halo 3;Halo: Reach;
tdb-795;Geography;1;What is the largest country in the world?;Russia;Canada;China;United States;
tdb-797;Video games;2;In Need For Speed: Most Wanted (2005), how many people are there to defeat on the blacklist?;15;5;10;20;
tdb-799;Film;3;What was the last Marx Brothers film to feature Zeppo?;Duck Soup;A Night at the Opera;A Day at the Races;Monkey Business;
tdb-800;Science and nature;3;What common name is given to the medial condition, tibial stress syndrome (MTSS)?;Shin Splints;Tennis Elbow;Carpal Tunnel;Housemaid's Knee;
tdb-801;General knowledge;1;In the video-game franchise Kingdom Hearts, the main protagonist, carries a weapon with what shape?;Key;Sword;Pen;Cellphone;
tdb-802;Sport;3;Which is Kenesisa Bekele's personal best at marathon?;2:01:41;2:01:12;2:01:45;2:01:51;
tdb-804;General knowledge;1;If you are traveling at a speed of 80 mph, how long will it take you to drive 80 miles?;60 minutes;90 minutes;30 minutes;50 minutes;
tdb-805;General knowledge;3;Which of these cities does NOT have a United States Minting location?;St. Louis, MO;San Fransisco, CA;Philidelphia, PA;West Point, NY;
tdb-808;Mathematics;2;What type of function is x²+2x+1?;Quadratic;Rational;Linear;Exponential;
tdb-809;Video games;2;In which U.S. state is Far Cry 5's fictional setting 'Hope County' located?;Montana;Idaho;Wyoming;North Carolina;
tdb-811;Film;2;Which Marvel superhero did Chris Evans play prior to his role as Captain America?;Human Torch;Cyclops;Iceman;Daredevil;
tdb-812;Celebrities;1;Which celebrity announced his presidency in 2015?;Kanye West;Donald Trump;Leonardo DiCaprio;Miley Cyrus;
tdb-813;Books;1;"Who wrote ""A Tale of Two Cities""?";Charles Dickens;Charles Darwin;Mark Twain;Roald Dahl;
tdb-815;Music;3;Artis Leon Ivey Jr. is better known as which rap artist?;Coolio;Dr Dre;Snoop Dogg;Ice T;
tdb-816;Video games;1;"In the game ""Hearthstone"", what is the best rank possible?";Rank 1 Legend;Rank 1 Elite;Rank 1 Master;Rank 1 Supreme;
tdb-817;Sport;2;How many French Open's did Björn Borg win?;6;4;9;2;
tdb-818;Television;2;"In ""The Big Bang Theory"", what is Howard Wolowitz's nickname in World of Warcraft?";Wolowizard;Sheldor;Rajesh;Priya;
tdb-819;Gadgets;3;Which of the following cellular device companies is NOT headquartered in Asia?;Nokia;LG Electronics;Samsung;HTC;
tdb-821;Science and nature;3;What nucleotide pairs with guanine?;Cytosine;Thymine;Adenine;Uracil;
tdb-822;General knowledge;2;"What is the German word for ""spoon""?";Löffel;Gabel;Messer;Essstäbchen;
tdb-823;Politics;2;Which city is the seat of government of the Netherlands?;The Hague;Amsterdam;Utrecht;Rotterdam;
tdb-828;Music;2;Which Beatle led the way across the zebra crossing on the Abbey Road album cover?;John;Paul;George;Ringo;
tdb-829;Science and nature;3;"""The Big Bang Theory"" was first theorized by a priest of what religious ideology?";Catholic;Christian;Jewish;Islamic;
tdb-830;Music;2;"Which chain restaurant increased sales after it was mentioned in the 2016 Beyoncé song: ""Formation""?";Red Lobster;Outback Steakhouse;TGI Fridays;Applebee's;
tdb-836;Music;2;Which country is singer Kyary Pamyu Pamyu from?;Japan;South Korea;China;Vietnam;
tdb-837;Books;2;"In the ""The Hobbit"", who kills Smaug?";Bard;Bilbo Baggins;Gandalf the Grey;Frodo;
tdb-838;Video games;3;"In the game ""The Sims"", how many Simoleons does each family start with?";20,000;10,000;15,000;25,000;
tdb-839;Science and nature;2;The medial meniscus forms which part of what joint in the human body?;Knee;Elbow;Ankle;Shoulder;
tdb-840;Celebrities;2;"What is the real name of ""moot"", founder of the imageboard 4chan?";Christopher Poole;Mark Zuckerberg;Allison Harvard;Catie Wayne;
tdb-842;General knowledge;2;According to the United States' CDC, one in how many Americans die annually due to smoking?;Five;Twenty;Ten;One hundred;
tdb-843;Anime and manga;1;"In ""One Piece,"" what color is Tony Tony Chopper's nose?";Blue;Black;Grey;Red;
tdb-844;Geography;1;Which Borough is the farthest in the north of New York City?;Bronx;Queens;Brooklyn;Manhattan;
tdb-846;General knowledge;1;What fruit is a traditional ingredient of a Black Forest Gateau?;Cherries;Apricots;Raisins;Apples;
tdb-847;History;1;The Ottoman Empire was dissolved after their loss in which war?;World War I;Crimean War;Serbian Revolution;Second Balkan War;
tdb-848;Video games;1;"What is the name of the main protagonist in ""Xenoblade Chronicles""?";Shulk;Reyn;Fiora;Dunban;
tdb-849;Video games;1;What is the main ship used by Commander Shepard in the Mass Effect Franchise called?;Normandy;Osiris;Infinity;Endeavour;
tdb-851;History;1;Which one of these was not a beach landing site in the Invasion of Normandy?;Silver;Gold;Juno;Sword;
tdb-853;Science and nature;2;Myopia is the scientific term for which condition?;Shortsightedness;Farsightedness;Double Vision;Clouded Vision;
tdb-854;Film;2;"Which DC superhero was NOT included in the 2017 movie ""Justice League""?";Green Arrow;Batman;Cyborg;Wonder Woman;
tdb-855;Politics;2;Before 2016, in which other year did Donald Trump run for President?;2000;2012;1988;2008;
tdb-857;Anime and manga;1;What is the name of JoJo's Bizarre Adventure Part 5?;Vento Aureo;Vento Oreo;Vanto Aureo;Vento Eureo;
tdb-858;Mythology;1;The ancient Roman god of war was commonly known as which of the following?;Mars;Jupiter;Juno;Ares;
tdb-860;Sport;2;In what sport does Fanny Chmelar compete for Germany?;Skiing;Swimming;Showjumping;Gymnastics;
tdb-862;Music;1;"Which band released songs suchs as ""Rio"", ""Girls on Film"", and ""The Reflex""?";Duran Duran;The Cure;New Order;Depeche Mode;
tdb-864;Board games;2;Who was the first official world chess champion?;Wilhelm Steinitz;José Raúl Capablanca;Emanuel Lasker;Bobby Fischer;
tdb-865;Music;1;Who is the lead singer of the British pop rock band Coldplay?;Chris Martin;Jonny Buckland;Guy Berryman;Will Champion;
tdb-866;Computers;1;In computing, how many bits are in a nibble?;4;16;32;2;
tdb-867;Film;1;"In the movie ""V for Vendetta,"" what is the date that masked vigilante ""V"" urges people to remember?";November 5th;November 6th;November 4th;September 5th;
tdb-868;General knowledge;2;What character was once considered to be the 27th letter of the alphabet?;Ampersand;Interrobang;Tilde;Pilcrow;
tdb-870;Music;1;Which one of the following musical instruments is NOT a part of the Woodwind section?;Trumpet;Clarinet;Oboe;Alto Saxophone;
tdb-871;Books;1;"Who wrote the young adult novel ""The Fault in Our Stars""?";John Green;Stephenie Meyer;Suzanne Collins;Stephen Chbosky;
tdb-873;General knowledge;1;When was the website reddit founded?;2005;2008;2004;2006;
tdb-875;History;3;What year was the first Pizza Hut restaurant opened?;1958;1976;1965;1942;
tdb-876;Television;2;In the Sci-Fi television show Doctor Who, who plays the Tenth Doctor?;David Tennant;William Hartnell;Peter Capaldi;Peter Davison;
tdb-877;General knowledge;2;What is the average life span of a garden ant?;15 years;24 hours;1 week;3 years;
tdb-878;Mythology;2;Hel was the daughter of which Norse Mythological figure?;Loki;Thor;Odin;Balder;
tdb-879;Science and nature;3;What does the scientific name of the Cambrian-Period sea creature Anomalocaris mean?;Abnormal Shrimp;Deformed Fish;Strange Crab;Anomalous Clam;
tdb-880;Celebrities;1;What was the cause of Marilyn Monroes suicide?;Drug Overdose;Knife Attack;House Fire;Gunshot;
tdb-882;Video games;3;In Animal Crossing: New Leaf, which of these paintings from Redd's Art Gallery is always genuine?;Warm Painting;Jolly Painting;Neutral Painting;Wistful Painting;
tdb-883;Music;1;How many strings are there on a cello?;4;5;6;8;
tdb-885;Video games;2;What is the main character of Metal Gear Solid 2?;Raiden;Solidus Snake;Big Boss;Venom Snake;
tdb-886;Animals;1;How many teeth does an adult rabbit have?;28;30;26;24;
tdb-887;History;2;The seed drill was invented by which British inventor?;Jethro Tull;Charles Babbage;Isaac Newton;J.J Thomson;
tdb-888;Anime and manga;3;"In the ""Dragon Ball"" franchise, what is the name of Goku's brother?";Raditz;Gohan;Vegeta;Bardock;
tdb-889;History;2;Joseph Stalin had a criminal past doing what?;Robbing Trains;Murder for Hire;Tax Evasion;Identity Fraud;
tdb-890;General knowledge;2;Which language is NOT Indo-European?;Hungarian;Russian;Greek;Latvian;
tdb-891;Video games;2;In the Kingdom Heart series who provides the english voice for Master Eraqus?;Mark Hamill;Jason Dohring;Jesse McCartney;Haley Joel Osment;
tdb-892;Geography;1;Which small country is located between the borders of France and Spain?;Andorra;San Marino;Vatican City;Lichtenstein;
tdb-893;Video games;1;What company developed the Xbox line of video game consoles?;Microsoft;Sony;Toshiba;IBM;
tdb-894;History;1;Who was the first prime minister of Canada?;John Macdonald;John Abbott;Alexander Mackenzie;Robert Borden;
tdb-895;Books;2;"Who wrote the ""A Song of Ice And Fire"" fantasy novel series?";George R. R. Martin;George Lucas;George Orwell;George Eliot;
tdb-896;Video games;1;"Which franchise does the creature ""Slowpoke"" originate from?";Pokemon;Dragon Ball;Sonic The Hedgehog;Yugioh;
tdb-897;Music;2;Which of these artists has NOT been a member of dancehall group Major Lazer?;Skrillex;Diplo;Jillionaire;Walshy Fire;
tdb-898;General knowledge;3;What is the name of the currency used in Ethiopia?;Birr;Dirham;U.S. Dollar;Rand;
tdb-899;Mythology;1;In Greek mythology, who is the god of wine?;Dionysus;Hephaestus;Demeter;Apollo;
tdb-900;Mathematics;3;Integration is the reverse of what mathematical operation?;Derivation;Division;Standard Deviation;Multiplication;
tdb-901;Books;2;"The novel ""Of Mice And Men"" was written by what author?";John Steinbeck;George Orwell;Mark Twain;Harper Lee;
tdb-902;General knowledge;1;Which of these is NOT considered to be a colour that makes up the rainbow?;Pink;Blue;Violet;Orange;
tdb-903;Science and nature;1;Which type of rock is created by intense heat AND pressure?;Metamorphic;Sedimentary;Igneous;Diamond;
tdb-904;Music;2;"""Drink the Sea"" is an album by which electronic music artist?";The Glitch Mob;Avicii;XXYYXX;Flux Pavilion;
tdb-905;General knowledge;2;What alcoholic drink is mainly made from juniper berries?;Gin;Vodka;Rum;Tequila;
tdb-906;Video games;2;"What system was ""Touhou: Highly Responsive to Prayers"" released on?";PC-98;OSX 10.9.5;Windows ME;Windows 98;
tdb-907;History;2;In what year did Neil Armstrong and Buzz Aldrin land on the moon?;1969;1965;1966;1973;
tdb-909;Music;1;"Which year was the album ""Year of the Snitch"" by Death Grips released?";2018;2013;2017;2011;
tdb-910;Science and nature;3;Which of these is a stop codon in DNA?;TAA;ACT;ACA;GTA;
tdb-911;Video games;2;"Which pop singer was brought in by SEGA to produce the music for ""Sonic the Hedgehog 3""?";Michael Jackson;Prince;George Michael;Vanilla Ice;
tdb-912;Music;3;"Panic! At the Disco's sixth album ""Pray For The Wicked"" was released on which date?";June 22, 2018;May 9, 2018;March 13, 2018;February 21, 2018;
tdb-913;Science and nature;3;Which constellation contains the center of the Milky Way?;Sagittarius;Scorpius;Ophiuchus;Capricornus;
tdb-915;General knowledge;1;Who is depicted on the US hundred dollar bill?;Benjamin Franklin;George Washington;Abraham Lincoln;Thomas Jefferson;
tdb-916;Film;1;Which actor plays Obi-Wan Kenobi in Star Wars Episodes I-III?;Ewan McGregor;Alec Guinness;Hayden Christensen;Liam Neeson;
tdb-917;Sport;1;Which team has won the most Stanley Cups in the NHL?;Montreal Canadians;Chicago Blackhawks;Toronto Maple Leafs;Detroit Red Wings;
tdb-918;Music;3;What is Justin Bieber's debut Album?;My World 2.0;U Smile;Baby;Purpose;
tdb-919;Video games;2;Who is credited with having created the world's first video game Easter Egg?;Warren Robinett;Julius Smith;Will Crowther;Don Woods;
tdb-920;Music;1;Who was the most streamed artist on Spotify in 2019?;Post Malone;Billie Eilish;Ariana Grande;Drake;
tdb-921;Science and nature;1;What animal takes part in Schrödinger's most famous thought experiment?;Cat;Dog;Bat;Butterfly;
tdb-922;General knowledge;1;Which sign of the zodiac comes between Virgo and Scorpio?;Libra;Gemini;Taurus;Capricorn;
tdb-923;Music;3;"Which song in rapper Kanye West's album ""The Life of Pablo"" features Rihanna?";Famous;Wolves;Ultralight Beam;Highlights;
tdb-924;Video games;1;"What game mode was not in the original ""Wii Sports""?";Table Tennis;Boxing;Baseball;Bowling;
tdb-926;Mathematics;2;Which mathematician refused the Fields Medal?;Grigori Perelman;Andrew Wiles;Terence Tao;Edward Witten;
tdb-927;Board games;3;On a standard Monopoly board, how much do you have to pay for Tennessee Ave?;$180;$200;$160;$220;
tdb-928;Geography;2;What was the African nation of Zimbabwe formerly known as?;Rhodesia;Zambia;Mozambique;Bulawayo;
tdb-929;Vehicles;3;How much horsepower is produced by the SD40-2 Locomotive?;3,000;3,200;2,578;2,190;
tdb-931;Gadgets;2;What are the base station trackers used for the HTC Vive called?;Lighthouse;Motion;Constellation;Trackers;
tdb-932;History;2;What year is considered to be the year that the British Empire ended?;1997;1986;1981;1971;
tdb-933;Computers;2;"In CSS, which of these values CANNOT be used with the ""position"" property?";center;static;absolute;relative;
tdb-934;Television;2;What is the name of the race horse that Tony Soprano becomes attached to?;Pie-O-My;Man o' war;Bada Bing;Honest Earnings;
tdb-936;History;2;"When was ""The Gadget"", the first nuclear device to be detonated, tested?";July 16, 1945;June 22, 1945;August 6, 1945;April 5, 1945;
tdb-937;Animals;2;"""Decapods"" are an order of ten-footed crustaceans. Which of these are NOT decapods?";Krill;Lobsters;Shrimp;Crabs;
tdb-940;Music;3;"Which member of the English band ""The xx"" released their solo album ""In Colour"" in 2015?";Jamie xx;Romy Madley Croft;Oliver Sim;Baria Qureshi;
tdb-941;Film;2;In Star Wars, what's the name of the new Government created after the defeat of the Galactic Empire?;The New Republic;The Rebel Alliance;The Crimson Dawn;The First Order;
tdb-942;Science and nature;1;How many laws of thermodynamics are there?;Four;Three;Two;Five;
tdb-944;Anime and manga;2;Which character in Touhou is able to control dolls?;Alice Margatroid;Marisa Kirisame;Clownpiece;Flandre Scarlet;
tdb-945;Music;2;What is Fergie's debut album called?;The Dutchess;Fergalicious;The Sweet Escape;Loose;
tdb-946;Board games;2;What letter is used to refer to blue mana in the card game Magic The Gathering?;U;B;L;E;
tdb-948;Geography;3;Which city is the capital of Michigan?;Lansing;Kalamazoo;Ann Arbor;Detroit;
tdb-950;Politics;3;Which letter do you need to have on a European driver license in order to ride any motorbikes?;A;X;D;B;
tdb-951;Computers;2;What was the first commerically available computer processor?;Intel 4004;Intel 486SX;TMS 1000;AMD AM386;
tdb-952;Video games;2;What two characters from the game Undertale are never in a relationship or not related?;Frisk & Chara;Sans & Papyrus;Toriel & Asgore;Alphys & Undyne;
tdb-955;Geography;1;In which country is the city of Rio de Janeiro?;Brazil;Peru;Chile;Venezuela;
tdb-956;Video games;3;In TF2 Lore, what are the names of the Heavy's younger sisters?;Yana and Bronislava;Gaba and Anna;Yanna and Gaba;Anna and Bronislava;
tdb-957;Video games;1;Which of these is a type of monster found in Minecraft?;Skeleton;Werewolf;Vampire;Minotaur;
tdb-958;Video games;2;"Who voices the character ""Vernon Cherry"" in ""Red Dead Redemption""?";Casey Mongillo;Tara Strong;Troy Baker;Rob Wiethoff;
tdb-959;Video games;1;In Rust, how many Timed Explosive Charges does it take to destroy a Ladder Hatch?;1;3;2;5;
tdb-960;Animals;2;What dog breed is one of the oldest breeds of dog and has flourished since before 400 BCE.;Pugs;Bulldogs;Boxers;Chihuahua;
tdb-962;Animals;3;Unlike on most salamanders, this part of a newt is flat?;Tail;Head;Teeth;Feet;
tdb-963;General knowledge;3;What was the third country to have a McDonald's restaurant?;Costa Rica;Japan;France;Australia;
tdb-964;Mathematics;1;How many degrees make a full circle?;360;180;90;720;
tdb-966;General knowledge;1;What is the nickname of the US state of California?;Golden State;Sunshine State;Bay State;Treasure State;
tdb-968;Board games;1;In Dungeons and Dragons (5th edition), what stat do you normally add onto your initiative die roll?;Dexterity;Speed;Strength;Wisdom;
tdb-969;Science and nature;1;How many planets make up our Solar System?;8;7;9;6;
tdb-971;Geography;2;What is the capital of Greenland?;Nuuk;Sisimiut;Narsaq;Maniitsoq;
tdb-973;Art;2;"Who painted the painting ""Nighthawks""?";Edward Hopper;Johannes Vermeer;Vincent van Gogh;Salvador Dali;
tdb-974;Computers;2;In programming, the ternary operator is mostly defined with what symbol(s)?;?:;??;if then;?;
tdb-975;Sport;2;Which soccer team won the Copa América Centenario 2016?;Chile;Argentina;Brazil;Colombia;
tdb-976;Science and nature;3;What is considered the rarest form of color blindness?;Blue;Red;Green;Purple;
tdb-977;Politics;2;Who was elected leader of the UK Labour Party in September 2015?;Jeremy Corbyn;Ed Miliband;David Cameron;Theresa May;
tdb-978;Video games;2;"In Monster Hunter Generations, which of the following monsters are a part of the ""Fated Four""?";Astalos;Gore Magala;Malfestio;Arzuros;
tdb-979;Geography;2;The Principality of Sealand is an unrecognized micronation off the coast of what country?;The United Kingdom;Japan;Austrailia;Argentina;
tdb-980;History;2;Who was a military strategist in the Eastern Zhou period?;Sun Tzu;Lu Bu;Genghis Khan;Vlad The Impaler;
tdb-981;History;1;Which of the following African countries was most successful in resisting colonization?;Ethiopia;Côte d'Ivoire;Congo;Namibia;
tdb-983;History;3;When did Canada leave the confederation to become their own nation?;July 1st, 1867;July 1st, 1763;July 1st, 1832;July 1st, 1902;
tdb-984;Geography;2;How many states are in Australia?;6;7;8;5;
tdb-985;History;3;When was the Gregorian Calendar first adopted?;1582;1623;1501;1555;
tdb-986;Video games;2;Which survivor in Left 4 Dead sacrificed themself to save the other survivors?;Bill;Louis;Francis;Zoey;
tdb-987;General knowledge;2;Scotch whisky and Drambuie make up which cocktail?;Rusty Nail;Screwdriver;Sex on the Beach;Manhattan;
tdb-988;Music;2;Which band had hits in 1975 with the songs, 'One Of These Nights' & 'Lyin Eyes'?;The Eagles;Fools Gold;The Doobie Brothers;Fleetwood Mac;
tdb-989;Video games;2;How many playable characters were there in Street Fighter II: Champion Edition?;12;16;8;17;
tdb-990;Science and nature;2;What stage of development do the majority of eukaryotic cells remain in for most of their life?;Interphase;Prophase;Stasis;Telophase;
tdb-991;Science and nature;2;How many hearts does an octopus have?;Three;One;Two;Four;
tdb-993;Music;3;What is the official name of Prince's backing band?;The Revolution;The Paupers;The Wailers;The Heartbreakers;
tdb-994;Film;2;"In the 1979 British film ""Quadrophenia"" what is the name of the main protagonist?";Jimmy Cooper;Pete Townshend;Franc Roddam;Archie Bunker;
tdb-995;General knowledge;1;What are Panama hats made out of?;Straw;Silk;Hemp;Flax;
tdb-996;Video games;2;What character is NOT apart of the Grand Theft Auto series?;Michael Cardenas;Packie McReary;Tommy Vercetti;Lester Crest;
tdb-997;General knowledge;3;How many calories are in a 355 ml can of Pepsi Cola?;150;200;100;155;
tdb-998;Vehicles;2;Complete the following analogy: Audi is to Volkswagen as Infiniti is to?;Nissan;Honda;Hyundai;Subaru;
tdb-999;Video games;2;"What is the name of the virus in ""Metal Gear Solid 1""?";FOXDIE;FOXENGINE;FOXALIVE;FOXKILL;
tdb-1000;Film;2;"Who was the director of ""Scott Pilgrim vs. the World (2010)""?";Edgar Wright;Phil Lord;Chris Miller;Seth Rogan;
tdb-1002;General knowledge;1;Earth is located in which galaxy?;The Milky Way Galaxy;The Mars Galaxy;The Galaxy Note;The Black Hole;
tdb-1003;Television;3;"Who was the winner of ""Big Brother"" Season 10?";Dan Gheesling;Bryce Kranyik;Ryan Sutfin;Chris Mundorf;
tdb-1004;Sport;1;"Who is often called ""the Maestro"" in the men's tennis circuit?";Roger Federer;Bill Tilden;Boris Becker;Pete Sampras;
tdb-1006;Video games;2;Which one of these characters was first introduced in Sonic Boom: Rise of Lyric?;Sticks the Badger;Mighty the Armadillo;Espio the Chameleon;Rouge the Bat;
tdb-1007;Video games;2;"Where does ""The Legend of Zelda: Majora's Mask"" take place?";Termina;Hyrule;Gysahl;Besaid;
tdb-1008;Computers;1;The C programming language was created by this American computer scientist.;Dennis Ritchie;Tim Berners Lee;al-Khwārizmī;Willis Ware;
tdb-1011;Gadgets;2;In what year was the Oculus Rift revealed to the public through a Kickstarter campaign?;2012;2010;2011;2013;
tdb-1012;History;1;In which year was Nelson Mandela released from prison;1990;1994;1992;1980;
tdb-1013;Video games;1;"Which Pokemon generation did the fan-named ""Masuda Method"" first appear in?";Diamond/Pearl;Ruby/Sapphire;Black/White;X/Y;
tdb-1015;Vehicles;2;Which animal features on the logo for Abarth, the motorsport division of Fiat?;Scorpion;Snake;Bull;Horse;
tdb-1016;Film;1;"Which of these actors does NOT appear in the 1998 movie ""Saving Private Ryan""?";Ralph Fiennes;Tom Hanks;Vin Diesel;Matt Damon;
tdb-1017;Computers;3;Which of the following is the oldest of these computers by release date?;TRS-80;Commodore 64;ZX Spectrum;Apple 3;
tdb-1018;Computers;1;If you were to code software in this language you'd only be able to type 0's and 1's.;Binary;JavaScript;C++;Python;
tdb-1019;Geography;2;Which is the world's longest river?;Nile;Missouri;Amazon;Yangtze;
tdb-1021;Computers;3;Which data structure does FILO apply to?;Stack;Queue;Heap;Tree;
tdb-1022;Computers;2;The name of technology company HP stands for what?;Hewlett-Packard;Howard Packmann;Husker-Pollosk;Hellman-Pohl;
tdb-1023;Celebrities;1;Neil Hamburger is played by which comedian?;Gregg Turkington;Nathan Fielder;Tim Heidecker;Todd Glass;
tdb-1025;General knowledge;1;"What is the Spanish word for ""donkey""?";Burro;Caballo;Toro;Perro;
tdb-1026;Anime and manga;1;"What's the English Dub Name of ""Smile Precure""?";Glitter Force;Sparkle Girls;Fairy Tale Patrol;Power Princesses;
tdb-1027;Vehicles;2;Enzo Ferrari was originally an auto racer for what manufacturer before founding his own car company?;Alfa Romeo;Auto Union;Mercedes Benz;Bentley;
tdb-1028;Science and nature;3;Which horizon in a soil profile consists of bedrock?;R;O;B;D;
tdb-1029;Books;2;"The title of Adolf Hitler's autobiography ""Mein Kampf"" is what when translated to English?";My Struggle;My Hatred;My Sadness;My Desire;
tdb-1030;Art;1;Which artist is famous for cutting off his ear?;Vincent van Gogh;Salvador Dali;Rembrandt;Michelangelo;
tdb-1031;Video games;3;Which drive form was added into Kingdom Hearts II Final Mix?;Limit Form;Valor Form;Wisdom Form;Anti Form;
tdb-1034;Video games;1;Which of these video game engines was made by the company Epic Games?;Unreal;Unity;Game Maker: Studio;Cry Engine;
tdb-1035;Video games;2;In Left 4 Dead, what is the name of the Special Infected that is unplayable in Versus mode?;The Witch;The Tank;The Smoker;The Spitter;
tdb-1036;Geography;2;Which is the only US state located entirely within the Appalachia region?;West Virginia;Pennsylvania;Alabama;Kentucky;
tdb-1037;Art;3;"What year did Albrecht Dürer create the painting ""The Young Hare""?";1502;1702;1402;1602;
tdb-1038;Music;2;The Proclaimers - I'm Gonna Be (500 Miles) reached what position on the US Hot 100 Charts in 1993?;3rd;8th;1st;5th;
tdb-1039;Computers;2;The teapot often seen in many 3D modeling applications is called what?;Utah Teapot;Pixar Teapot;3D Teapot;Tennessee Teapot;
tdb-1040;Film;1;"Who directed ""E.T. the Extra-Terrestrial"" (1982)?";Steven Spielberg;Stanley Kubrick;James Cameron;Tim Burton;
tdb-1041;Music;3;The key of sharps does the key of G# minor contain?;5;3;7;0;
tdb-1042;History;2;What was the name of the chemical that was dropped on Vietnam during the Vietnam war?;Agent Orange;Phosgene;Mustard Gas;Hydrogen Cyanide;
tdb-1043;Film;2;"In the film ""Requiem for a Dream"", what drug does Jared Leto's character get addicted to?";Heroin;Cocaine;Marijuana;Oxycodone;
tdb-1044;Cartoons;3;"What was the release date of the first episode of ""The Powerpuff Girls""?";November 18, 1998;June 25, 1999;July 28, 2000;April 14, 2001;
tdb-1045;Comics;2;In Calvin and Hobbes, what is the name of Susie's stuffed rabbit?;Mr. Bun;Mr. Bunbun;Mr. Rabbit;Mr. Hoppy;
tdb-1046;Video games;2;What is the full name of the protagonist from the SNES game Clock Tower?;Jennifer Simpson;Jennifer Barrows;Jennifer Cartwright;Jennifer Maxwell;
tdb-1047;Politics;3;Which major bank's collapse was notable as one of the causes of the Financal Crisis of 2008?;Lehman Brothers;HSBC;Barclays;Lloyds;
tdb-1048;Science and nature;3;What is the standard SI unit for luminous intensity?;Candela;Lumen;Faraday;Coulomb;
tdb-1049;Books;3;In the Magic: The Gathering universe, which plane does the Homelands expansion take place in?;Ulgrotha;Bant;Llanowar;Tazeem;
tdb-1051;Politics;1;How many people are in the U.S. House of Representatives?;435;260;415;50;
tdb-1052;Video games;1;"Who created the 2011 Video Game ""Minecraft""?";Markus Persson;Jens Bergensten;Daniel Rosenfeld;Carl Manneh;
tdb-1054;Mathematics;1;How many square faces does a cube have?;6;4;8;10;
tdb-1055;Geography;1;Which of these places is a location in Cornwall?;Barcelona;Madrid;Alicante;Lisbon;
tdb-1056;History;2;In what year did the First World War end?;1918;1914;1916;1912;
tdb-1057;Television;1;Which character was played by Dustin Diamond in the sitcom 'Saved by the Bell'?;Screech;Zack;Mr. Belding;A.C. Slater;
tdb-1058;Science and nature;2;Deuterium is an isotope of which element?;Hydrogen;Nitrogen;Helium;Neon;
tdb-1059;Video games;1;Who is the main protagonist in Danganronpa 2: Goodbye Despair?;Hajime Hinata;Nagito Komaeda;Makoto Naegi;Junko Enoshima;
tdb-1060;General knowledge;2;"The term ""scientist"" was coined in which year?";1833;1933;1942;1796;
tdb-1061;Video games;3;In Left 4 Dead, what is the character Bill's last name?;Overbeck;Fish;Roberts;Stevenson;
tdb-1062;History;2;What was the capital of South Vietnam before the Vietnam War?;Saigon;Ho Chi Minh City;Hanoi;Hue;
tdb-1063;Gadgets;1;Which buzzword did Apple Inc. use to describe their removal of the headphone jack?;Courage;Innovation;Revolution;Bravery;
tdb-1064;Music;2;Which of these women is not a member of the Korean girl group TWICE?;Kang Seulgi;Myoui Mina;Kim Dahyun;Hirai Momo;
tdb-1065;Film;3;"What is the species of the ""Predator"" in the 1987 movie ""Predator""?";Yautja;Xenomorph;Praetorian;Phocrex;
tdb-1067;Music;3;Who was the previous drummer of blink-182 before Travis Barker?;Scott Raynor;Atom Willard;Ilan Rubin;Derek Grant;
tdb-1068;Music;2;"Which of these languages was NOT included in the 2016 song ""Don't Mind"" by Kent Jones?";Portuguese;Japanese;French;Spanish;
tdb-1069;General knowledge;2;The new One World Trade Center in Manhattan, New York City was designed by which architect?;David Childs;Bjarke Ingels;Michael Arad;Fumihiko Maki;
tdb-1070;Science and nature;3;An organic compound is considered an alcohol if it has what functional group?;Hydroxyl;Carbonyl;Alkyl;Aldehyde;
tdb-1071;Science and nature;3;Which of the following liquids is least viscous? Assume temperature is 25°C.;Acetone;Water;Mercury;Benzene;
tdb-1072;General knowledge;2;Which essential condiment is also known as Japanese horseradish?;Wasabi;Mentsuyu;Karashi;Ponzu;
tdb-1073;History;1;Which country was Josef Stalin born in?;Georgia;Russia;Germany;Poland;
tdb-1074;Anime and manga;1;In the anime Seven Deadly Sins what is the name of one of the sins?;Diane;Sakura;Ayano;Sheska;
tdb-1075;Video games;1;"In the game ""Fire Emblem: Shadow Dragon"", what is the central protagonist's name?";Marth;Roy;Eliwood;Robin;
tdb-1076;Video games;3;What are the chances of being dealt a Royal Flush within Poker/Video Poker?;1 in 649,740;1 in 763,302;1 in 499,304;1 in 311,875,200;
tdb-1077;Geography;3;What is the capital of Suriname?;Paramaribo;Antananarivo;Tegucigalpa;Sucre;
tdb-1078;Video games;1;"Which game did ""Sonic The Hedgehog"" make his first appearance in?";Rad Mobile;Sonic The Hedgehog;Super Mario 64;Mega Man;
tdb-1079;History;2;When did the Crisis of the Third Century begin?;235 AD;235 BC;242 AD;210 AD;
tdb-1080;General knowledge;2;What nation produces roughly 40% of the world's vanilla?;Madagascar;Indonesia;China;Mexico;
tdb-1081;History;2;When did the United States formally declare war on Japan, entering World War II?;December 8, 1941;June 6, 1944;June 22, 1941;September 1, 1939;
tdb-1083;Video games;2;What is not a default game mode in Counter-Strike (2000)?;Arms Race;Hostage Rescue;Bomb Defusal;Assassination;
tdb-1084;Music;1;The band Muse released their first album, Showbiz, in what year?;1999;1998;2000;2001;
tdb-1085;Cartoons;2;Nickelodeon is owned by what parent company?;Viacom;CBS;FOX;ABC;
tdb-1086;Television;3;Which actor from The Young Ones also played Lord Flashheart in one episode of Blackadder II?;Rik Mayall;Adrian Edmondson;Nigel Planer;Christopher Ryan;
tdb-1089;History;2;Hong Kong was a part of which country's territory before Britain regained it in 1945?;Japan;China;Phillipines;French Indonesia;
tdb-1092;Film;2;"Who provided a majority of the songs and lyrics for ""Spirit: Stallion of the Cimarron""?";Bryan Adams;Smash Mouth;Oasis;Air Supply;
tdb-1093;Video games;1;What does the D stand for in D-pad, found on most video game controllers?;Directional;Dynamic;Dial-up;Design;
tdb-1095;Music;2;"Who recorded the album called ""Down to the Moon"" in 1986?";Andreas Vollenweider;Jean-Michel Jarre;Bing Crosby;Enya;
tdb-1097;Video games;2;What country is Sean Matsuda from in Street Fighter?;Brazil;Japan;USA;UK;
tdb-1098;History;2;When was the People's Republic of China founded?;October 1, 1949;April 3, 1947;May 7, 1945;December 6, 1950;
tdb-1099;Television;1;Which Star Trek race advances itself through assimilation?;Borg;Vulcan;Betazoid;Klingon;
tdb-1100;History;3;Who was the first man to travel into outer space twice?;Gus Grissom;Vladimir Komarov;Charles Conrad;Yuri Gagarin;
tdb-1101;Music;2;What is the name of French electronic music producer Madeon's 2015 debut studio album?;Adventure;The City;Icarus;Pop Culture;
tdb-1102;Politics;2;Which U.S. president is said to have had the longest beard?;Rutherford B. Hayes;Zachary Taylor;John Quincy Adams;James A. Garfield;
tdb-1105;Geography;1;"Which of the following European languages is classified as a ""language isolate?""";Basque;Galician;Maltese;Hungarian;
tdb-1107;Video games;2;What element does the Zinogre use in Monster Hunter?;Thunder;Ice;Fire;Water;
tdb-1110;Video games;2;"How many unique items does ""Borderlands 2"" claim to have?";87 Bazillion;87 Million;87 Trillion;87 Gazillion;
tdb-1112;Music;3;What is the name of the song by Beyoncé and Alejandro Fernández released in 2007?;Amor Gitano;La ultima vez;Rocket;Hasta Dondes Estes;
tdb-1113;General knowledge;3;What is the weight of a Gold Bar in Fallout: New Vegas?;35 Pounds;30 Pounds;40 Pounds;32.50 Pounds;
tdb-1114;Geography;2;Bridgetown is the capital of which island country in the Carribean?;Barbados;Cuba;Jamaica‎;Dominica;
tdb-1115;Sport;1;"""Stadium of Light"" is the home stadium for which soccer team?";Sunderland FC;Barcelona FC;Paris Saints-Germain;Manchester United;
tdb-1117;Video games;1;"In ""Xenoblade Chronicles 2"", Which party member cannot use normal blades?";Tora;Rex;Zeke;Nia;
tdb-1118;General knowledge;2;Coleslaw originated from which European country?;The Netherlands;United Kingdom;Denmark;Germany;
tdb-1119;Geography;2;Which city is the capital of Switzerland?;Bern;Zürich;Frankfurt;Wien;
tdb-1120;History;2;How old was the famous King Tutankhamen (Tut) when he died?;19;21;15;30;
tdb-1121;Science and nature;1;Dry ice is the solid form of what substance?;Carbon dioxide;Nitrogen;Ammonia;Oxygen;
tdb-1122;Music;2;"Which band released the album ""Sonic Highways"" in 2014?";Foo Fighters;Coldplay;Nickelback;The Flaming Lips;
tdb-1123;Television;1;"British actor David Morrissey stars as which role in ""The Walking Dead""?";The Governor;Negan;Rick Grimes;Daryl Dixon;
tdb-1124;Film;1;Who portrayed Han Solo in the Star Wars main film series?;Harrison Ford;Peter Cushing;Mark Hamill;Alec Guinness;
tdb-1125;Television;1;"Who was the first ever actor to play ""The Doctor"" on ""Doctor Who""?";William Hartnell;David Tennant;Peter Capaldi;Tom Baker;
tdb-1126;Vehicles;2;"Which car manufacturer created the ""Aventador""?";Lamborghini;Ferrari;Pagani;Bugatti;
tdb-1127;History;3;In 1547 who became the 1st Tsar of Russia;Ivan the Terrible;Alexis of Russia;Mikhail Romanov;Peter the Great;
tdb-1129;Television;3;"The theme for the popular science fiction series ""Doctor Who"" was composed by who?";Ron Grainer;Murray Gold;Delia Derbyshire;Peter Howell;
tdb-1130;Animals;2;A carnivorous animal eats flesh, what does a nucivorous animal eat?;Nuts;Nothing;Fruit;Seaweed;
tdb-1132;Film;1;Which of these Movies was NOT released in 1996?;Gladiator;Independence Day;The Rock;Mission: Impossible;
tdb-1134;Books;3;"The novel ""Jane Eyre"" was written by what author?";Charlotte Brontë;Emily Brontë;Jane Austen;Louisa May Alcott;
tdb-1136;History;2;Under which name was Rodrigo Borgia made Pope?;Alexander VI;Rodrigo I;John Paul II;Pius VII;
tdb-1137;Geography;2;What is the only country in the world with a flag that doesn't have four right angles?;Nepal;Panama;Angola;Egypt;
tdb-1138;Science and nature;1;About what percentage of the Earth's surface is water?;70%;30%;50%;90%;
tdb-1139;Gadgets;1;When was the DVD invented?;1995;2000;1990;1980;
tdb-1140;Video games;3;How many voice channels does the Nintendo Entertainment System support natively?;5;4;6;3;
tdb-1141;Music;2;Who was the lead singer and frontman of rock band R.E.M?;Michael Stipe;Chris Martin;Thom Yorke;George Michael;
tdb-1142;General knowledge;2;"Which of these words means ""idle spectator""?";Gongoozler;Gossypiboma;Jentacular;Meupareunia;
tdb-1143;Television;1;What TV show is about a grandfather dragging his grandson around on adventures?;Rick & Morty;Family Guy;South Park;American Dad;
tdb-1144;Video games;2;"What is the name of the currency in the ""Animal Crossing"" series?";Bells;Sea Shells;Leaves;Bugs;
tdb-1145;Video games;3;"In the game ""VA-11 Hall-A"" during Virgilio's ending, Virgilio opens his own:";Curry Stand;Bar;Museum;Law Firm;
tdb-1146;General knowledge;2;After how many years would you celebrate your crystal anniversary?;15;20;10;25;
tdb-1147;Geography;2;Which country has three capital cities?;South Africa;Somalia;China;United Kingdom;
tdb-1148;General knowledge;2;"What is the Portuguese word for ""Brazil""?";Brasil;Brazil;Brasilia;Brasíl;
tdb-1149;Video games;3;What was the world's first video game?;Draughts;Spacewar!;Pong;Space Travel;
tdb-1150;General knowledge;1;What zodiac sign is represented by a pair of scales?;Libra;Aries;Capricorn;Sagittarius;
tdb-1153;Geography;2;Broome is a town in which state of Australia?;Western Australia;Northern Territory;South Australia;Tasmania;
tdb-1154;General knowledge;3;Located in Chile, El Teniente is the world's largest underground mine for what metal?;Copper;Iron;Nickel;Silver;
tdb-1155;Video games;1;In Pokemon, the ability Wonder Guard is exclusive to which Pokemon?;Shedinja;Sableye;Spiritomb;Silvally;
tdb-1156;History;2;Joseph Smith was the founder of what religion?;Mormonism;Buddhism;Christianity;Hinduism;
tdb-1157;Vehicles;1;"Which car tire manufacturer is famous for its ""P Zero"" line?";Pirelli;Goodyear;Bridgestone;Michelin;
tdb-1158;Video games;2;Which company developed the MMO Spiral Knights (2011)?;Three Rings Design;Sega;Electronic Arts;Double Fine;
tdb-1160;Mythology;3;Nidhogg is a mythical creature from what mythology?;Norse;Egyptian;Greek;Hindu;
tdb-1163;Sport;2;In what country were the 2014 Winter Olympics held in the town of Sochi?;Russia;South Korea;Norway;Canada;
tdb-1167;Film;1;"At the end of the 2001 film ""Rat Race"", whose concert do the contestants crash?";Smash Mouth;Bowling for Soup;Sum 41;Linkin Park;
tdb-1168;History;3;The Arab Spring was a series of protests and rebellions that began in which of these Arab nations?;Tunisia;Morocco;Syria;Egypt;
tdb-1169;Video games;2;"What is the name of Joel's daughter in the game, ""The Last of Us""?";Sarah;Ellie;Tess;Marlene;
tdb-1170;Geography;2;Which German city is located on the River Isar?;Munich;Berlin;Hamburg;Dortmund;
tdb-1172;Geography;1;What state is the largest state of the United States of America?;Alaska;California;Texas;Washington;
tdb-1174;Geography;3;Which is not a country in Africa?;Guyana;Senegal;Liberia;Somalia;
tdb-1177;Sport;2;What national team won the 2016 edition of UEFA European Championship?;Portugal;France;Germany;England;
tdb-1178;Mathematics;1;In Roman Numerals, what does XL equate to?;40;60;15;90;
tdb-1179;Vehicles;1;Which of the following collision avoidance systems helps airplanes avoid colliding with each other?;TCAS;GPWS;OCAS;TAWS;
tdb-1180;Books;1;Who was the original author of Frankenstein?;Mary Shelley;Edgar Allan Poe;Bram Stoker;H. P. Lovecraft;
tdb-1181;Musicals and theatre;1;In Shakespeare's play Julius Caesar, Caesar's last words were...;Et tu, Brute?;Iacta alea est!;Vidi, vini, vici.;Aegri somnia vana.;
tdb-1182;Gadgets;1;What is the SI unit for resistance?;Ohms;Ampheres;Siemens;Volts;
tdb-1184;Politics;1;Which of the following Pacific Islander countries is ruled by a constitutional monarchy?;Tonga;Palau;Fiji;Kiribati;
tdb-1185;Science and nature;2;What is the lowest layer of the Earth's atmosphere named?;Troposphere;Stratosphere;Mesosphere;Thermosphere;
tdb-1188;Geography;2;In which English county is the city of Portsmouth?;Hampshire;Oxfordshire;Buckinghamshire;Surrey;
tdb-1191;Music;2;Who is the lead singer of The Lumineers?;Wesley Schultz;Jeremiah Fraites;Jay Van Dyke;Neyla Pekarek;
tdb-1193;Video games;1;"What is the name of the main character in ""Life is Strange""?";Maxine Caulfield;Victoria Chase;Stella Hill;Chloe Price;
tdb-1194;Video games;1;In Kingdom Hearts, how many members does Organization XIII have in total?;14;10;13;12;
tdb-1196;Books;2;In Romance of the Three Kingdoms, who was not a member of the Peach Garden Oath?;Zhao Yun;Liu Bei;Guan Yu;Zhang Fei;
tdb-1197;Video games;3;In the Fallout series, on which date did The Great War happen?;October 23rd, 2077;May 15th, 2058;December 14th, 2069;November 5th, 2076;
tdb-1199;Science and nature;1;Which of the following is not one of the groups on the periodic table?;Fluorines;Alkali Metals;Halogens;Noble Gases;
tdb-1200;Anime and manga;1;What was Ash Ketchum's second Pokemon?;Caterpie;Charmander;Pikachu;Pidgey;
tdb-1201;Cartoons;3;"In the ""Star Wars"" universe, what species is Grand Admiral Thrawn?";Chiss;Gungans;Pantorans;Twi'lek;
tdb-1202;Anime and manga;2;Which studio made Cowboy Bebop?;Sunrise;Bones;Madhouse;Pierriot;
tdb-1203;History;2;Who was the first mammal successfully launched into Earth's orbit?;Laika, the dog;Ham, the chimpanzee;Baker, the monkey;Belka, the dog;
tdb-1204;Politics;2;Which president erased the national debt of the United States?;Andrew Jackson;Ronald Reagan;John F. Kennedy;Franklin Roosevelt;
tdb-1205;Geography;2;Where is the Volga River?;Russia;Bulgaria;India;Sweden;
tdb-1206;Music;1;Where does the Mac part of the name Fleetwood Mac come from?;John McVie;Christine McVie;Mac McAnally;David Tennant;
tdb-1207;Music;3;Which of these aliases has NOT been used by electronic musician Aphex Twin?;Burial;Caustic Window;Bradley Strider;GAK;
tdb-1208;General knowledge;1;What organ of the body produces bile?;Liver;Gallbladder;Pancreas;Stomach;
tdb-1211;Mythology;3;In Norse mythology, what is the name of the serpent which eats the roots of the ash tree Yggdrasil?;Nidhogg;Bragi;Odin;Ymir;
tdb-1212;Film;1;"In ""Jurassic World"", what is the name of the dinosaur that is a genetic hybrid?";Indominus Rex;Mosasaurus;Pteranodon;Tyrannosaurus Rex;
tdb-1213;Film;2;This trope refers to minor characters that are killed off to show how a monster works.;Red Shirt;Minions;Expendables;Cannon Fodder;
tdb-1214;Video games;3;Which of these characters was considered, but ultimately not included, for Super Smash Bros. Melee?;James Bond;Diddy Kong;Mega Man;Wave Racer;
tdb-1215;Video games;2;"Which of these is the name of a cut enemy from ""Half-Life 2""?";Hydra;Cthulu;Spike;Tremor;
tdb-1216;History;2;In what year was the video game company Electronic Arts founded?;1982;1999;1981;2005;
tdb-1218;Geography;3;Llanfair­pwllgwyngyll­gogery­chwyrn­drobwll­llan­tysilio­gogo­goch is located on which Welsh island?;Anglesey;Barry;Bardsey;Caldey;
tdb-1219;Geography;3;What is the capital city of Bermuda?;Hamilton;Santo Dominigo;San Juan;Havana;
tdb-1220;Animals;3;How many known living species of hyenas are there?;4;8;2;6;
tdb-1222;Geography;2;A lion brandishing a sword is depicted on the national flag of which country?;Sri Lanka;Albania;Zambia;Moldova;
tdb-1223;History;2;The Thirty Years War ended with which treaty?;Peace of Westphalia;Treaty of Versailles;Treaty of Paris;Peace of Prague;
tdb-1225;Sport;1;What team did England beat to win in the 1966 World Cup final?;West Germany;Soviet Union;Portugal;Brazil;
tdb-1227;Gadgets;2;When was the compact disc player first released?;1982;1983;1981;1980;
tdb-1228;Music;3;"What song includes the words ""Numa Numa"" which was subject to a Viral Video in 2004?";Dragostea Din Tei;Despacito;Gangnam Style;Asereje;
tdb-1229;Cartoons;3;"In ""Gravity Falls"", the character Bill Cipher remarks that ""the universe is what?""";A hologram;An illusion;A simulation;Corrupting;
tdb-1231;Television;1;"In which British seaside town was the BBC sitcom ""Fawlty Towers"" set?";Torquay;Blackpool;Bournemouth;Great Yarmouth;
tdb-1233;Politics;2;Who was the British Prime Minister at the outbreak of the Second World War?;Neville Chamberlain;Clement Attlee;Winston Churchill;Stanley Baldwin;
tdb-1234;Music;2;On the cover of 'Abbey Road,' which of the Beatles is not wearing shoes?;Paul McCartney;Ringo Starr;John Lennon;George Harrison;
tdb-1235;History;2;What was Genghis Khan's real name?;Temüjin;Möngke;Ögedei;Temür;
tdb-1236;History;2;Who is believed to have been the first European to 'discover' the land of New Zealand?;Abel Tasman;Christopher Columbus;Jeanne Baré;John Cabot;
tdb-1237;Video games;1;"What is the name of ""Team Fortress 2"" update, in which it became Free-to-play?";Über Update;Pyromania Update;Mann-Conomy Update;Engineer Update;
tdb-1239;Comics;2;In Black Hammer, what dimension does Colonel Weird travel through?;Para-Zone;Hyperspace;Mirror Universe;Phantom Zone;
tdb-1240;Geography;2;Which of these is NOT a city in Saudi Arabia?;Dubai;Riyadh;Mecca;Medina;
tdb-1241;History;3;The ontological argument for the proof of God's existence is first attributed to whom?;Anselm of Canterbury;René Descartes;Immanuel Kant;Aristotle;
tdb-1242;Comics;3;What is the real hair colour of the mainstream comic book version (Earth-616) of Daredevil?;Blonde;Auburn;Brown;Black;
tdb-1243;Music;3;"Which artists' version of the song ""The Tide is High"" came first?";The Paragons;Blondie;Kardinal Offishall;Atomic Kitten;
tdb-1244;Science and nature;3;What is the most potent toxin known?;Botulinum toxin;Ricin;Cyanide;Asbestos;
tdb-1245;Science and nature;3;Which of the following is a major muscle of the back?;Trapezius;Trapezium;Trapezoid;Triquetrum;
tdb-1246;Video games;3;Which game in the Dance Dance Revolution series introduced the Extra Stage?;DDR;DDR Solo 2000;DDRMAX;DDR EXTREME;
tdb-1247;Video games;2;In Star Wars: Republic Commando (2005), what is the name of the squad that you play as?;Delta Squad;Omega Squad;Echo Squad;Alpha Squad;
tdb-1248;Computers;2;Which of these programming languages is a low-level language?;Assembly;Python;C#;Pascal;
tdb-1251;Geography;2;The Gambia is a nation found on which continent?;Africa;Asia;South America;Europe;
tdb-1252;Film;2;"About how much money did it cost for Tommy Wiseau to make his masterpiece ""The Room"" (2003)?";$6 Million;$20,000;$1 Million;$10 Million;
tdb-1253;Music;1;The tuba is a part of which musical family?;Brass;Percussion;Strings;Woodwind;
tdb-1254;Politics;2;What year did Gerald Ford Become President?;1974;1977;1973;1969;
tdb-1255;Science and nature;1;What does the letter 'S' stand for in 'NASA'?;Space;Science;Society;Star;
tdb-1256;Film;2;"Who directed the 1973 film ""American Graffiti""?";George Lucas;Ron Howard;Francis Ford Coppola;Steven Spielberg;
tdb-1257;Geography;3;What is the most common climbing route for the second highest mountain in the world, K2?;Abruzzi Spur;Magic Line;Cesen Route;Polish Line;
tdb-1259;Vehicles;1;Which of the following car manufacturers had a war named after it?;Toyota;Honda;Ford;Volkswagen;
tdb-1260;Television;3;Which of these Nickelodeon game shows aired first?;Double Dare;Nick Arcade;Finders Keepers;Nickelodeon Guts;
tdb-1261;Anime and manga;1;"Satella in ""Re:Zero"" is the witch of what?";Envy;Pride;Sloth;Wrath;
tdb-1262;Celebrities;2;What year did radio icon Howard Stern start a job at radio station WNBC?;1982;1985;1984;1995;
tdb-1263;Anime and manga;3;"In which manga did the ""404 Girl"" from 4chan originate from?";Yotsuba&!;Azumanga Daioh;Lucky Star;Clover;
tdb-1264;Video games;2;In the game Minecraft, how many iron ingots are required to make an iron golem?;36;40;32;46;
tdb-1265;Animals;2;What color/colour is a polar bear's skin?;Black;White;Pink;Green;
tdb-1267;Art;3;"The painting ""The Starry Night"" by Vincent van Gogh was part of which art movement?";Post-Impressionism;Romanticism;Neoclassical;Impressionism;
tdb-1268;Mythology;3;Who is the Egyptian god of reproduction and lettuce?;Min;Menu;Mut;Meret;
tdb-1270;General knowledge;2;What was the soft drink Pepsi originally introduced as?;Brad's Drink;Pepsin Pop;Carolina Cola;Pepsin Syrup;
tdb-1271;Music;1;"What Led Zeppelin album contains ""Stairway to Heaven""?";Led Zeppelin IV;Houses of the Holy;Physical Graffiti;Led Zeppelin III;
tdb-1272;Science and nature;2;At what temperature does water boil?;212°F;200°F;181°F;178°F;
tdb-1273;Video games;2;"In ""World of Warcraft,"" what dragon appears in the human guise of Lord Victor Nefarius?";Nefarian;Nefarius;Neltharion;Nefaran;
tdb-1274;Music;2;What was Taylor Swift's 5th album called?;1989;Fearless;Red;Speak Now;
tdb-1275;Celebrities;3;Who was Donald Trump's first wife?;Ivana Zelníčková;Melania Knauss;Marla Maples;Nancy Davis;
tdb-1276;History;2;In which year was Constantinople conquered by the Turks?;1453;1435;1454;1440;
tdb-1280;Computers;2;What did the name of the Tor Anonymity Network orignially stand for?;The Onion Router;The Only Router;The Orange Router;The Ominous Router;
tdb-1281;Science and nature;2;Deionized water is water with which of the following removed?;Iron;Oxygen;Hydrogen;Uncharged atoms;
tdb-1282;General knowledge;2;"What is the romanized Russian word for ""winter""?";Zima;Leto;Vesna;Osen';
tdb-1283;General knowledge;3;Virtual reality company Oculus VR lost which of it's co-founders in a freak car accident in 2013?;Andrew Scott Reisse;Nate Mitchell;Jack McCauley;Palmer Luckey;
tdb-1284;Mathematics;1;What is the name of a nine sided polygon?;Nonagon;Hexagon;Octagon;Heptagon;
tdb-1286;Anime and manga;2;"In ""Black Lagoon"", what colour is Rock's tie?";Teal;Crimson;Dark Brown;Black;
tdb-1288;Video games;1;Who is the protagonist in Dead Rising (2006)?;Frank West;Chuck Greene;John North;Jason Grey;
tdb-1289;Cartoons;3;Which of these cartoon girlfriends of popular characters first appeared before their boyfriends?;Olive Oyl;Minnie Mouse;Lola Bunny;Daisy Duck;
tdb-1291;General knowledge;2;What is the highest number of Michelin stars a restaurant can receive?;Three;Four;Five;Six;
tdb-1293;History;2;When did construction of the Suez Canal finish?;1869;1859;1860;1850;
tdb-1295;General knowledge;2;What fast food chain has the most locations globally?;Subway;Starbucks;McDonalds;KFC;
tdb-1296;Gadgets;1;"The term ""battery"" to describe an electrical storage device was coined by?";Benjamin Franklin;Nikola Tesla;Luigi Galvani;Alessandro Volta;
tdb-1298;Mythology;3;Which of the following is NOT a god in Norse Mythology.;Jens;Loki;Tyr;Snotra;
tdb-1299;Books;3;Which of the following is NOT a work done by Shakespeare?;Trial of Temperance;Measure For Measure;Titus Andronicus;Cymbeline;
tdb-1300;Anime and manga;3;"In the superhero anime, ""One Punch Man"", what is the main protagonist's Hero name?";Caped Baldy;Strong Fist;Mad Boxer;Justice Puncher;
tdb-1301;History;2;Which Las Vegas casino was originally constructed and operated by mobster Bugsy Siegel?;The Flamingo;The MGM Grand;The Sands;The Sahara;
tdb-1303;Video games;2;How many permanent companions are there in the base game version of Fallout: New Vegas?;8;7;9;6;
tdb-1304;Music;2;What's the most common time signature for rock songs?;4/4;1/2;8/12;2/4;
tdb-1305;Music;2;What is the real name of prominent electronic musician Aphex Twin?;Richard D. James;Richard M. Hall;Richard W. Wright;Richard H. Blackmore;
tdb-1306;Video games;2;One of the early prototypes of the Sega Dreamcast controller resembled which of the following?;Television Remote;Tablet;Hairdryer;Flip Phone;
tdb-1307;Film;1;"Which movie contains the quote, ""Say hello to my little friend!""?";Scarface;Reservoir Dogs;Heat;Goodfellas;
tdb-1308;Video games;2;The first version of Blockland came out in which year?;2004;2007;2008;2006;
tdb-1310;Comics;3;In the Hellboy universe, what was Abe Sapien's birth name?;Langdon Everett Caul;Lord Baltimore;Sir Edward Grey;Landis Pope;
tdb-1312;Vehicles;1;What animal is pictured on the logo of the automobile manufacturer Porsche?;Horse;Bull;Lion;Cheetah;
tdb-1313;Television;2;Who sang the theme song for the TV show 'Rawhide'?;Frankie Laine;Guy Mitchell;Tennessee Ernie Ford;Slim Whitman;
tdb-1314;Anime and manga;2;What studio animated Ouran High School Host Club?;Bones;Production I.G;Kyoto Animation;xebec;
tdb-1315;Mythology;3;Which Norse God has a horse named Sleipnir?;Odin;Thor;Frigg;Balder;
tdb-1317;Animals;2;The dish Fugu, is made from what family of fish?;Pufferfish;Bass;Salmon;Mackerel;
tdb-1318;History;3;What was the real name of the Albanian national leader Skanderbeg?;Gjergj Kastrioti;Diturak Zhulati;Iskander Bejko;Mirash Krasniki;
tdb-1319;Geography;2;How many countries are larger than Australia?;5;4;3;6;
tdb-1320;Film;2;"In the ""Jurassic Park"" universe, what is the name of the island that contains InGen's Site B?";Isla Sorna;Isla Nublar;Isla Pena;Isla Muerta;
tdb-1321;Art;2;Which of these are the name of a famous marker brand?;Copic;Dopix;Cofix;Marx;
tdb-1324;Geography;3;Which of these is NOT a city in India?;Islamabad;Hyderabad;Ahmedabad;Ghaziabad;
tdb-1325;Anime and manga;3;Who is the horror manga artist who made Uzumaki?;Junji Ito;Kazuo Umezu;Shintaro Kago;Sui Ishida;
tdb-1326;Sport;2;Which of these track-and-field events is NOT included in the Olympic men's decathlon?;Hammer throw;Pole vault;Long jump;Shot put;
tdb-1329;General knowledge;1;"What is ""dabbing""?";A dance;A medical procedure;A sport;A language;
tdb-1330;Video games;2;In the game Overwatch, which hero out of the following 4 is from Brazil?;Lúcio;Sombra;McCree;Symmetra;
tdb-1331;Video games;2;"In the ""Neptunia"" series which nation does Neptune rule over?";Planeptune;Lastation;Leanbox;Lowee;
tdb-1332;Video games;1;In the videogame Bully, what is the protagonist's last name?;Hopkins;Smith;Kowalski;Crabblesnitch;
tdb-1334;Geography;2;What is the capital of Chile?;Santiago;Valparaíso;Copiapó;Antofagasta;
tdb-1335;General knowledge;1;How many colors are there in a rainbow?;7;8;9;10;
tdb-1336;Science and nature;3;What is the molecular formula of Ozone?;O3;C6H2O6;N2O;SO4;
tdb-1338;Geography;1;Which city is the biggest in Canada?;Toronto;Montreal;Vancouver;Ottawa;
tdb-1339;Television;2;"""The A Team"" first aired in the USA and in the UK in what year?";1983;1981;1985;1987;
tdb-1340;General knowledge;3;De Eemhof, Port Zelande and Het Heijderbos are holiday villas owned by what company?;Center Parcs;Yelloh Village;Keycamp;Villa Plus;
tdb-1341;Video games;2;In what engine was Titanfall made in?;Source Engine;Frostbite 3;Unreal Engine;Cryengine;
tdb-1342;General knowledge;2;"What is the Swedish word for ""window""?";Fönster;Hål;Skärm;Ruta;
tdb-1343;General knowledge;1;"""A3"", ""B1"", and ""Legal"" are typical names of sizes for what object?";Paper;Airplanes;Law books;Phone screens;
tdb-1344;General knowledge;3;"Which of the following is an existing family in ""The Sims""?";The Goth Family;The Family;The Simoleon Family;The Proud Family;
tdb-1345;History;3;On which day did ARPANET suffer a 4 hour long network crash?;October 27, 1980;November 21, 1969;October 29, 1969;December 9, 1991;
tdb-1348;Anime and manga;1;"In ""Fairy Tail"", what is the nickname of Natsu Dragneel?";The Salamander;The Dragon Slayer;The Dragon;The Demon;
tdb-1349;Mythology;2;According to Japanese folklore, what is the favorite food of the Kappa.;Cucumbers;Kabocha;Nasu;Soba;
tdb-1350;History;1;In what year did the Great Northern War, between Russia and Sweden, end?;1721;1726;1727;1724;
tdb-1351;Video games;2;"Which character does the player play as in the video game ""Bastion""?";The Kid;Rucks;Zulf;Zia;
tdb-1352;Vehicles;3;What model was the sports car gifted to Yuri Gagarin by the French government in 1965?;Matra Djet;Porsche 911;Alpine A110;AC Cobra;
tdb-1353;Cartoons;3;What was Maggie Simpson's first canonical word, not including the Tracey Ullman shorts?;Daddy.;Sequel?;Ja!;Rusty!;
tdb-1354;Video games;2;"What is not a playable race in ""Final Fantasy XIV: A Realm Reborn""?";Hume;Miqo'te;Lalafell;Roegadyn;
tdb-1355;Video games;1;What Nationality is D.Va from Overwatch?;Korean;Japanese;Chinese;Vietnamese;
tdb-1356;Geography;2;Which country ranks first in the number of historically active volcanoes?;Indonesia;Japan;USA;India;
tdb-1358;Video games;2;Which one of these is NOT a character in the video game Overwatch;Garen;Reaper;Hana Song;Tracer;
tdb-1359;Geography;1;What is Canada's smallest province?;Prince Edward Island;New Brunswick;Nova Scotia;Yukon;
tdb-1360;Video games;3;What programming language does the Source Engine use?;C++;Python;Java;Lua;
tdb-1361;Music;2;What is the opening track on Lorde's Pure Heroine?;Tennis Court;Team;Royals;400 Lux;
tdb-1362;Celebrities;2;How old was Muhammad Ali when he died?;74;61;He's still alive;56;
tdb-1364;Video games;3;When was Minecraft 1.0 released?;November 18, 2011;May 17, 2009;December 10, 2014;September 13, 2012;
tdb-1367;General knowledge;1;The New York Times slogan is, “All the News That's Fit to…”;Print;Digest;Look;Read;
tdb-1368;Geography;2;What is the official national language of Pakistan?;Urdu;Indian;Punjabi;Pashto;
tdb-1369;Music;2;Who is the frontman of Muse?;Matt Bellamy;Dominic Howard;Thom Yorke;Jonny Greenwood;
tdb-1370;Television;2;How long was Ken Jennings' win streak on Jeopardy?;74;88;49;62;
tdb-1371;Video games;1;When was the game 'Portal 2' released?;2011;2014;2009;2007;
tdb-1373;Television;1;Which of the following awards do Matt Stone and Trey Parker NOT have?;Oscar;Emmy;Tony;Grammy;
tdb-1374;Video games;2;"In ""The Elder Scrolls 3: Morrowind"", which of the following factions is not joinable?";The Dark Brotherhood;Fighters Guild;Mages Guild;Thieves Guild;
tdb-1375;Video games;2;"In ""PUBATTLEGROUNDS"" what is the name of the Military Base island?";Sosnovka;Novorepnoye;Mylta;Yasnaya;
tdb-1378;Music;2;According to the RIAA: Which artist has sold the most albums by the million?;The Beatles;Elvis Presley;Michael Jackson;Pink Floyd;
tdb-1379;Geography;1;Greenland is a part of which kingdom?;Denmark;Sweden;Norway;United Kingdom;
tdb-1380;Video games;2;Which football player is featured on the international cover version of the video game FIFA 16?;Lionel Messi;Cristiano Ronaldo;Wayne Rooney;David Beckham;
tdb-1382;Mythology;3;Who did Hippomenes defeat in a footrace?;Atalanta;Peleus;Theseus;Jason;
tdb-1383;Video games;2;"Who created the pump ""F.L.U.D.D."" Mario uses in Super Mario Sunshine?";Elvin Gadd;Robert Fludd;Nirona;Crygor;
tdb-1385;Video games;2;The original Planetside was released in North America on...;May 20, 2003;June 17, 2001;September 29, 2003;January 14, 2005;
tdb-1386;Board games;2;In what year was the card game Magic: the Gathering first introduced?;1993;1987;1998;2003;
tdb-1389;Computers;2;What was Bitcoin's block size limit in 2010?;1 MB;1GB;1 KB;1 TB;
tdb-1390;Vehicles;1;Jaguar Cars was previously owned by which car manfacturer?;Ford;Chrysler;General Motors;Fiat;
tdb-1391;General knowledge;2;What is the name given to Indian food cooked over charcoal in a clay oven?;Tandoori;Biryani;Pani puri;Tiki masala;
tdb-1392;Science and nature;1;What is the chemical symbol for Helium?;He;H;Hg;Hs;
tdb-1393;Mythology;2;In Norse Mythology, Baldr was killed by Loki with a magical spear made from what plant?;Mistletoe;Wolf's Bane;Buckthorn;Hemlock;
tdb-1395;Video games;2;"The protagonist in the game ""Cave Story"" is named";Quote;Kazuma;Curly;Arthur;
tdb-1396;Music;2;"Which of these bands was a featuring artist in Compton rapper Kendrick Lamar's 2017 album, ""DAMN.""?";U2;Radiohead;Coldplay;Bon Jovi;
tdb-1398;General knowledge;2;What is the star sign of someone born on Valentines day?;Aquarius;Pisces;Capricorn;Scorpio;
tdb-1399;History;1;How old was Adolf Hitler when he died?;56;43;65;47;
tdb-1401;Computers;1;The numbering system with a radix of 16 is more commonly referred to as;Hexidecimal;Binary;Duodecimal;Octal;
tdb-1403;Music;2;With his distinctive red hair, which Italian composer, born in 1678, was known as the 'Red Priest'?;Vivaldi;Puccini;Verdi;Monteverdi;
tdb-1404;Comics;1;"According to their longtime nickname, what kind of ""duo"" are Batman & Robin?";Dynamic;Dangerous;Dynastic;Delirious;
tdb-1405;Video games;2;"In the ""Call Of Duty: Zombies"" map ""Der Riese"", what is the name of the ""Pack-A-Punched PPSH-41""?";The Reaper;Lamentation;The Grim Reaper;The Eviscerator;
tdb-1407;Sport;1;Which of these teams has Jaromir Jagr not played for?;New York Islanders;Calgary Flames;New Jersey Devils;Dallas Stars;
tdb-1408;History;1;On what street did the 1666 Great Fire of London start?;Pudding Lane;Baker Street;Houses of Parliament;St Paul's Cathedral;
tdb-1412;Video games;2;How many Chaos Emeralds can you collect in the first Sonic The Hedgehog?;Six;Seven;Five;Eight;
tdb-1413;Video games;3;"What was the first ""Call Of Duty: Zombies"" map to be directed by Jason Blundell?";Mob Of The Dead;Buried;Origins;Moon;
tdb-1414;Musicals and theatre;2;"The Andrew Lloyd Webber musical ""Cats"" is based off a book of poems written by which author?";T.S. Elliot;Andrew Lloyd Webber;Emily Dickenson;Robert Frost;
tdb-1416;Animals;2;What is the average lifespan of a domestic rabbit?;8-12 years;1-2 years;4-7 years;14-20 years;
tdb-1417;Science and nature;2;What is the standard SI unit for electric current?;Ampere;Volt;Ohm;Watt;
tdb-1418;Computers;2;Which of the following is a personal computer made by the Japanese company Fujitsu?;FM-7;PC-9801;Xmillennium;MSX;
tdb-1419;Music;1;Kanye West at 2009 VMA's interrupted which celebrity?;Taylor Swift;MF DOOM;Beyonce;Beck;
tdb-1420;Vehicles;2;Which of these cars is NOT considered one of the 5 Modern Supercars by Ferrari?;Testarossa;Enzo Ferrari;F40;288 GTO;
tdb-1422;Geography;2;Where is the ancient city of Petra located?;Jordan;Egypt;Israel;Italy;
tdb-1423;Gadgets;2;What is the most significant side venture the popular firearms company, Remington, has pursued?;Typewriters;Blenders;Ceiling Fans;Door Knobs;
tdb-1424;Geography;1;What is the nickname for the US state Delaware?;The First State;The Fiftieth State;The Second State;The Sixteenth State;
tdb-1425;Science and nature;3;Which moon is the only satellite in our solar system to possess a dense atmosphere?;Titan;Europa;Miranda;Callisto;
tdb-1426;Film;1;In Avengers: Infinity War, where was the Soul Stone located?;Vormir;Xandar;Knowhere;Asgard;
tdb-1428;Vehicles;3;What engine is in the Lexus SC400?;1UZ-FE;2JZ-GTE;7M-GTE;5M-GE;
tdb-1429;Sport;2;Which soccer team won the Copa América 2015 Championship?;Chile;Argentina;Brazil;Paraguay;
tdb-1430;General knowledge;1;Which of the following presidents is not on Mount Rushmore?;John F. Kennedy;Theodore Roosevelt;Abraham Lincoln;Thomas Jefferson;
tdb-1431;Video games;3;In the game Nuclear Throne, what organization chases the player character throughout the game?;The I.D.P.D;The Fishmen;The Bandits;The Y.V.G.G;
tdb-1433;Science and nature;2;On which mission did the Space Shuttle Columbia break up upon re-entry?;STS-107;STS-51-L;STS-61-C;STS-109;
tdb-1434;Film;2;In Mulan (1998), who is the leader of the Huns?;Shan Yu;Chien-Po;Li Shang;Fa Zhou;
tdb-1435;Video games;1;"Which of these is NOT a playable character in ""Left 4 Dead""?";Nick;Louis;Zoey;Bill;
tdb-1436;Geography;2;Which of the following language families is the most controversial amongst modern linguists?;Altaic;Sino-Tibetan;Dravidian;Indo-European;
tdb-1437;Video games;1;What type of Pokémon is Charizard?;Fire/Flying;Fire;Dragon;Fire/Dragon;
tdb-1438;Video games;3;When was the Valve Corporation founded?;August 24, 1996;December 26, 1994;March 22, 1997;March 13, 1997;
tdb-1439;Mythology;2;What is the name of the first human being in Norse mythology?;Ask;Asmund;Ake;Asger;
tdb-1440;Video games;1;In what year was Garry's Mod released as a standalone title on Valve's Steam distribution service?;2006;2007;2004;2003;
tdb-1441;Sport;2;"Which of these teams isn't a member of the NHL's ""Original Six"" era?";Philadelphia Flyers;New York Rangers;Toronto Maple Leafs;Boston Bruins;
tdb-1443;Geography;3;Which of these is NOT a province in China?;Yangtze;Fujian;Sichuan;Guangdong;
tdb-1444;Anime and manga;1;"In ""Inuyasha"", what are the heros are looking to collect?";Jewel Shards;Dragon Balls;Rave Stones;Sacred Stones;
tdb-1445;Video games;2;What were the first two Pokémon games released?;Red and Green;Red and Blue;Green and Blue;Red and Yellow;
tdb-1447;History;1;What is the historical name of Sri Lanka?;Ceylon;Myanmar;Colombo;Badulla;
tdb-1448;Vehicles;1;Which of these companies does NOT manufacture motorcycles?;Toyota;Honda;Kawasaki;Yamaha;
tdb-1449;History;2;In what year did Kentucky become the 15th state to join the union?;1792;1782;1798;1788;
tdb-1451;Video games;2;In what year was Pokémon Diamond & Pearl released in Japan?;2006;2009;2007;2008;
tdb-1452;Politics;3;Who was the longest-serving senator in US history, serving from 1959 to 2010?;Robert Byrd;Daniel Inouye;Strom Thurmond;Joe Biden;
tdb-1453;Politics;3;"""Yes, America Can!"" was this United States politician's de facto campaign slogan in 2004.";George W. Bush;John Kerry;Barack Obama;Al Gore;
tdb-1454;Geography;2;What is the capital of Cyprus?;Nicosia;Paphos;Limassol;Larnaca;
tdb-1455;Video games;2;"Which of the following characters is NOT playable in ""Resident Evil 6""?";Jill Valentine;Chris Redfield;Sherry Birkin;Helena Harper;
tdb-1456;Science and nature;1;What organelle aids in synthesis of DNA in cells?;Ribosomes;Nuclei;Lysosomes;Mitochondria;
tdb-1457;Film;1;What is the name of the fictional retro-mod band starring Austin Powers as the lead vocalist?;Ming Tea;Cough Fi;Spear Mint;Mister E;
tdb-1459;History;3;"During the Wars of the Roses (1455 - 1487) which Englishman was dubbed ""the Kingmaker""?";Richard Neville;Richard III;Henry V;Thomas Warwick;
tdb-1460;Cartoons;2;Which Sanrio character was introduced in 1996?;Pompompurin;My Melody;Badtz-Maru;Kerropi;
tdb-1462;Film;2;Which of the following James Bond villains is not affiliated with the SPECTRE organization?;Auric Goldfinger;Dr. Julius No;Rosa Klebb;Emilio Largo;
tdb-1463;Geography;2;Eritrea, which became the 182nd member of the UN in 1993, is in the continent of?;Africa;Europe;Asia;South America;
tdb-1464;Television;2;"What is the name of the inspector in the series ""On the Buses""?";Blakey;Harper;Naily;Gally;
tdb-1465;Geography;2;What is the capital of the U.S. state Texas?;Austin;Dallas;Santa Fe;Houston;
tdb-1466;Sport;1;Who won the UEFA Champions League in 2016?;Real Madrid C.F.;FC Bayern Munich;Atletico Madrid;Manchester City F.C.;
tdb-1467;General knowledge;3;Sciophobia is the fear of what?;Shadows;Eating;Bright lights;Transportation;
tdb-1468;Television;1;Guy's Grocery Games is hosted by which presenter?;Guy Fieri;Guy Martin;Guy Ritchie;Ainsley Harriott;
tdb-1469;Television;2;"In Naruto: Shippuden, which of the following elements is a ""Kekkei Tōta?""";Particle Style;Any Doujutsu;Shadow Style;Ice Style;
tdb-1470;Video games;1;The protagonist of the hit game, Half-Life 2 is called:;Gordon Freeman;Alyx Vance;Isaac Kleiner;Wallace Breen;
tdb-1471;Video games;2;"What is the real name of the Scout in ""Team Fortress 2""?";Jeremy;Lance;Walter;John;
tdb-1472;Musicals and theatre;3;Who wrote the lyrics for Leonard Bernstein's 1957 Brodway musical West Side Story?;Stephen Sondheim;Himself;Oscar Hammerstein;Richard Rodgers;
tdb-1473;Mythology;1;How many heads does Cerberus have?;3;2;1;5;
tdb-1474;Cartoons;1;"What is Everest's favorite food in the Nickelodeon/Nick Jr. series ""PAW Patrol""?";Liver;Chicken;Steak;Caribou;
tdb-1475;Music;2;Which artist released his third and final studio album 'Electric Ladyland' before his death in 1970?;Jimi Hendrix;Prince;Eric Clapton;Captain Sensible;
tdb-1478;Music;2;"What year was Weezer's album ""Pinkerton"" released?";1996;1990;2001;1994;
tdb-1479;Anime and manga;1;"In the anime ""My Hero Academia"", which character is shown with the ability to manipulate gravity?";Uraraka;Bakugo;Deku;Asui;
tdb-1480;Video games;1;What is the name of the talking cat in Persona 5?;Morgana;Teddie;Marie;Ryuji;
tdb-1482;Mythology;2;"The Norse god Odin has two pet crows named ""Huginn"" and ""Muninn"". What do their names mean?";Thought & Memory;Power & Peace;War & Learning;Sleeping & Waking;
tdb-1483;Music;2;'74–'75 is a 1993 single from the album Ring by what American band?;The Connells;R.E.M.;The Ocean Blue;The Bangles;
tdb-1484;Sport;2;What country hosted the 2014 Winter Olympics?;Russia;Canada;United States;Germany;
tdb-1485;Video games;1;What ingredient is NOT used to craft a cake in Minecraft?;Bread;Wheat;Milk;Egg;
tdb-1486;Animals;2;"For what reason would a spotted hyena ""laugh""?";Nervousness;Excitement;Aggression;Exhaustion;
tdb-1487;Geography;2;What is the capital of Ecuador?;Quito;Bogota;Santiago;Santa Fé;
tdb-1488;Science and nature;1;Which element has the chemical symbol 'Fe'?;Iron;Gold;Silver;Tin;
tdb-1489;General knowledge;2;Which of these American singers and songwriters won a Nobel Prize in Literature?;Bob Dylan;Buddy Holly;Johnny Cash;Alice Cooper;
tdb-1492;Geography;1;Harvard University is located in which city?;Cambridge;Providence;New York;Washington D.C.;
tdb-1493;Video games;2;"The video game publishers known as ""tinyBuild"" published which of these games?";Clustertruck;Don't Starve;Stardew Valley;Slime Rancher;
tdb-1494;Geography;1;What is the Polish city known to Germans as Danzig?;Gdańsk;Warsaw;Zakopane;Poznań;
tdb-1495;Television;2;Which actor was not a major character in TV Show Freaks and Geeks?;Jonah Hill;Jason Segel;Seth Rogen;James Franco;
tdb-1496;Music;2;What album did Gorillaz release in 2017?;Humanz;Plastic Beach;The Fall;Demon Days;
tdb-1497;Music;2;"When was the Prince album ""Purple Rain"" released?";1984;1979;1983;1981;
tdb-1503;Books;2;"Which poet wrote ""The Ballad of Reading Gaol"" whilst imprisoned for being gay?";Oscar Wilde;Lord Byron;William Blake;Wilfred Owen;
tdb-1504;Video games;3;Which variant of the MP5 is depicted in Counter-Strike 1.6?;MP5N;MP5SD;MP5K;MP5RAS;
tdb-1505;History;1;In what year did the Wall Street Crash take place?;1929;1932;1930;1925;
tdb-1506;Animals;3;What was the name of the Ethiopian Wolf before they knew it was related to wolves?;Simien Jackel;Ethiopian Coyote;Amharic Fox;Canis Simiensis;
tdb-1507;General knowledge;1;Which sign of the zodiac is represented by the Crab?;Cancer;Libra;Virgo;Sagittarius;
tdb-1510;Science and nature;3;How many objects are equivalent to one mole?;6.022 x 10^23;6.002 x 10^22;6.022 x 10^22;6.002 x 10^23;
tdb-1511;Cartoons;2;What is the cartoon character, Andy Capp, known as in Germany?;Willi Wakker;Dick Tingeler;Helmut Schmacker;Rod Tapper;
tdb-1512;Video games;1;"In the game ""DELTARUNE"", what is Ralsei's special ability?";Pacify;Persuade;Eliminate;Hug;
tdb-1513;Geography;2;"Which country has the abbreviation ""CH""?";Switzerland;China;Canada;No Country;
tdb-1514;Video games;1;"In ""Call Of Duty: Zombies"", what is the name of the Pack-A-Punched Crossbow?";Awful Lawton;Longinus;V-R11;Predator;
tdb-1515;Film;2;In the 2010 Nightmare on Elm Street reboot, who played Freddy Kruger?;Jackie Earle Haley;Tyler Mane;Derek Mears;Gunnar Hansen;
tdb-1517;Video games;2;Which game was the first time Mario was voiced by Charles Martinet?;Mario's Game Gallery;Super Mario 64;Mario Tennis;Dr. Mario 64;
tdb-1519;History;2;"Which of the following years is commonly referred to as the ""Year Without a Summer""?";1816;1823;1813;1808;
tdb-1520;General knowledge;2;Bob and Mike Bryan were well known brothers in which sport?;Tennis;Basketball;Football;Baseball;
tdb-1521;Video games;3;When was the first Call of Duty title released?;October 29, 2003;December 1, 2003;November 14, 2002;July 18, 2004;
tdb-1523;Video games;2;Who is Sora's Nobody in Kingdom Hearts?;Roxas;Riku;Kairi;Mickey;
tdb-1524;Geography;2;Which of these Mediterranian islands is under the sovereign rule of France?;Corsica;Majorca;Sardinia;Malta;
tdb-1525;Geography;2;On which continent is the country of Angola located?;Africa;South America;Europe;Asia;
tdb-1526;General knowledge;2;"""Gum arabic"" is a natural gum consisting of the hardened sap of which tree species?";Acacia;Palm;Ficus;Eucalyptus;
tdb-1528;Video games;2;"In the ""Portal"" series, who was Cave Johnson's personal assistant?";Caroline;Heather;Melissa;Jane;
tdb-1530;Anime and manga;2;Which one of these Manga titles was not created by Urasawa Naoki?;My Father's Journal;Billy Bat;20th Century Boys;Monster;
tdb-1531;Video games;2;"How many games are there in the ""Colony Wars"" series for the PlayStation?";3;2;4;5;
tdb-1532;Vehicles;3;Which one of these chassis codes are used by BMW 3-series?;E46;E39;E85;F10;
tdb-1533;Video games;3;"In which game did the character ""Mario"" make his first appearance?";Donkey Kong;Super Mario Bros.;Super Mario Land;Mario Bros.;
tdb-1534;Video games;2;"In what year was ""Super Mario Sunshine"" released?";2002;2003;2000;2004;
tdb-1535;Geography;2;What is the highest mountain in the world?;Mt. Everest;Mount Godwin Austen;Kangchenjunga;Annapurna;
tdb-1536;Anime and manga;2;What was studio Trigger's first original long-form animated series for television?;Kill la Kill;Kiznaiver;Inferno Cop;Gurren Lagann;
tdb-1538;Music;1;What is the name of Rivers Cuomo's wife?;Kyoko Ito;Yoko Ono;Kyary Pamyu Pamyu;LiSA;
tdb-1539;Science and nature;1;What is the standard SI unit for temperature?;Kelvin;Fahrenheit;Celsius;Rankine;
tdb-1540;Computers;2;What does AD stand for in relation to Windows Operating Systems?;Active Directory;Alternative Drive;Automated Database;Active Department;
tdb-1541;Computers;3;Which of the following computer components can be built using only NAND gates?;ALU;CPU;RAM;Register;
tdb-1542;Sport;3;What team did England beat in the semi-final stage to win in the 1966 World Cup final?;Portugal;West Germany;Soviet Union;Brazil;
tdb-1543;Music;1;Who is the lead singer of Arctic Monkeys?;Alex Turner;Jamie Cook;Matt Helders;Nick O'Malley;
tdb-1544;Video games;1;In what year was Hearthstone released?;2014;2011;2013;2012;
tdb-1545;Celebrities;2;"In what year did ""Bob Ross"" die?";1995;1986;1989;1997;
tdb-1546;Geography;2;What European country is not a part of the EU?;Norway;Lithuania;Ireland;Czechia;
tdb-1548;Anime and manga;2;"What is the name of the infamous pachinko machine from ""Kaiji""?";The Bog;The Devil;The Undefeated;The Dragon;
tdb-1549;Music;2;Which one of these rappers is NOT a member of the rap group Wu-Tang Clan?;Dr.Dre;Ol' Dirty Bastard;GZA;Method Man;
tdb-1550;Science and nature;1;How many chromosomes are in your body cells?;23;21;22;24;
tdb-1551;History;2;Which U.S. President was famously 'attacked' by a swimming rabbit?;Jimmy Carter;Ronald Reagan;Lydon B. Johnson;Gerald Ford;
tdb-1552;Video games;1;In the original Mega Man series, who is Mega Man's arch nemesis?;Dr. Wily;Dr. Light;Dr. Bad;Mr. Z;
tdb-1553;History;2;"During what war did the ""Cuban Missile Crisis"" occur?";Cold War;World War I;World War II;Revolutionary War;
tdb-1554;Video games;2;In the PAYDAY series, who is the iconic leader of the PAYDAY gang?;Dallas;Wolf;Chains;Hoxton;
tdb-1555;Video games;1;"What year was the game ""Overwatch"" revealed?";2014;2015;2011;2008;
tdb-1556;Anime and manga;3;"Which animation studio produced ""Sword Art Online""?";A-1 Pictures;Production I.G;Silver Link;Kyoto Animation;
tdb-1557;General knowledge;1;What planet is not named after a Greek or Roman god?;Earth;Jupiter;Mars;Mercury;
tdb-1559;Gadgets;3;Which round does a WW2 M1 Garand fire?;.30-06;.308;7.62;7.62x51mm;
tdb-1560;Film;3;What was the wifi password given to Stephen Strange in Doctor Strange?;Shambala;Peace;Ancient;Chakra;
tdb-1561;Mythology;2;"In Norse Mythology, what is the name of the symbol commonly referred to as the ""Tree of Life""?";Yggdrasil;Ymir;Tree of the Earth;Odin's Roots;
tdb-1564;Music;1;"The Rush song ""YYZ"" derives its name from the IATA aiport identification code for which city?";Toronto;Vancouver;Ottawa;Calgary;
tdb-1565;General knowledge;1;What does the F stand for in the FBI?;Federal;Foreign;Formal;First;
tdb-1566;General knowledge;2;What direction does the Statue of Liberty face?;Southeast;Southwest;Northwest;Northeast;
tdb-1567;Television;2;"In which year did the British television series ""The Bill"" end?";2010;2001;2007;2012;
tdb-1569;Video games;2;In Yakuza 4 who is the first character you play as?;Shun Akiyama;Taiga Saejima;Kazuma Kiryu;Goro Majima;
tdb-1570;Vehicles;1;What country was the Trabant 601 manufactured in?;East Germany;Soviet Union;Hungary;France;
tdb-1571;Celebrities;2;"Which radio personality calls himself ""The King of All Media""?";Howard Stern;Rush Limbaugh;Pete Tong;Ryan Seacrest;
tdb-1572;Video games;2;"In ""FTL: Faster Than Light"", how many races are there, including the Lanius?";8;9;7;10;
tdb-1573;Celebrities;1;What was James Coburn's last film role before his death?;American Gun;Monsters Inc;Texas Rangers;Snow Dogs;
tdb-1574;Music;2;What was Radiohead's first album?;Pablo Honey;The Bends;Kid A;A Moon Shaped Pool;
tdb-1575;Film;2;"What is the name of the villian in the 2015 Russian-American Sci-Fi Movie ""Hardcore Henry""?";Akan;Estelle;Jimmy;Henry;
tdb-1576;General knowledge;1;Who is the youngest person to receive a Nobel Prize?;Malala Yousafzai;Lawrence Bragg;Werner Heisenberg;Yasser Arafat;
tdb-1579;Anime and manga;1;"In ""To Love-Ru"", Ren and Run are from what planet?";Memorze;Deviluke;Mistletoe;Okiwana;
tdb-1580;Board games;2;How many points is the Z tile worth in Scrabble?;10;8;5;6;
tdb-1581;Video games;2;"When was ""Garry's Mod"" released?";December 24, 2004;November 13, 2004;December 13, 2004;November 12, 2004;
tdb-1583;Geography;2;"Frankenmuth, a US city nicknamed ""Little Bavaria"", is located in what state?";Michigan;Pennsylvania;Kentucky;Virginia;
tdb-1585;Sport;2;Which NBA player won Most Valuable Player for the 1999-2000 season?;Shaquille O'Neal;Allen Iverson;Kobe Bryant;Paul Pierce;
tdb-1586;History;2;When did Norway become free from Sweden?;1905;1925;1814;1834;
tdb-1588;Computers;1;Which programming language shares its name with an island in Indonesia?;Java;Python;C;Jakarta;
tdb-1589;Video games;2;Which of these is not a Fallout protagonist?;Tunnel Snake;Courier;Lone Wanderer;Vault Dweller;
tdb-1591;General knowledge;3;What year was the RoboSapien toy robot released?;2004;2000;2001;2006;
tdb-1592;Art;3;Which art movement was Pablo Picasso known for co-founding?;Cubism;Futurism;Expressionism;Impressionism;
tdb-1595;Music;1;"What was the subject of the 2014 song ""CoCo"" by American rapper O. T. Genasis?";Cocaine;Conan O'Brien;Cobalt(II) carbonate;Coconut cream pie;
tdb-1596;Mythology;1;Who in Greek mythology, who led the Argonauts in search of the Golden Fleece?;Jason;Castor;Daedalus;Odysseus;
tdb-1597;Cartoons;1;"Who created the Cartoon Network series ""Adventure Time""?";Pendleton Ward;J. G. Quintel;Ben Bocquelet;Rebecca Sugar;
tdb-1599;History;3;The term Luddite originally applied to disgruntled workers in which industry?;Textile;Farming;Mining;Ceramics;
tdb-1600;Video games;2;"In ""PAYDAY 2"", what weapon has the highest base weapon damage on a per-shot basis?";HRL-7;Heavy Crossbow;Thanatos .50 cal;Broomstick Pistol;
tdb-1601;Animals;3;What is the average amount of chinchillas born into a single litter?;2-3;10-15;5-8;15-18;
tdb-1602;Video games;1;In The Elder Scrolls: Oblivion, the horse that goes by the name Shadowmere is given by what guild?;Dark Brotherhood;Thieves;Fighters;Mages;
tdb-1604;Animals;3;Which of these animals is NOT a lizard?;Tuatara;Komodo Dragon;Gila Monster;Green Iguana;
tdb-1605;Geography;2;Which European city has the highest mileage of canals in the world?;Birmingham;Venice;Amsterdam;Berlin;
tdb-1606;Sport;2;Which of these jersey numbers has Shaquille O'Neal never worn?;35;36;33;32;
tdb-1607;Computers;3;According to DeMorgan's Theorem, the Boolean expression (AB)' is equivalent to:;A' + B';A'B + B'A;A'B';AB' + AB;
tdb-1608;Film;2;In what year was the first Transformers movie released?;1986;2007;1984;2009;
tdb-1609;Video games;1;Who created the digital distribution platform Steam?;Valve;Pixeltail Games;Ubisoft;Electronic Arts;
tdb-1610;Computers;3;How many Hz does the video standard PAL support?;50;59;60;25;
tdb-1611;Video games;1;Which of these covert groups employs Sam Fisher to work as a Splinter Cell?;Third Echelon;Voron;Black Arrow;The Engineers;
tdb-1613;Animals;1;What is the fastest land animal?;Cheetah;Lion;Thomson's Gazelle;Pronghorn Antelope;
tdb-1614;Video games;3;"What is the real name of ""Warhead"" in the Sega Genesis game ""Vectorman""?";Raster;Peacehead;Vectorkid;Bitmap;
tdb-1615;Vehicles;2;When was Tesla founded?;2003;2008;2005;2007;
tdb-1616;Mathematics;1;What's the square root of 49?;7;4;12;9;
tdb-1617;History;2;Who was the last Roman emperor in the Year of Four Emperors (69 AD)?;Vespasian;Vitellius;Otho;Galba;
tdb-1618;Music;2;Which of these black metal acts was a solo project?;Burzum;Darkthrone;Mayhem;Dissection;
tdb-1619;History;2;In which one of these cities did the Great Stink of 1858 occur?;London;Berlin;New York;Moscow;
tdb-1620;Music;1;Which of these is NOT the name of an album released by English singer-songwriter Adele?;12;19;21;25;
tdb-1621;Science and nature;2;What do you study if you are studying entomology?;Insects;Humans;the Brain;Fish;
tdb-1622;Video games;2;What was the original release date of Grand Theft Auto V?;September 17, 2013;August 17, 2013;April 14, 2015;November 18, 2014;
tdb-1623;Computers;3;Which RAID array type is associated with data mirroring?;RAID 1;RAID 0;RAID 10;RAID 5;
tdb-1624;Film;2;Which 1958 movie starred Kirk Douglas and Tony Curtis as half-brothers Einar and Eric?;The Vikings;The Long Ships;Prince Valiant;Spartacus;
tdb-1626;History;2;On what day did Germany invade Poland?;September 1, 1939;December 7, 1941;June 22, 1941;July 7, 1937;
tdb-1627;Mythology;2;In African mythology, Anansi is a trickster and storyteller who takes the shape of which animal?;Spider;Wild dog;Monkey;Crocodile;
tdb-1628;Books;3;What is Ron Weasley's middle name?;Bilius;Arthur;John;Dominic;
tdb-1629;Books;3;What is the name of the town in which Lily and James Potter are buried?;Godric's Hollow;Hogsmeade;Ottery St. Catchpole;Little Hangleton;
tdb-1631;Video games;2;In Undertale, how much do Spider Donuts cost in Hotland?;9999G;7G;40G;12G;
tdb-1634;Mathematics;1;What is the least number of sides a polygon can have?;3;1;2;7;
tdb-1636;Computers;1;What amount of bits commonly equals one byte?;8;1;2;64;
tdb-1637;Video games;3;Which of the four empires in Eve Online was the first to achieve faster than light travel?;Amarr Empire;Caldari State;Gallente Federation;Minmatar Republic;
tdb-1638;Film;2;"Who plays ""Bruce Wayne"" in the 2008 movie ""The Dark Knight""?";Christian Bale;Michael Caine;Ron Dean;Heath Ledger;
tdb-1639;Vehicles;1;Which of the following vehicles from Ford is named after a WW2 Fighter Plane?;Mustang;Explorer;Ranger;Galaxy;
tdb-1641;Music;2;Which of these is NOT a song by Pegboard Nerds?;WiFi Tears;Swamp Thing;Emoji;BAMF;
tdb-1642;Video games;2;In the game Pokémon Conquest, which warlord is able to bond with Zekrom and a shiny Rayquazza?;Nobunaga;The Player;Oichi;Hideyoshi;
tdb-1643;Video games;2;In Terraria, what does the Wall of Flesh not drop upon defeat?;Picksaw;Pwnhammer;Breaker Blade;Laser Rifle;
tdb-1644;Video games;3;"""Exile"" and ""Revelations"" were the third and fourth installments of which PC game series?";Myst;Shivers;Doom;Tropico;
tdb-1646;Computers;1;Which computer language would you associate Django framework with?;Python;C#;C++;Java;
tdb-1647;Science and nature;1;Which is the longest bone in the human body?;Femur;Scapula;Fibula;Ulna;
tdb-1648;Comics;3;"In the ""Archie"" comics, who was Jughead's first girlfriend?";Joani;Ethel;Debbi;Margret;
tdb-1649;Geography;1;What is the capital of Jamaica?;Kingston;San Juan;Port-au-Prince;Bridgetown;
tdb-1652;Celebrities;2;Which of these people is NOT a part of the Internet comedy group Mega64?;Jon Jafari;Rocco Botte;Derrick Acosta;Shawn Chatfield;
tdb-1653;Video games;3;"In ""Need for Speed III: Hot Pursuit"", what is the name of the fictional car?";El Niño;Rápido;Ágil;La Niña;
tdb-1654;History;3;How many sonatas did Ludwig van Beethoven write?;32;50;31;21;
tdb-1656;Books;3;"In Margaret Atwood's ""The Handmaid's Tale"", what is Offred's real name is implied to be?";June;August;April;May;
tdb-1657;Celebrities;2;Paul McCartney has always used his middle name. What is his real first name?;James;John;Jack;Justin;
tdb-1658;Geography;3;Which is the largest freshwater lake in the world?;Lake Superior;Caspian Sea;Lake Michigan;Lake Huron;
tdb-1659;Film;3;In what year was the first Indian movie submitted for an Oscar?;1957;1962;1938;1954;
tdb-1660;General knowledge;2;Who invented Pastafarianism?;Bobby Henderson;Eric Tignor;Bill Nye;Zach Soldi;
tdb-1661;Computers;2;Which of the following languages is used as a scripting language in the Unity 3D game engine?;C#;Java;C++;Objective-C;
tdb-1664;Video games;1;In Counter-Strike: Global Offensive, what's the rarity of discontinued skins called?;Contraband;Discontinued;Diminished;Limited;
tdb-1665;Sport;2;Who won the 2018 Monaco Grand Prix?;Daniel Ricciardo;Sebastian Vettel;Kimi Raikkonen;Lewis Hamilton;
tdb-1667;Music;3;Who recorded the 1975 album 'Captain Fantastic and the Brown Dirt Cowboy'?;Elton John;John Denver;Billy Joel;Joe Cocker;
tdb-1668;Geography;3;The prefix Sino- (As in Sino-American) is used to refer to what nationality?;Chinese;Japanese;Russian;Indian;
tdb-1669;Computers;1;What is the domain name for the country Tuvalu?;.tv;.tu;.tt;.tl;
tdb-1670;Musicals and theatre;2;Which musical has won the most Tony awards?;The Producers;Hamilton;Chicago;Phantom of the Opera;
tdb-1671;Animals;2;"What is the scientific name for the ""Polar Bear""?";Ursus Maritimus;Polar Bear;Ursus Spelaeus;Ursus Arctos;
tdb-1672;Video games;1;In Slay the Spire, which of the following is NOT a playable character?;Stoneheart;Silent;Defect;Ironclad;
tdb-1673;History;2;Who was the leader of Sweden in the Great Northern War?;Charles XII;Per Albin Hansson;Peter the Great;Gustavus Adolphus;
tdb-1675;History;1;What was William Frederick Cody better known as?;Buffalo Bill;Billy the Kid;Wild Bill Hickok;Pawnee Bill;
tdb-1676;Books;2;In Alice in Wonderland, what is the name of Alice's kitten?;Dinah;Oscar;Heath;Smokey;
tdb-1679;Video games;2;"Which of these is not a DLC vehicle in ""Mario Kart 8""?";Wild Wiggler;Bone Rattler;B Dasher;300 SL Roadster;
tdb-1680;Video games;2;Which of these game franchises were made by Namco?;Tekken;Street Fighter;Mortal Kombat;Dragon Quest;
tdb-1681;History;2;What was the name of one of the surviving palaces of Henry VIII located near Richmond, London?;Hampton Court;St James's Palace;Buckingham Palace;Coughton Court;
tdb-1683;Books;2;"In the novel ""Lord of the Rings"", how many rings of power were given to the race of man?";9;5;11;13;
tdb-1685;Geography;1;Where was the ancient city of Pompeii?;Italy;East Africa;South America;Pompilanus;
tdb-1686;Music;2;"In which year was the Megadeth album ""Peace Sells... but Who's Buying?"" released?";1986;1979;1987;1983;
tdb-1687;Cartoons;2;Which Hanna-Barbera cartoon character travelled with a canine companion named Beegle Beagle?;Grape Ape;Boss Gator;Wally Gator;Yogi Bear;
tdb-1691;Film;2;Which one of these films are shot entirely in one-take?;Russian Ark;Good Will Hunting;Birdman;Schindler's List;
tdb-1692;Geography;1;What is the official language of Costa Rica?;Spanish;English;Portuguese;Creole;
tdb-1693;Video games;1;Which of the following is not a character in the Street Fighter series?;Mai Shiranui;Laura Matsuda;Sakura Kasugano;Ibuki;
tdb-1694;Sport;1;How many players are there in an association football/soccer team?;11;10;9;8;
tdb-1696;Anime and manga;1;Who is the main heroine of the anime, Full Metal Panic!;Kaname Chidori;Teletha Testarossa;Melissa Mao;Kyoko Tokiwa;
tdb-1697;Cartoons;2;Adam West was the mayor of which cartoon town?;Quahog;Springfield;South Park;Langley Falls;
tdb-1698;Film;2;"In ""The Hobbit,"" who was head of the White Council?";Saruman;Lady Galadriel;Gandalf;Elrond;
tdb-1699;Art;2;Which artist's studio was known as 'The Factory'?;Andy Warhol;Roy Lichtenstein;David Hockney;Peter Blake;
tdb-1702;Anime and manga;1;"Who is the author of the manga series ""Astro Boy""?";Osamu Tezuka;Mitsuteri Yokoyama;Takao Saito;Yoshihiro Tatsumi;
tdb-1704;Mathematics;1;How many sides does a trapezium have?;4;3;5;6;
tdb-1706;Science and nature;1;What is the largest planet in the Solar System?;Jupiter;Saturn;Earth;Mars;
tdb-1707;Video games;3;"In the ""Halo"" series, what is the name of the race of aliens humans refer to as ""Grunts""?";Unggoy;Huragok;Sangheili;Yanme'e;
tdb-1709;Anime and manga;2;"Ikki Kurogane is known by what nickname at the beginning of ""Chivalry of a Failed Knight""?";Worst One;Another One;Blazer;Princess;
tdb-1710;Video games;3;What was the name of the hero in the 80s animated video game 'Dragon's Lair'?;Dirk the Daring;Arthur;Sir Toby Belch;Guy of Gisbourne;
tdb-1711;Video games;2;In World of Warcraft Lore, four Old Gods created a giant and powerful creature. What was it called?;The Ancient One;Anomalous;Eater of Souls;The Lich King;
tdb-1714;Video games;2;When was Nintendo's Virtual Boy released?;1995;1989;1997;1992;
tdb-1715;Anime and manga;1;"What animation studio produced ""Gurren Lagann""?";Gainax;Kyoto Animation;Pierrot;A-1 Pictures;
tdb-1716;Sport;1;In baseball, how many fouls are an out?;0;5;3;2;
tdb-1717;Sport;2;How many premier league trophies did Sir Alex Ferguson win during his time at Manchester United?;13;11;20;22;
tdb-1719;Computers;2;Generally, which component of a computer draws the most power?;Video Card;Hard Drive;Processor;Power Supply;
tdb-1720;Science and nature;3;In the Scoville scale, what is the hottest chemical?;Resiniferatoxin;Capsaicin;Dihydrocapsaicin;Tinyatoxin;
tdb-1721;History;1;Which of the following countries was not an axis power during World War II?;Soviet Union;Italy;Germany;Japan;
tdb-1722;Video games;2;"What is the name of the creature that the main character befriends in ""The Last Guardian""?";Trico;Nico;Wolf;Andazi;
tdb-1723;Computers;1;What language does Node.js use?;JavaScript;Java;Java Source;Joomla Source Code;
tdb-1724;Music;2;Which of these songs from American Idiot: The Musical was a previously unreleased Green Day song?;When It's Time;Are We The Waiting;Before The Lobotomy;Favorite Son;
tdb-1725;History;3;"When was the ""Siege of Leningrad"" lifted during World War II?";January 1944;September 1943;November 1943;March 1944;
tdb-1727;Video games;2;"What is the name of the first level in ""Call of Duty: World at War""?";Semper Fi;Ring of Steel;Vendetta;Eviction;
tdb-1728;Sport;2;What is the name of the AHL affiliate of the Toronto Maple Leafs?;Toronto Marlies;Toronto Rock;Toronto Argonauts;Toronto Wolfpack;
tdb-1730;History;2;How did the Vikings call their short-lived colony in today's Canada?;Vínland;Føroyar;Hålogaland;Skåne;
tdb-1731;History;2;Which WWII tank ace is credited with having destroyed the most tanks?;Kurt Knispel;Michael Wittmann;Walter Kniep;Otto Carius;
tdb-1733;Music;3;"What is the stage name of New Zealand singer Phillipa ""Pip"" Brown?";Ladyhawke;Lorde;Kesha;Anika Moa;
tdb-1734;Board games;1;In a standard game of Monopoly, what colour are the two cheapest properties?;Brown;Green;Yellow;Blue;
tdb-1735;Geography;1;What is the largest country, by area, that has only one time zone?;China;Canada;India;Russia;
tdb-1738;Music;2;Who is the lead singer of the Smashing Pumpkins?;Billy Corgan;Brett Scallions;Eddie Vedder;Chino Moreno;
tdb-1739;General knowledge;3;What is the most commonly used noun in the English language?;Time;Home;Water;Man;
tdb-1741;Video games;3;"In the ""Call Of Duty: Zombies"" map ""Origins"", where is ""Stamin-Up"" located?";Generator 5;Generator 3;Generator 4;Excavation Site;
tdb-1742;Comics;2;In Marvel comics, which of the following is not one of the infinity stones?;Energy;Time;Power;Soul;
tdb-1744;Film;3;"In what year did Clint Eastwood star as Inspector Harry Callahan in the film ""Dirty Harry""?";1971;1975;1983;1969;
tdb-1745;Comics;2;In Bionicle, who was formerly a Av-Matoran and is now the Toa of Light?;Takua;Jaller;Vakama;Tahu;
tdb-1746;Art;2;Which Greek sculptor designed the Athena Parthenos statue inside the Parthenon?;Phidias;Scopas;Hesiod;Praxiteles;
tdb-1747;Video games;2;"What is the name of the protagonist's first Persona in ""Persona 5""?";Arsene;Mara;Izanagi;Sandaphlon;
tdb-1749;History;2;Which of these facilities was not present on the Titanic?;Fainting room;Turkish bath;Kennel;Squash court;
tdb-1750;Science and nature;3;Which scientific unit is named after an Italian nobleman?;Volt;Pascal;Ohm;Hertz;
tdb-1751;Science and nature;2;The human right lung has how many lobes?;3;4;2;1;
tdb-1754;Film;3;"In what year does Jurassic World open in the ""Jurassic Park"" universe?";2005;2007;2015;2020;
tdb-1756;Video games;2;Who was the first jedi that Starkiller had to kill in Star Wars: The Force Unleashed?;Rahm Kota;Ahsoka Tano;Kazdan Paratus;Kento Marek;
tdb-1757;Board games;3;What Magic: The Gathering card's flavor text is just 'Ribbit.'?;Turn to Frog;Spore Frog;Bloated Toad;Frogmite;
tdb-1760;Video games;3;When was Pokemon GO released in North America?;July 6th, 2016;June 5th, 2016;May 24th, 2016;January 2nd, 2017;
tdb-1761;History;1;A collection of Sanskrit hymns and verses known as the Vedas are sacred texts in what religion?;Hinduism;Judaism;Islam;Buddhism;
tdb-1762;General knowledge;1;What is Cynophobia the fear of?;Dogs;Birds;Flying;Germs;
tdb-1763;Video games;1;In the Yakuza series who is the Dragon of Dojima?;Kazuma Kiryu;Sohei Dojima;Ryuji Goda;Haruka Sawamura;
tdb-1765;Geography;1;How many US states start with the letter K?;Two;One;None;Three;
tdb-1766;Science and nature;2;"An organism described as ""heliotropic"" has a tendancy to move towards which of these things?";Light;Water;Trees;Pollen;
tdb-1767;General knowledge;1;What was the first ever London Underground line to be built?;Metropolitan Line;Circle Line;Bakerloo Line;Victoria Line;
tdb-1768;Film;1;"Who starred in the film 1973 movie ""Enter The Dragon""?";Bruce Lee;Jackie Chan;Jet Li;Yun-Fat Chow;
tdb-1769;General knowledge;1;"The word ""dozen"" usually refers to a group of how many objects?";12;6;20;10;
tdb-1770;Cartoons;2;What animated internet character is known to answer emails with his boxing gloves?;Strong Bad;Strong Sad;Strong Mad;Strong Glad;
tdb-1771;Geography;1;How many stars are featured on New Zealand's flag?;4;5;2;0;
tdb-1772;Video games;1;Which of these is NOT a playable character in the 2016 video game Overwatch?;Invoker;Mercy;Winston;Zenyatta;
tdb-1774;Geography;3;What is the name of the formerly rich fishing grounds off the island of Newfoundland, Canada?;Grand Banks;Great Barrier Reef;Mariana Trench;Hudson Bay;
tdb-1775;Video games;2;"Which of these stages is not playable in ""Super Smash Bros. for Wii U""?";Fountain of Dreams;Bridge of Eldin;75m;Miiverse;
tdb-1776;Anime and manga;2;"What year did the anime ""Himouto! Umaru-chan"" air?";2015;2014;2012;2013;
tdb-1777;Board games;3;"The board game ""Ra"" was designed by which designer?";Reiner Knizia;Bruno Cathala;Uwe Rosenburg;Allison Kline;
tdb-1779;General knowledge;1;When someone is cowardly, they are said to have what color belly?;Yellow;Green;Red;Blue;
tdb-1780;Gadgets;2;How does a centrifuge separate heavy and light particles?;Spinning;Vibrating;Sifting;Ionizing;
tdb-1781;Video games;1;Blinky, Pinky, Inky and Clyde are characters from which classic video game?;Pac-Man;Gauntlet;Space Invaders;Street Fighter;
tdb-1783;Music;1;What is the name of Finnish DJ Darude's hit single released in October 1999?;Sandstorm;Dust Devil;Sirocco;Khamsin;
tdb-1784;Geography;2;What is the capital of Brazil?;Brasilia;Rio de Janeiro;Sao Paolo;Curitiba;
tdb-1785;Geography;2;Which of these countries is NOT located in Africa?;Suriname;Burkina Faso;Mozambique;Algeria;
tdb-1787;Anime and manga;2;"In the anime ""Mr. Osomatsu"", how many brothers does Osomatsu-san have?";5;6;7;4;
tdb-1788;Art;3;What was the major distinction between the English and French Gothic styles of architecture?;Fan vaulting;Pinnacles;Gargoyles;Hemispherical Domes;
tdb-1791;Anime and manga;3;"Which animation studio produced ""Log Horizon""?";Satelite;Sunrise;Xebec;Production I.G;
tdb-1793;Science and nature;1;What is an example of a bacterial pathogen?;Cholera;Measles;AIDS;Ringworm;
tdb-1794;Video games;2;How many stars are there to collect in Super Mario 64?;120;60;80;100;
tdb-1795;Mathematics;1;How many sides does a Möbius strip have?;1;2;3;4;
tdb-1796;Books;2;"In ""The Lord of the Rings,"" who is the owner of Asfaloth, the horse which brings Frodo to Rivendell?";Glorfindel;Arwen;Aragorn;Haldir;
tdb-1797;Video games;3;"Which of these characters in ""Undertale"" can the player NOT go on a date with?";Toriel;Papyrus;Undyne;Alphys;
tdb-1800;Anime and manga;3;"In what year did the manga ""Ping Pong"" begin serialization?";1996;2014;2010;2003;
tdb-1801;Music;2;"Where does ""Gasolina"" rapper Daddy Yankee originate from?";Puerto Rico;Cuba;Mexico;Spain;
tdb-1802;Anime and manga;2;"The heroine of ""Humanity Has Declined"" is a mediator between humans and what?";Fairies;Elves;The Earth;Animals;
tdb-1804;Cartoons;1;Which cartoon family lives in 742 Evergreen Terrace, Springfield USA?;The Simpsons;The Hills;The Flintstones;The Griffins;
tdb-1805;Science and nature;1;The medical term for the belly button is which of the following?;Umbilicus;Nevus;Nares;Paxillus;
tdb-1806;Video games;2;"In the video game ""Pizza Tower"", what is the protagonist's name?";Peppino;Pastachio;Pepper;Spinachio;
tdb-1807;Comics;3;What year was the first San Diego Comic-Con?;1970;2000;1990;1985;
tdb-1809;Video games;2;In what year were screenshots added to Steam?;2011;2010;2008;2009;
tdb-1810;Television;2;"In ""Spongebob Squarepants,"" what is Mr. Krabs' full name?";Eugene H. Krabs;Eugene G. Krabs;Eugene J. Krabs;Eugene D. Krabs;
tdb-1811;Music;2;Which European capital city gives its name to a 1981 song by Ultravox?;Vienna;Berlin;Paris;Brussels;
tdb-1812;Animals;2;What is the name of the family that the domestic cat is a member of?;Felidae;Felinae;Felis;Cat;
tdb-1813;Video games;1;What does Solid Snake use to hide himself with?;Cardboard Box;Cloaking Device;Metal Crate;Cardboard cut-out;
tdb-1814;Video games;2;What was the main currency in Club Penguin?;Coins;Stamps;Tickets;Gems;
tdb-1815;Science and nature;1;The element involved in making human blood red is which of the following?;Iron;Copper;Iridium;Cobalt;
tdb-1816;Board games;2;What special item did the creators of Cards Against Humanity ship for their Black Friday pack?;Bull Feces;A Card Expansion;A Racist Toy;Cat Urine;
tdb-1818;Computers;2;What is largely considered the precursor to the USB format?;PS/2;SVGA;PCIe;FireWire;
tdb-1820;Film;1;"""The first rule is: you don't talk about it"" is a reference to which movie?";Fight Club;The Island;Unthinkable;American Pie;
tdb-1822;Television;1;"Which company has exclusive rights to air episodes of the ""The Grand Tour""?";Amazon;Netflix;BBC;CCTV;
tdb-1823;Science and nature;1;What is the standard SI unit for mass?;Kilogram;Tonne;Pound;Gram;
tdb-1824;Mythology;2;What is the name of the Greek god of peaceful deaths?;Thanatos;Tartarus;Hades;Moros;
tdb-1825;Books;1;"""Green Eggs And Ham"" is a book by which author?";Dr. Seuss;Beatrix Potter;Roald Dahl;A.A. Milne;
tdb-1826;Video games;2;Which of these symbols can be seen on the shirt of the 1993 video game character, Bubsy T. Bobcat?;An exclamation point;A question mark;The letter B;Nothing;
tdb-1830;Music;1;Who had a 1969 top 5 hit with the song, 'A Boy Named Sue'?;Johnny Cash;Bob Dylan;Willie Nelson;Kris Kristofferson;
tdb-1831;History;3;When was the SS or Schutzstaffel established?;April 4th, 1925;September 1st, 1941;March 8th, 1935;February 21st, 1926;
tdb-1832;Video games;1;In which year was League of Legends released?;2009;2010;2003;2001;
tdb-1834;Film;2;What is Lilo's last name from Lilo and Stitch?;Pelekai;Anoaʻi;Kealoha;Kuʻulei;
tdb-1835;Film;2;Who is revealed to be the villain at the end of the first live action Scooby Doo movie?;Scrappy Doo;Old Man Mason;The Local News Team;Fred;
tdb-1836;Video games;1;What vehicle in PUBG has the highest top speed?;Motorcycle;PG-117;Dacia;Buggy;
tdb-1838;History;2;Which of the following Presidents of the United States was assassinated?;William McKinley;Lyndon Johnson;Chester Arthur;Franklin Roosevelt;
tdb-1840;Gadgets;1;Which of the following is not a type of computer mouse?;Smoothie mouse;Drum mouse;Trackball mouse;Optical mouse;
tdb-1842;Mythology;2;Who is the father of Icarus, who flew too close to the sun?;Daedalus;Minos;Perseus;Zeus;
tdb-1845;Video games;1;What is the name of the playable character in the 2018 video game Deltarune: Chapter 1?;Kris;Frisk;Chara;Gaster;
tdb-1846;Video games;1;"In the ""Worms"" series of video games, which of these weapons is affected by wind?";Bazooka;Grenade;Air Strike;Mortar;
tdb-1847;Computers;3;Dutch computer scientist Mark Overmars is known for creating which game development engine?;Game Maker;Stencyl;Construct;Torque 2D;
tdb-1848;Television;2;Who was the original voice actor of Shaggy Rogers in Scooby-Doo?;Casey Kasem;Dante Basco;Billy West;Frank Welker;
tdb-1849;History;3;From 1940 to 1942, what was the capital-in-exile of Free France?;Brazzaville;Algiers;Paris;Tunis;
tdb-1851;Cartoons;2;"What was the number on Gerald's shirt in ""Hey Arnold!""?";33;88;38;83;
tdb-1853;Video games;3;"In the game ""Super Hang-On"" which is the top speed WITH the use of turbo?";324 km/h;320 km/h;280 km/h;286 km/h;
tdb-1854;Science and nature;2;What causes Lyme disease?;A bacteria;A virus;A parasitic worm;An amoeba;
tdb-1855;Art;2;Who designed the Chupa Chups logo?;Salvador Dali;Pablo Picasso;Andy Warhol;Vincent van Gogh;
tdb-1856;Sport;3;Which year was the third Super Bowl held?;1969;1968;1971;1970;
tdb-1858;Computers;1;When Gmail first launched, how much storage did it provide for your email?;1GB;512MB;5GB;Unlimited;
tdb-1859;Television;2;The fictional movie 'Rochelle, Rochelle' features in which sitcom?;Seinfeld;Frasier;Cheers;Friends;
tdb-1860;Video games;1;Who is the leader of the Brotherhood of Nod in the Command and Conquer series?;Kane;Joseph Stalin;CABAL;Yuri;
tdb-1861;Science and nature;2;What is the study of the cells and tissues of plants and animals?;Histology;Microbiology;Anatomy;Biochemistry;
tdb-1862;Computers;3;"What was the first company to use the term ""Golden Master""?";Apple;IBM;Microsoft;Google;
tdb-1864;Video games;2;What was the first PlayStation game to require the use of the DualShock controller?;Ape Escape;Metal Gear;Tekken;Tomba 2!;
tdb-1865;Science and nature;2;Which chemical element has the lowest boiling point?;Helium;Hydrogen;Neon;Nitrogen;
tdb-1867;Mathematics;3;What is the approximate value of mathematical constant e?;2.72;3.14;1.62;1.41;
tdb-1868;General knowledge;1;What is the famous Papa John's last name?;Schnatter;Chowder;Williams;ANDERSON;
tdb-1869;Music;2;"Who had hits in the 70s with the songs ""Lonely Boy"" and ""Never Let Her Slip Away""?";Andrew Gold;Elton John;Leo Sayer;Barry White;
tdb-1870;Video games;2;In what year was the first eSports competition?;1972;1989;1990;2000;
tdb-1871;Sport;2;Which NBA player has the most games played over the course of their career?;Robert Parish;Kareem Abdul-Jabbar;Kevin Garnett;Kobe Bryant;
tdb-1872;Video games;2;"In ""The Binding of Isaac"", what is the name of the final boss that you fight in The Void?";Delirium;Mega Satan;Hush;The Lamb;
tdb-1875;Comics;1;Which planet did Superman come from?;Krypton;Avalon;Xolnar;Starhaven;
tdb-1876;General knowledge;1;Which chemical element, number 11 in the Periodic table, has the symbol Na?;Sodium;Carbon;Lead;Nitrogen;
tdb-1877;Television;2;In Battlestar Galactica (2004), what is the name of the President of the Twelve Colonies?;Laura Roslin;William Adama;Tricia Helfer;Harry Stills;
tdb-1878;Video games;3;What is the name of the alien species introduced in Shadow the Hedgehog (2005)?;Black Arms;The Swarm;Black Hive;The Eclipse;
tdb-1879;General knowledge;1;What is the name of the Jewish New Year?;Rosh Hashanah;Elul;New Year;Succoss;
tdb-1881;Film;1;Which James Bond film had the theme song written and performed by English singer-songwriter Adele?;Skyfall;Casino Royale;Quantum Solace;Spectre;
tdb-1882;Books;2;"Who wrote the 1967 horror novel ""Rosemary's Baby""?";Ira Levin;Stephen King;Robert Bloch;Mary Shelley;
tdb-1883;Video games;1;Which of the following Pokemon Types was present in the original games, Red and Blue?;Ice;Steel;Dark;Fairy;
tdb-1886;History;1;Which South American country fought Great Britain over the Falkland Islands in 1982?;Argentina;Brazil;Chile;Venezuela;
tdb-1887;Video games;1;"What was the first video game in the Batman ""Arkham"" series?";Arkham Asylum;Arkham Knight;Arkham City;Arkham Origins;
tdb-1888;Geography;3;Which of these cities has a 4° East longitude.;Amsterdam;Rio de Janero;Toronto;Hong Kong;
tdb-1889;Computers;3;What was the name of the first Bulgarian personal computer?;IMKO-1;Pravetz 82;Pravetz 8D;IZOT 1030;
tdb-1891;Film;1;Who plays Alice in the Resident Evil movies?;Milla Jovovich;Madison Derpe;Milla Johnson;Kim Demp;
tdb-1892;Science and nature;1;Human cells typically have how many copies of each gene?;2;1;4;3;
tdb-1894;Science and nature;2;What are the smallest blood vessels in the human body?;Capillaries;Arterioles;Veinules;Lymphatics;
tdb-1896;Geography;1;Which Russian oblast forms a border with Poland?;Kaliningrad;Samara;Nizhny Novgorod;Omsk;
tdb-1897;Science and nature;2;The medical condition osteoporosis affects which part of the body?;Bones;Skin;Brain;Heart;
tdb-1898;Video games;2;"Which one of these ""Mortal Kombat"" characters has been playable in every single mainline game?";Sub-Zero;Raiden;Scorpion;Liu Kang;
tdb-1899;Music;1;How many members are there in the band Nirvana?;Three;Two;Four;Five;
tdb-1901;Music;2;"Who released the 1991 album ""Out of Time""?";R.E.M.;U2;Coldplay;The Rolling Stones;
tdb-1903;Video games;3;In Minecraft, what update did foods like steak become stackable?;Beta 1.8;Alpha 1.2.0;Release 1.12.1;Release 1.7.2;
tdb-1904;General knowledge;2;What does a milliner make and sell?;Hats;Shoes;Belts;Shirts;
tdb-1905;Science and nature;1;The asteroid belt is located between which two planets?;Mars and Jupiter;Jupiter and Saturn;Mercury and Venus;Earth and Mars;
tdb-1906;Television;3;"Prior to working at Wizards of the Coast, ""Mark Rosewater"" was a writer for which show?";Roseanne;Boy Meets World;The X-Files;NYPD Blue;
tdb-1907;Science and nature;3;Folic acid is the synthetic form of which vitamin?;Vitamin B;Vitamin A;Vitamin C;Vitamin D;
tdb-1908;General knowledge;1;The likeness of which president is featured on the rare $2 bill of USA currency?;Thomas Jefferson;Martin Van Buren;Ulysses Grant;John Quincy Adams;
tdb-1909;History;3;When was the city of Rome, Italy founded?;753 BCE;902 BCE;524 BCE;697 BCE;
tdb-1911;History;2;How many times was Albert Einstein married in his lifetime?;Twice;Five;Thrice;Once;
tdb-1913;Music;2;"What French artist/band is known for playing on the midi instrument ""Launchpad""?";Madeon;Daft Punk;Disclosure;David Guetta;
tdb-1914;Celebrities;2;Which television show has Dan Gheesling been on?;Big Brother;Jeopardy;Survivor;The Bachelor;
tdb-1915;Geography;1;The country of Belize borders which country?;Guatemala;Laos;Perú;Kenya;
tdb-1917;Board games;1;How many pieces are there on the board at the start of a game of chess?;32;16;20;36;
tdb-1918;Video games;3;How many total monsters appear in Monster Hunter Generations?;105;100;98;73;
tdb-1919;Film;1;Which of the following movies was not based on a novel by Stephen King?;The Thing;Carrie;Misery;The Green Mile;
tdb-1920;Television;2;In Breaking Bad, the initials W.W. refer to which of the following?;Walter White;William Wolf;Willy Wonka;Wally Walrus;
tdb-1921;Geography;2;What's the first National Park designated in the United States?;Yellowstone;Sequoia;Yosemite;Rocky Mountain;
tdb-1923;Music;2;Which of these is not a member of the virtual band Gorillaz?;Phi Cypher;Murdoc Niccals;Noodle;Russel Hobbs;
tdb-1924;Film;1;Which year was the first official Youtube Rewind released?;2010;2012;2011;2013;
tdb-1926;Geography;2;Where is the world's oldest still operational space launch facility located?;Kazakhstan;Russia;Iran;United States;
tdb-1928;Video games;2;"In the game ""Red Dead Redemption"", what is the name of John Marston's dog?";Rufus;Rutus;Finn;Apollo;
tdb-1929;Sport;2;At which bridge does the annual Oxford and Cambridge boat race start?;Putney;Hammersmith;Vauxhall;Battersea;
tdb-1931;General knowledge;2;Only 9% of US Households owned a television in;1950;1965;1913;1969;
tdb-1933;Geography;2;Which country inside the United Kingdom does NOT appear on its flag, the Union Jack?;Wales;Scotland;Ireland;Isle of Wight;
tdb-1934;Video games;2;"What is the main character's name in ""Braid""?";Tim;Boregard;James;Jackson;
tdb-1936;General knowledge;1;In which fast food chain can you order a Jamocha Shake?;Arby's;McDonald's;Burger King;Wendy's;
tdb-1938;Science and nature;3;Which of these chemical compounds is NOT found in gastric acid?;Sulfuric acid;Hydrochloric acid;Potassium chloride;Sodium chloride;
tdb-1939;Science and nature;2;Which color cannot be produced in Roses, even through genetic alteration?;Blue;Black;Orange;Brown;
tdb-1941;Video games;1;What was the Maximum Level in World of Warcraft: Battle for Azeroth?;120;100;90;150;
tdb-1942;Video games;2;"In the game series ""The Legend of Zelda"", what was the first 3D game?";Ocarina of Time;Majora's Mask;A Link to the Past;The Wind Waker;
tdb-1943;Geography;2;"Where is the ""Sonoran Desert"" located?";North America;South America;Asia;Africa;
tdb-1944;Sport;3;Which city features all of their professional sports teams' jersey's with the same color scheme?;Pittsburgh;New York;Seattle;Tampa Bay;
tdb-1946;Science and nature;1;What is the hottest planet in the Solar System?;Venus;Mars;Mercury;Jupiter;
tdb-1947;Geography;1;What is the capital of the US State of New York?;Albany;Buffalo;New York;Rochester;
tdb-1948;Film;1;"Who is the main antagonist of Christopher Nolan's 2012 film ""The Dark Knight Rises""?";Bane;The Joker;CIA;The Riddler;
tdb-1949;Science and nature;1;Which of these bones is hardest to break?;Femur;Cranium;Humerus;Tibia;
tdb-1950;History;2;In what year did the Berlin Wall fall?;1989;1987;1991;1993;
tdb-1951;Geography;3;Which of these is NOT a real tectonic plate?;Atlantic Plate;North American Plate;Eurasian Plate;Nazca Plate;
tdb-1952;Mythology;3;What immense structure is referred to in Norse Mythology as the Yggdrasil.;Tree;Mountain;Temple;Castle;
tdb-1953;Sport;1;Which country hosted the 2022 FIFA World Cup?;Qatar;USA;Japan;Switzerland;
tdb-1955;Video games;2;What is the name of the protagonist of Life Is Strange?;Max Caulfield;Frank Bowers;Rachel Amber;Kate Marsh;
tdb-1957;Gadgets;2;"Which company designed the ""Betamax"" video cassette format?";Sony;Panasonic;LG;Fujitsu;
tdb-1958;General knowledge;2;In the Morse code, which letter is indicated by 3 dots?;S;O;A;C;
tdb-1959;Board games;1;When was the board game Twister, released to the public?;April 1966;September 1965;January 1969;February 1966;
tdb-1960;Music;2;Grand Theft Autumn/Where Is Your Boy is a song by which band?;Fall Out Boy;Panic! At The Disco;Paramore;Blink-182;
tdb-1961;Books;1;"Who is the author of the ""A Song of Ice and Fire"" book series, starting with ""A Game of Thrones""?";George R. R. Martin;Brandon Sanderson;J. R. R. Tolkien;Steven Erikson;
tdb-1962;Geography;1;What is Russia's second-largest city?;Saint Petersburg;Minsk;Nizhny Novgorod;Vladivostok;
tdb-1963;Video games;3;What animal is on Link's pajamas in The Legend of Zelda: The Wind Waker?;Crawfish;Lobster;Salmon;Swordfish;
tdb-1964;General knowledge;1;What is H2O?;Water;Oxygen;Hydrogen;None;
tdb-1965;Television;2;What is the name of the main antagonists in Battlestar Galactica?;The Cylons;The Collective;The Federation;The Rebels;
tdb-1967;Video games;1;Which of the following was a map that was in Team Fortress 2 at launch?;Gravel Pit;Hoodoo;Gold Rush;Upward;
tdb-1968;Video games;2;In Touhou 12: Undefined Fantastic Object, which of these was not a playable character?;Izayoi Sakuya;Hakurei Reimu;Kirisame Marisa;Kochiya Sanae;
tdb-1969;Video games;2;"In the ""Halo"" franchise, in what country is New Mombasa?";Kenya;India;Turkey;Slovakia;
tdb-1970;Cartoons;2;"In ""My Little Pony: Friendship is Magic"", which of these ponies represents the quality of honesty?";Applejack;Twilight Sparkle;Pinkie Pie;Rarity;
tdb-1973;Geography;2;What is the capital of Senegal?;Dakar;Nouakchott;Conakry;Monrovia;
tdb-1975;Video games;2;"Who is the protagonist of the videogame ""Dead Rising 2""?";Chuck Greene;Nick Ramos;Frank West;Katie Greene;
tdb-1976;Science and nature;1;Which element has the highest melting point?;Carbon;Tungsten;Platinum;Osmium;
tdb-1977;Geography;3;Which of the following is a castle?;Elizabeth Castle;Frank Castle;Richard Castle;Olivia Castle;
tdb-1979;Books;3;In the Magic: The Gathering universe, the Fallen Empires expansion takes place on which continent?;Sarpadia;Otaria;Terisiare;Shiv;
tdb-1980;Music;1;Which of these is the name of a song by Tears for Fears?;Shout;Scream;Yell;Shriek;
tdb-1981;Animals;1;What color is a Steller's Jay?;blue and black;blue and grey;blue and white;grey and black;
tdb-1982;Sport;1;In bowling, what is the term used for getting three consecutive strikes?;Turkey;Flamingo;Birdie;Eagle;
tdb-1983;Music;2;"Irish musician Hozier released a music track in 2013 titled, ""Take Me to ______""";Church;Mosque;Synagogue;Temple;
tdb-1984;Computers;2;In HTML, which non-standard tag used to be be used to make elements scroll across the viewport?;<marquee></marquee>;<scroll></scroll>;<move></move>;<slide></slide>;
tdb-1985;Video games;1;In Undertale, what's the prize for answering correctly?;More questions;New car;Mercy;Money;
tdb-1986;Video games;3;What is the name of the alligator in Where's My Water?;Swampy;Cranky;Crocky;Justice;
tdb-1987;Science and nature;2;What is the atomic number of the element Strontium?;38;73;47;11;
tdb-1988;General knowledge;2;Which of the following correctly describes Japanese word order?;Subject Object Verb;Subject Verb Object;Verb Subject Object;Verb Object Subject;
tdb-1989;Video games;3;"Which day in ""Papers, Please"" does the man in red appear?";Day 23;Day 20;Day 17;Day 15;
tdb-1990;Computers;2;What is the number of keys on a standard Windows Keyboard?;104;64;94;76;
tdb-1991;Video games;1;Which Kirby game first introduced Copy Abilities?;Kirby's Adventure;Kirby Super Star;Kirby's Dream Land 2;Kirby's Dream Land;
tdb-1992;History;3;What was the name of the German offensive operation in October 1941 to take Moscow before winter?;Operation Typhoon;Operation Sunflower;Operation Barbarossa;Case Blue;
tdb-1993;Books;1;What is the name of the fourth book in Stephen King's The Dark Tower series?;Wizard and Glass;Wolves of the Calla;Hearts in Atlantis;The Dark Half;
tdb-1994;Music;2;"Which member of the British pop group ""The Spice Girls"" was known as Ginger Spice?";Geri Halliwell;Melanie Brown;Emma Bunton;Victoria Beckham;
tdb-1995;Television;3;"In ""It's Always Sunny in Philadelphia"" what was the name of Frank's wrestling persona?";The Trash Man;Bird of War;Day Man;The Maniac;
tdb-1996;Video games;1;In which year did the orignal Sims game release?;2000;2001;1999;1998;
tdb-1997;Music;2;Who sung the opening theme song to the 1995 James Bond film 'Goldeneye'?;Tina Turner;Shirley Bassey;Sheryl Crow;Madonna;
tdb-1998;Film;1;"Which of the following was not one of ""The Magnificent Seven""?";Clint Eastwood;Steve McQueen;Charles Bronson;Robert Vaughn;
tdb-1999;Music;2;What country did Shirley Bassey originate from?;Wales;America;England;Canada;
tdb-2000;Animals;3;To which biological phylum do all mammals, birds and reptiles belong?;Chordata;Echinodermata;Annelida;Placazoa;
tdb-2002;Animals;1;The Kākāpō is a large, flightless, nocturnal parrot native to which country?;New Zealand;South Africa;Australia;Madagascar;
tdb-2003;Vehicles;2;Which car brand does NOT belong to General Motors?;Ford;Buick;Cadillac;Chevrolet;
tdb-2004;History;1;In what year was the M1911 pistol designed?;1911;1907;1899;1917;
tdb-2005;Cartoons;1;"In the Pixar film, ""Toy Story"" what was the name of the child who owned the toys?";Andy;Edward;Danny;Matt;
tdb-2006;Mythology;2;What is the name of the wildman that Gilgamesh befriends and goes on adventures with?;Enkidu;Ishtar;Inanna;Agga;
tdb-2008;Sport;2;Which car manufacturer won the 2016 24 Hours of Le Mans?;Porsche;Toyota;Audi;Ferrari;
tdb-2009;Geography;1;What name was historically used for the Turkish city currently known as Istanbul?;Constantinople;Hüdavendigar;Söğüt;Adrianople;
tdb-2010;Board games;1;What is the maximum level you can have in a single class in Dungeons and Dragons (5e)?;20;30;15;25;
tdb-2011;History;2;Which of the following ancient Near Eastern peoples still exists as a modern ethnic group?;Assyrians;Babylonians;Hittites;Elamites;
tdb-2012;Music;2;Which of the Beatles band members is barefoot on the front cover of the 'Abbey Road' album?;Paul McCartney;Ringo Starr;George Harrison;John Lennon;
tdb-2013;Mathematics;1;How many sides does a heptagon have?;7;5;4;9;
tdb-2014;Comics;3;Which pulp hero made appearances in Hellboy and BPRD comics before getting his own spin-off?;Lobster Johnson;Roger the Homunculus;The Spider;The Wendigo;
tdb-2015;Video games;1;Which race in Guild Wars 2 believes in the Eternal Alchemy?;Asura;Humans;Norn;Charr;
tdb-2016;Anime and manga;1;What is the age of Ash Ketchum in Pokemon when he starts his journey?;10;11;12;9;
tdb-2017;History;2;"Which British monarch was also known as ""William of Orange""?";William III;William I;William II;William IV;
tdb-2018;Video games;2;Who composed the soundtrack for the game VVVVVV?;Magnus Pålsson;Terry Cavanagh;Danny Baranowsky;Joel Zimmerman;
tdb-2019;Film;1;"In the 2012 film, ""The Lorax"", who is the antagonist?";Aloysius O'Hare;Ted Wiggins;The Once-Ler;Grammy Norma;
tdb-2020;Musicals and theatre;3;In Macbeth, the eyes of what animals were used in the Witches' cauldron?;Newts;Humans;Sharks;Squids;
tdb-2022;Science and nature;3;What was the first organic compound to be synthesized from inorganic compounds?;Urea;Propane;Ethanol;Formaldehyde;
tdb-2023;Television;1;When did the TV show Rick and Morty first air on Adult Swim?;2013;2014;2016;2015;
tdb-2024;History;2;Who is attributed credit for recording the epic poem The Odyssey?;Homer;Aristotle;Odysseus;Socrates;
tdb-2025;Geography;3;What is the most populous Muslim-majority nation in 2010?;Indonesia;Saudi Arabia;Iran;Sudan;
tdb-2026;History;2;What year was the Italian firearms manufacturer Beretta founded?;1526;1776;1923;1998;
tdb-2027;Music;3;Who was the original drummer for The Beatles?;Tommy Moore;Ringo Starr;Stuart Sutcliffe;Pete Best;
tdb-2029;Celebrities;1;Gwyneth Paltrow has a daughter named...?;Apple;Lily;French;Dakota;
tdb-2030;Video games;2;What was the first .hack game?;.hack//Infection;.hack//Zero;.hack//Sign;.hack//Liminality;
tdb-2031;General knowledge;2;Which country has the most Trappist breweries?;Belgium;Netherlands;France;USA;
tdb-2032;Video games;3;In Rainbow 6 Siege, what is Ela and Zofia's last name?;Bosak;Kessikbayev;Zenaviev;Melnikova;
tdb-2033;Music;2;Who is the singer for Fall Out Boy?;Patrick Stump;Brendon Urie;Pete Wentz;Gary Lee Weinrib;
tdb-2036;History;2;When did Norway get its constitution?;1814;1932;1905;1854;
tdb-2037;General knowledge;2;Which item of clothing is usually worn by a Scotsman at a wedding?;Kilt;Skirt;Dress;Rhobes;
tdb-2039;Film;1;Which of the following actors has only been in a Quentin Tarantino directed film once?;John Travolta;Christoph Waltz;Harvey Keitel;Samuel L. Jackson;
tdb-2041;Video games;2;"Which one of these nations was added to Civilization V with the ""Gods & Kings"" expansion?";The Netherlands;The Zulu;The Ottomans;The Kongo;
tdb-2042;Celebrities;2;Which American celebrity died in 1977 playing golf in La Moraleja, Madrid?;Bing Crosby;Elvis Presley;Charlie Chaplin;Groucho Marx;
tdb-2043;Video games;2;"In ""Super Mario World 2: Yoshi's Island"", which of these colors is NOT represented by a Yoshi?";White;Purple;Brown;Red;
tdb-2044;Comics;2;What was the name of the first Robin in the Batman comics?;Dick Grayson;Bruce Wayne;Jason Todd;Tim Drake;
tdb-2045;History;1;When is the Ides of March?;March 15;March 14;March 31;March 1;
tdb-2046;General knowledge;1;The Quran is the holy book of which Abrahamic religion?;Islam;Christianity;Judaism;Rastafarianism;
tdb-2047;Mythology;2;Hera is god of...;Marriage;Agriculture;Sea;War;
tdb-2048;History;1;"The ""Trail of Tears"" was a result of which United States President's Indian Removal Policy?";Andrew Jackson;Harry S. Truman;Martin Van Buren;John Quincy Adams;
tdb-2049;Science and nature;1;What is the unit of electrical resistance?;Ohm;Mho;Tesla;Joule;
tdb-2051;Sport;2;Which Formula One driver was nicknamed 'The Professor'?;Alain Prost;Ayrton Senna;Niki Lauda;Emerson Fittipaldi;
tdb-2054;Board games;3;In standard Monopoly, what's the rent if you land on Park Place with no houses?;$35;$30;$50;$45;
tdb-2055;Video games;2;What is Solid Snake's real name?;David;Solid Snake;John;Huey;
tdb-2056;Anime and manga;2;"Who is the creator of the manga series ""One Piece""?";Eiichiro Oda;Yoshihiro Togashi;Hayao Miyazaki;Masashi Kishimoto;
tdb-2057;Science and nature;2;Who developed the first successful polio vaccine in the 1950s?;Jonas Salk;John F. Enders;Thomas Weller;Frederick Robbins;
tdb-2058;General knowledge;3;Originally another word for poppy, coquelicot is a shade of what?;Red;Green;Blue;Pink;
tdb-2060;Music;2;The 'In the Flesh' tour was used in support of what Pink Floyd album?;Animals;The Wall;Wish You Were Here;The Final Cut;
tdb-2061;Video games;2;Which company developed and published Game Dev Tycoon?;Greenheart Games;Greenland Games;The Tycoonists;MomCorp;
tdb-2062;Art;2;Which one of these colors are not featured in Mondrian's Broadway Boogie-Woogie?;Green;Blue;Yellow;Red;
tdb-2063;Cartoons;1;Who voices for Ruby in the animated series RWBY?;Lindsay Jones;Tara Strong;Jessica Nigri;Hayden Panettiere;
tdb-2064;General knowledge;2;Frank Lloyd Wright was the architect behind what famous building?;The Guggenheim;Villa Savoye;Sydney Opera House;The Space Needle;
tdb-2065;Geography;2;In which English county is Stonehenge?;Wiltshire;Somerset;Cumbria;Herefordshire;
tdb-2066;Books;1;"What was the name of Captain Nemo's submarine in ""20,000 Leagues Under the Sea""?";The Nautilus;The Neptune;The Poseidon;The Atlantis;
tdb-2067;History;1;In what year did the nuclear power plant in Chernobyl melt down?;1986;1991;1975;1998;
tdb-2068;Video games;1;In what city in the dystopia alternate future of Half-Life 2 do you first start in?;City 17;City 18;City 6;City 45;
tdb-2070;Sport;2;Who was the topscorer for England national football team?;Wayne Rooney;David Beckham;Steven Gerrard;Michael Owen;
tdb-2071;Geography;2;What is the state capital of South Dakota?;Pierre;Sioux Falls;Rapid City;Watertown;
tdb-2072;Anime and manga;2;"In ""One Piece"", which one of the following is NOT an Ancient Weapon?";Jupiter;Uranus;Poseidon;Pluton;
tdb-2073;Television;1;In which state of America was the Fresh Prince of Bel-Air born and raised in?;Pennsylvania;Florida;California;New Jersey;
tdb-2074;Science and nature;2;Gannymede is the largest moon of which planet?;Jupiter;Uranus;Neptune;Mars;
tdb-2075;Books;1;What was the first ever entry written for the SCP Foundation collaborative writing project?;SCP-173;SCP-001;SCP-999;SCP-1459;
tdb-2076;Television;2;Who was the first Big Brother US winner to win with a perfect game?;Dan Gheesling;Ian Terry;Jordan Lloyd;Rachael Reilly;
tdb-2077;General knowledge;2;Whose greyscale face is on the kappa emoticon on Twitch?;Josh DeSeno;Justin DeSeno;John DeSeno;Jimmy DeSeno;
tdb-2078;Music;1;Which Canadian reggae musician had a 1993 hit with the song 'Informer'?;Snow;Rain;Hail;Sleet;
tdb-2079;Computers;1;What programming language was GitHub written in?;Ruby;JavaScript;Python;Lua;
tdb-2081;Geography;2;What is the official language of Bhutan?;Dzongkha;Ladakhi;Karen;Groma;
tdb-2082;General knowledge;1;"What is the French word for ""fish""?";poisson;fiche;escargot;mer;
tdb-2083;Computers;2;Which operating system was released first?;Mac OS;Windows;Linux;OS/2;
tdb-2084;Anime and manga;1;"What year did ""Attack on Titan"" first air?";2013;2014;2012;2015;
tdb-2085;Geography;2;Which of these countries is not written in its native language?;Slovaško;Suomi;Schweiz;Elláda;
tdb-2087;Sport;3;In Canadian football, scoring a rouge is worth how many points?;1;2;3;4;
tdb-2088;Anime and manga;2;"Which of the stands from ""JoJo's Bizarre Adventure"" mimics the likeness of a tomato?";Pearl Jam;Red Hot Chili Pepper;Cream Starter;Nut King Call;
tdb-2089;Video games;2;"In the video game ""Closers Online: Dimension Conflict"", who is the administrator of team Wildhüter?";Alice Wiseman;Kim Yujung;Wolfgang Schneider;Hong Siyoung;
tdb-2090;Music;2;What was David Bowie's real surname?;Jones;Johnson;Edwards;Carter;
tdb-2091;Video games;2;In Splatoon, what is the age that inklings can freely change between squid and humanoid forms?;14;13;16;10;
tdb-2092;Mythology;2;A minotaur is half human half what?;Bull;Cow;Horse;Eagle;
tdb-2093;Film;2;Who voiced the character Draco in the 1996 movie 'DragonHeart'?;Sean Connery;Dennis Quaid;Pete Postlethwaite;Brian Thompson;
tdb-2094;Board games;3;Which Pokemon is #39 in the National Pokedex?;Jigglypuff;Pikachu;Psyduck;Fearow;
tdb-2095;Mathematics;2;What Greek letter is used to signify summation?;Sigma;Delta;Alpha;Omega;
tdb-2096;Geography;2;What is the capital of Laos?;Vientiane;Tarawa;Vaduz;Tegucigalpa;
tdb-2097;History;2;Which Louis was known as 'The Sun King of France'?;Louis XIV;Louis XIII;Louis XV;Louis XVI;
tdb-2099;Film;2;Which of the following films was NOT directed by Quentin Tarantino?;From Dusk till Dawn;Jackie Brown;Pulp Fiction;Reservoir Dogs;
tdb-2100;Science and nature;2;After which Danish city is the 72th element on the periodic table named?;Copenhagen;Odense;Herning;Skagen;
tdb-2101;Geography;2;What is the largest lake in the African continent?;Lake Victoria;Lake Tanganyika;Lake Malawi;Lake Turkana;
tdb-2104;Video games;2;"The first game in the Touhou Project, ""Highly Responsive to Prayers"", is part of which genre?";Breakout/Arkanoid;Shoot 'em Up;Puzzle;Fighter;
tdb-2105;General knowledge;3;Which of these Indian languages is not part of the Indo-European language family?;Tamil;Hindi;Punjabi;Urdu;
tdb-2106;Celebrities;2;Donald J. Trump's Middle Name is...;John;Jeff;Jerald;Jason;
tdb-2108;Music;2;Which one of these Rammstein songs has two official music videos?;Du Riechst So Gut;Du Hast;Benzin;Mein Teil;
tdb-2109;Anime and manga;2;"The character Momonga from the ""Overlord"" series orders his servants to call him by what name?";Ainz Ooal Gown;Master;Yggdrasil;Kugane Maruyama;
tdb-2110;Film;1;In Avengers: Infinity War, the Reality Stone (aka the Aether) was kept under safe possession by who?;The Collector;Doctor Strange;The Grandmaster;Scarlet Witch;
tdb-2111;Film;1;"What is the name of the island that ""Jurassic Park"" is built on?";Isla Nublar;Isla Sorna;Isla Muerta;Isla Pena;
tdb-2113;General knowledge;1;What company developed the vocaloid Hatsune Miku?;Crypton Future Media;Sega;Sony;Yamaha Corporation;
tdb-2114;Television;3;"Which country does the YouTuber ""SinowBeats"" originate from?";Scotland;England;Sweden;Germany;
tdb-2115;Sport;2;What is the exact length of one non-curved part in Lane 1 of an Olympic Track?;84.39m;100m;100yd;109.36yd;
tdb-2118;Computers;1;What is the most preferred image format used for logos in the Wikimedia database?;.svg;.png;.jpeg;.gif;
tdb-2119;Video games;1;What is the last name of the primary female protagonist of Final Fantasy VIII?;Heartilly;Loire;Almasy;Trepe;
tdb-2120;Books;2;What is the name of the author of book series 'Percy Jackson'?;Rick Riordan;J.K. Rowling;Sandra Bullock;Roald Dahl;
tdb-2121;Science and nature;2;What is the scientific term for 'taste'?;Gustatory Perception;Olfaction;Somatosensation;Auditory Perception;
tdb-2122;Video games;2;Which soccer player is featured on the cover of EA Sport's FIFA 18?;Cristiano Ronaldo;Lionel Messi;Neymar;Harry Kane;
tdb-2123;History;3;Which of the following Physicists aided Nazi Germany in their production of a nuclear weapon?;Werner Heisenberg;John von Neumann;Albert Einstein;Max Planck;
tdb-2124;Video games;2;"Which German city does the map ""Clubhouse"" in ""Tom Clancy's Rainbow Six Siege"" take place in?";Hannover;Berlin;Hamburg;Munich;
tdb-2125;General knowledge;2;In 2013 how much money was lost by Nigerian scams?;$12.7 Billion;$95 Million;$956 Million;$2.7 Billion;
tdb-2126;Anime and manga;1;In Ms. Kobayashi's Dragon Maid, who is Kobayashi's maid?;Tohru;Lucoa;Kanna;Elma;
tdb-2127;Politics;1;Who was the 45th President of the United States?;Donald Trump;Barack Obama;Bill Clinton;George Bush;
tdb-2128;Music;1;Which country does the band Rammstein hail from?;Germany;Austria;Armenia;Belgium;
tdb-2129;Television;2;Which of these television shows makes everyone look under their chair?;Oprah;Jimmy Fallon;Saturday Night Live;Larry Rubert;
tdb-2130;Sport;2;What was Sir Donald Bradman's batting average in test matches?;99.94;100;69.51;44.78;
tdb-2131;Television;1;"Who played Agent Fox Mulder in the TV sci-fi drama ""The X-Files""?";David Duchovny;Gillian Anderson;Robert Patrick;Mitch Pileggi;
tdb-2132;Video games;1;"In ""Undertale"", how many main endings are there?";3;2;5;13;
tdb-2133;Sport;2;What is the oldest team in the NFL?;Arizona Cardinals;Chicago Bears;Green Bay Packers;New York Giants;
tdb-2135;Video games;2;What was the name of the Secret Organization in the Hotline Miami series?;50 Blessings;American Blessings;50 Saints;USSR's Blessings;
tdb-2136;Books;3;What is Hermione Granger's middle name?;Jean;Jane;Emma;Jo;
tdb-2137;History;2;Where was Abraham Lincoln when he was assassinated by John Wilkes Booth in 1865?;At the theatre;On a boat;On his horse;In bed;
tdb-2138;Video games;2;"Which of these characters does not appear in ""Nier: Automata""?";A1;A2;9S;2B;
tdb-2139;Video games;1;Who is the main character of the game Half-Life: Opposing Force?;Adrian Shephard;Gordon Freeman;Alyx Vance;Barney Calhoun;
tdb-2141;Sport;2;Which player has scored the most goals in the England Premier League (EPL)?;Alan Shearer;Wayne Rooney;Lionel Messi;Didier Drogba;
tdb-2143;Science and nature;2;What is the colour of unoxidized blood?;Red;Blue;Purple;Green;
tdb-2146;Sport;2;What year was hockey legend Wayne Gretzky born?;1961;1965;1959;1963;
tdb-2147;Video games;2;Who is the main villain of the Crash Bandicoot series?;Dr. Neo Cortex;Dr. Evo-Cortex;Dr. Cortox;Sir Cartex;
tdb-2149;History;2;America's Strategic Defense System during the Cold War was nicknamed after this famous movie.;Star Wars;Jaws;Blade Runner;Alien;
tdb-2150;Geography;2;How many independent countries are there within the continent of South America?;12;8;9;10;
tdb-2151;Video games;2;"In ""Warhammer: End Times - Vermintide"", what is the name of the rat faction you fight in the game?";Skaven;Ratmen;The Horde;Chaos;
tdb-2152;Cartoons;2;"Who created ""RWBY""?";Monty Oum;Miles Luna;Kerry Shawcross;Shane Newville;
tdb-2153;Video games;1;Who is the main protagonist in the 'Ratchet and Clank' game series?;Ratchet;Clank;Captin Qwark;Dr Nefarious;
tdb-2154;Comics;3;"In the webcomic ""Ava's Demon"", what sin is ""Nevy Nervine"" based off of?";Envy;Sloth;Wrath;Lust;
tdb-2155;Geography;3;What is the capital of Burkina Faso?;Ouagadougou;Yaoundé;Yamoussoukro;Abidjan;
tdb-2156;Sport;3;Which of these European cities was the first to host the modern Summer Olympic Games three times?;London;Paris;Athens;Rome;
tdb-2158;Sport;3;Etihad Stadium is the home stadium for which team?;Manchester City;Manchester United;Arsenal;Blackpool;
tdb-2161;Video games;1;In which series of games do you collect souls to empower you and buy weaponry and armor with?;Souls;Final Fantasy;Monster Hunter;The Legend of Zelda;
tdb-2162;Television;2;What was Nickelodeon's original name?;Pinwheel;MTVKids;KidsTV;Splat!;
tdb-2166;Cartoons;1;"Who created the Cartoon Network series ""Regular Show""?";J. G. Quintel;Ben Bocquelet;Pendleton Ward;Rebecca Sugar;
tdb-2169;Celebrities;2;Who out of these actresses is the youngest?;Kiernan Shipka;Ariel Winter;Emma Watson;Bonnie Wright;
tdb-2170;Film;2;"What year did the movie ""Napoleon Dynamite"" come out?";2004;2002;2003;2005;
tdb-2171;Mathematics;3;How many Millibars (mbar) to 1 Inch of Mercury (inHg);33.9;30.0;27.4;10.6;
tdb-2173;History;3;In what year did the Battle of Verdun take place?;1916;1917;1915;1918;
tdb-2174;History;3;The Hagia Sophia was commissioned by which emperor of the Byzantine Empire?;Justinian I;Constantine IV;Arcadius;Theodosius the Great;
tdb-2175;Video games;2;"What is the perk that was introduced in the ""Call Of Duty: Zombies"" map, ""Mob Of The Dead""?";Electric Cherry;Quick Revive;Vulture Aid;Tombstone;
tdb-2176;Art;1;Who painted the Mona Lisa?;Leonardo da Vinci;Pablo Picasso;Claude Monet;Vincent van Gogh;
tdb-2177;Science and nature;2;Which psychological term refers to the stress of holding contrasting beliefs?;Cognitive Dissonance;Flip-Flop Syndrome;Split-Brain;Blind Sight;
tdb-2178;General knowledge;1;What is the shape of the toy invented by Hungarian professor Ernő Rubik?;Cube;Sphere;Cylinder;Pyramid;
tdb-2180;Video games;2;"Which one of the following actors did not voice a character in ""Saints Row: The Third""?";Ron Jeremy;Sasha Grey;Burt Reynolds;Hulk Hogan;
tdb-2181;Cartoons;1;Who was the villain of ''The Lion King''?;Scar;Fred;Jafar;Vada;
tdb-2182;Computers;1;This mobile OS held the largest market share in 2012.;iOS;Android;BlackBerry;Symbian;
tdb-2183;History;2;After his loss at the Battle of Waterloo, Napoleon Bonaparte was exiled to which island?;St. Helena;Elba;Corsica;Canary;
tdb-2184;Film;1;When was the movie 'Con Air' released?;1997;1985;1999;1990;
tdb-2185;Gadgets;2;"What is the ""Mitsubishi Wakamaru""?";A robot;A pickup truck;An motorcycle;A motorboat;
tdb-2186;Television;1;"On the NBC show Community, whose catch-phrase was ""Pop! Pop!""?";Magnitude;Star Burns;Leonard;Senoir Chang;
tdb-2188;Science and nature;3;What is the molecular formula of Glucose?;C6H12O6;C2H4O2;K+;CH4;
tdb-2189;Television;2;Who was Firestorm's rival during the original run of UK Robot Wars?;Panic Attack;Razer;Chaos 2;Hypno Disc;
tdb-2190;Board games;3;In Magic: The Gathering, what term for blocking was established in the Portal set?;Intercepting;Blocking;Resisting;Shielding;
tdb-2191;Television;2;Which boxing personality was one of the presenters in the 1999 revival of It's a Knockout?;Frank Bruno;Henry Cooper;Muhammad Ali;Joe Fraiser;
tdb-2192;Television;1;"The ""Psycho"" series of videos on YouTube was created by which of the following?";RiDGiD STUDiOS;Dan Bell;Billy Familia;VeganGainz;
tdb-2193;Video games;2;"Which Crypt of the NecroDancer (2015) character has a soundtrack by Jake ""Virt"" Kaufman?";Uncle Eli;Cadence;Nocturna;Octavian (Bard);
tdb-2194;Television;2;In the Doctor Who universe, how many times can a time lord normally regenerate?;12;11;13;15;
tdb-2195;Video games;1;"TF2: What code does Soldier put into the door keypad in ""Meet the Spy""?";1111;1432;1337;No code;
tdb-2196;Anime and manga;2;"In the anime, ""Super Sonico"", what is Super Sonico's favorite food?";Macroons;Ice Cream;Pizza;Chips;
tdb-2197;Video games;2;"In the ""Pikmin"" series, what is the only pikmin type to possess visible ears?";Yellow;Red;White;Winged;
tdb-2198;Video games;1;In the game Battleblock Theater, what was the name of the voice actor who voiced the narrator?;Will Stamper;Steve Blum;Richard Epcar;Yuri Lowenthal;
tdb-2200;General knowledge;1;What do sailors call the left side of a boat?;Port;Starboard;Bow;Stern;
tdb-2201;General knowledge;2;Astraphobia is the irrational fear of what?;Thunder;Rain;Wind;Snow;
tdb-2202;Gadgets;2;Which company manufactured the iconic TR-808 drum machine?;Roland;Technics;Korg;Casio;
tdb-2204;General knowledge;2;Which of the following carbonated soft drinks were introduced first?;Dr. Pepper;Coca-Cola;Sprite;Mountain Dew;
tdb-2205;Television;2;"Which WWF wrestler had the nickname ""The Ayatollah of Rock 'N' Rolla""?";Chris Jericho;Marty Jannetty;Scott Hall;Shawn Michaels;
tdb-2206;Comics;2;In Calvin and Hobbes, what is the name of the babysitter's boyfriend?;Charlie;Dave;Charles;Nathaniel;
tdb-2207;Geography;3;Where is the city of Haarlem located?;The Netherlands;Germany;United States;Switzerland;
tdb-2209;Video games;2;Which CS:GO eSports team won the major event ESL One Cologne 2016?;SK Gaming;Team Liquid;Fnatic;Virtus.pro;
tdb-2210;Anime and manga;2;What year did the popular Vocaloid: Hatsune Miku come out?;2007;2000;2008;2010;
tdb-2211;History;1;The original Roman alphabet lacked the following letters EXCEPT:;X;W;U;J;
tdb-2212;Mathematics;2;In the hexadecimal system, what number comes after 9?;The Letter A;10;The Number 0;16;
tdb-2213;Computers;1;How many values can a single byte represent?;256;8;1;1024;
tdb-2215;Music;1;"Who was featured in the song ""Words"" by Feint?";Laura Brehm;Anna Yvette;Danyka Nadeau;Veela;
tdb-2216;Music;2;"Which country does the electronic music duo ""The Knife"" originate from?";Sweden;Finland;Denmark;Norway;
tdb-2217;Music;2;What is the name of the second studio album released by American rapper Post Malone in 2018?;Beerbongs & Bentleys;Takin' Shots;Rockstar;Better Now;
tdb-2218;Video games;1;"In the video game Overwatch, which playable character is infamous for saying ""It's high noon.""?";McCree;Hanzo;Pharah;Soldier: 76;
tdb-2220;Comics;2;Who was the first American Vampire (Scott Snyder's American Vampire)?;Skinner Sweet;Hattie Hargrove;Pearl Jones;"James ""Jim"" Book";
tdb-2221;Sport;2;With which team did Michael Schumacher make his Formula One debut at the 1991 Belgian Grand Prix?;Jordan;Benetton;Ferrari;Mercedes;
tdb-2222;Anime and manga;1;Who is the main character with yellow hair in the anime Naruto?;Naruto;Ten Ten;Sasuke;Kakashi;
tdb-2224;Video games;2;Without enchantments, which pickaxe in minecraft mines blocks the quickest.;Golden;Diamond;Iron;Obsidian;
tdb-2225;Geography;2;How tall is One World Trade Center in New York City?;1,776 ft;1,888 ft;1,225 ft;1,960 ft;
tdb-2226;Video games;2;What is the name of the child performing the Black Sacrament, in The Elder Scrolls V: Skyrim?;Aventus Aretino;Proventus Avenicci;Aval Atheron;Arngeir;
tdb-2227;General knowledge;1;Who is the author of Jurassic Park?;Michael Crichton;Peter Benchley;Chuck Paluhniuk;Irvine Welsh;
tdb-2228;Music;2;'We Built This City' was a number one hit for which American rock band in 1985?;Starship;Kansas;Jefferson Airplane;Aerosmith;
tdb-2229;Video games;1;"What is the Alien Race in the game ""Lego Racers 2"" known as?";Ramas;Slizers;Roboriders;Turagas;
tdb-2230;Science and nature;3;Which Landsat Satellite failed to reach orbit?;Landsat 6;Landsat 5;Landsat 4;Landsat 3;
tdb-2231;Comics;3;What are the Three Virtues of Bionicle?;Unity, Duty, Destiny;Build, Play, Change;Work, Play, Live;Forge, Build, Fight;
tdb-2232;Television;3;In Star Trek, what is the name of Spock's father?;Sarek;Tuvok;T'Pal;Surak;
tdb-2233;Video games;3;In Xenoblade Chronicles X, which class has a sniper rifle as it's primary weapon?;Partisan Eagle;Blast Fencer;Winged Viper;Bastion Warrior;
tdb-2234;Music;2;What M83 was featured in Grand Theft Auto V's radio?;Midnight City;Outro;Reunion;Wait;
tdb-2235;Computers;2;What is the name of the default theme that is installed with Windows XP?;Luna;Neptune;Whistler;Bliss;
tdb-2236;Video games;2;"What was the code name for the ""Nintendo Gamecube""?";Dolphin;Nitro;Revolution;Atlantis;
tdb-2238;General knowledge;1;Which best selling toy of 1983 caused hysteria, resulting in riots breaking out in stores?;Cabbage Patch Kids;Transformers;Care Bears;Rubik's Cube;
tdb-2239;Cartoons;2;What is the standard frame rate for animation?;24 FPS;12 FPS;30 FPS;60 FPS;
tdb-2240;General knowledge;3;"In ""Battle Cats"", what is Moneko / MISS Moneko's critical percentage rate?";15%;20%;10%;25%;
tdb-2241;General knowledge;2;According to the BBPA, what is the most common pub name in the UK?;Red Lion;Royal Oak;White Hart;King's Head;
tdb-2243;Computers;2;"When did the online streaming service ""Mixer"" launch?";2016;2013;2009;2011;
tdb-2244;Video games;3;How many partners can you obtain in Paper Mario: The Thousand-Year Door?;7;6;9;10;
tdb-2247;Video games;1;"The football video game series ""Pro Evolution Soccer"" is developed by which company?";Konami;Square Enix;Electronic Arts;THQ;
tdb-2248;Sport;2;Which nation hosted the FIFA World Cup in 2006?;Germany;United Kingdom;Brazil;South Africa;
tdb-2249;Music;2;From which country does the piano originate?;Italy;Germany;Austria;France;
tdb-2250;Film;3;Who Voices the Devil on Devil's Flight in Final Destination 3?;Tony Todd;Wendy Christensen;Ian McKinley;Kevin Fischer;
tdb-2251;Anime and manga;2;In JoJo's Bizarre Adventure, which character is able to accelerate time?;Enrico Pucci;Jotaro Kujo;Jolyne Cujoh;Kujo Jotaro;
tdb-2253;Mathematics;1;What type of angle is greater than 90°?;Obtuse;Acute;Right;Straight;
tdb-2254;Video games;2;Which game is NOT part of the Science Adventure series by 5pb. and Nitroplus?;"Occultic; Nine";"Steins; Gate";"Robotics; Notes";"Chaos; Child";
tdb-2255;Video games;1;Which of the following is NOT a Nintendo game console?;Dreamcast;SNES;Wii;Switch;
tdb-2256;Music;3;"Björk's ""Unison"" contains a sample of which Oval song?";Aero Deck;Textuell;Panorama;Do While;
tdb-2257;Video games;2;"In ""Overwatch"", how much health does Roadhog's ""Take a Breather"" ability recover?";300;100;200;400;
tdb-2258;Video games;3;In the game Warframe, what is the type of fish that is known to eat unwary natives of Cetus?;Sharrac;Glappid;Karkina;Mawfish;
tdb-2259;Video games;1;Which of the following is NOT one of the main characters in Grand Theft Auto V's story mode?;Tommy Vercetti;Michael de Santa;Franklin Clinton;Trevor Phillips;
tdb-2260;General knowledge;3;Named after the mallow flower, mauve is a shade of what?;Purple;Red;Brown;Pink;
tdb-2262;History;1;Who was the Prime Minister of Japan when Japan declared war on the US?;Hideki Tojo;Michinomiya Hirohito;Isoroku Yamamoto;Fumimaro Konoe;
tdb-2263;Film;1;"Who starred as Bruce Wayne and Batman in Tim Burton's 1989 movie ""Batman""?";Michael Keaton;George Clooney;Val Kilmer;Adam West;
tdb-2268;Anime and manga;2;"In ""Puella Magi Madoka Magica"", what is the first name of Madoka's younger brother?";Tatsuya;Montoya;Tomohisa;Minato;
tdb-2270;Vehicles;3;Which one of the following is NOT a sub-company of the Volkswagen Group?;Opel;Porsche;Bugatti;Bentley;
tdb-2272;Anime and manga;2;The main protagonist of the fourth part of JoJo's Bizarre Adventure is which of the following?;Josuke Higashikata;Yoshikage kira;Koichi Hirose;Joey JoJo;
tdb-2273;Music;2;"Which of these songs is not on the ""untitled"" album by Led Zeppelin?";Celebration Day;Stairway to Heaven;Black Dog;Rock and Roll;
tdb-2274;Video games;2;Which of these games was NOT a Nintendo Switch launch title in the United States?;Voez;Just Dance 2017;Snipperclips;Fast RMX;
tdb-2275;Video games;3;The Bracken from Lethal Company is also known as:;The Flower Man;The Phantom;The Shadow Demon;Larry;
tdb-2277;Geography;1;In which Indian city can the Taj Mahal be found?;Agra;Mumbai;Faridabad;Thane;
tdb-2278;Cartoons;1;"In the show ""Foster's Home For Imaginary Friends"", which character had an obsession with basketball?";Wilt;Coco;Mac;Cheese;
tdb-2279;Sport;2;How many scoring zones are there on a conventional dart board?;82;62;42;102;
tdb-2281;Video games;1;What was the name of the protagonist in Portal and Portal 2?;Chell;Mel;Chloe;Christine;
tdb-2282;History;2;Which Apollo mission was the last one in NASA's Apollo program?;Apollo 17;Apollo 13;Apollo 11;Apollo 15;
tdb-2283;Animals;3;What is the name of the copper-rich protein that creates the blue blood in the Antarctic octopus?;Hemocyanin;Cytochrome;Iron;Methionine;
tdb-2284;Sport;1;How many points did LeBron James score in his first NBA game?;25;19;69;41;
tdb-2285;Film;1;Who is the main protagonist in, the 1985 film, Back to the Future?;Marty McFly;"Emmett ""Doc"" Brown";Biff Tannen;George McFly;
tdb-2286;Science and nature;2;How many officially recognized dwarf planets in the solar system are named after Polynesian deities?;2;0;1;5;
tdb-2287;Music;2;"Where did the British Boy Band ""Bros"" come from?";Camberley;Guildford;Aldershot;Bagshot;
tdb-2288;Video games;1;Which of the following was NOT a playable character in the game Kingdom Hearts: Birth by Sleep?;Ignis;Ventus;Terra;Aqua;
tdb-2291;Video games;1;"What year did the game ""Overwatch"" enter closed beta?";2015;2013;2011;2016;
tdb-2292;Music;2;Iconic cartoon character Mickey Mouse made his onscreen debut in what year?;1928;1929;1922;1932;
tdb-2293;Science and nature;1;"What is the common name of the chemical compound ""dihydrogen monoxide""?";Water;Methane;Ammonia;Laughing Gas;
tdb-2295;Anime and manga;3;"Which animation studio animated ""Psycho Pass""?";Production I.G;Kyoto Animation;Shaft;Trigger;
tdb-2296;Geography;2;How many provinces are in the Netherlands?;12;14;10;13;
tdb-2298;Video games;2;"What is the name of the only female ""Original Four"" Kerbal in Kerbal Space Program?";Valentina Kerman;Emiko Kerman;Samantha Kerman;Catmund Kerman;
tdb-2299;Science and nature;2;What part of the body produces insulin?;Pancreas;Kidney;Liver;Stomach;
tdb-2301;Video games;2;"How many Mudokons are rescuable in ""Oddworld: New 'N' Tasty""?";299;301;50;300;
tdb-2303;Geography;3;Which of these countries is NOT a part of the Asian continent?;Suriname;Georgia;Russia;Singapore;
tdb-2304;Music;2;"Who is the vocalist and frontman of rock band ""Guns N' Roses""?";Axl Rose;Kurt Cobain;Slash;Bono;
tdb-2305;Video games;1;M.U.G.E.N. is the name for what type of Game Engine?;Fighting Game;Platforming Game;Shooter Game;Puzzle Game;
tdb-2306;Sport;3;The Mazda 787B won the 24 Hours of Le Mans in what year?;1991;1990;2000;1987;
tdb-2307;Video games;2;In which country's version of Half-Life are the HECU Marines replaced with robots?;Germany;Japan;China;France;
tdb-2308;Anime and manga;1;"In ""Future Diary"", what is the name of Yuno Gasai's Phone Diary?";Yukiteru Diary;Murder Diary;Escape Diary;Justice Diary;
tdb-2309;Cartoons;2;Bugs Bunny, Tony the Tiger, and other bipedal animal characters are known as what type of character?;Anthropomorphic;Anthropolegic;Anthrologic;Anthrogenetic;
tdb-2311;Video games;2;Which of these is NOT a terrorist faction in Counter-Strike (2000)?;Midwest Militia;Phoenix Connection;Elite Crew;Guerrilla Warfare;
tdb-2312;General knowledge;2;Which of the General Mills Corporation's monster cereals was the last to be released in the 1970's?;Fruit Brute;Count Chocula;Franken Berry;Boo-Berry;
tdb-2313;Geography;1;What is the capital of Spain?;Madrid;Barcelona;Sevilla;Toledo;
tdb-2315;Video games;3;In the Kingdom Hearts series, which is not an optional boss you can fight?;Master Yen Sid;Sephiroth;Julius;Kurt Zisa;
tdb-2317;Video games;3;What is the fastest speed possible in Trackmania²: Stadium?;1000 km/h;500 km/h;320 km/h;100 km/h;
tdb-2319;Science and nature;3;How many legs is it biologically impossible for a centipede to have?;100;26;50;74;
tdb-2320;Video games;2;Which one of these games came out first?;Terraria;Minecraft;Starbound;Factorio;
tdb-2321;Video games;2;Which of these is NOT a game under the Worms series?;Major Malfunction;Crazy Golf;Clan Wars;Ultimate Mayhem;
tdb-2322;Video games;3;"In ""Final Fantasy VI"", what is the name of (summoned) Gilgamesh's weakest attack?";Excalipoor;Excalibore;Excalisnore;Excalisore;
tdb-2324;General knowledge;2;When was the Declaration of Independence approved by the Second Continental Congress?;July 4, 1776;May 4, 1776;June 4, 1776;July 2, 1776;
tdb-2325;General knowledge;1;Which of the following is not the host of a program on NPR?;Ben Shapiro;Terry Gross;Ira Glass;Peter Sagal;
tdb-2326;Mythology;3;In Greek Mythology, who was the daughter of King Minos?;Ariadne;Athena;Ariel;Alana;
tdb-2327;Video games;2;"Which of these is NOT a playable character race in the video game ""Starbound""?";Fenerox;Floran;Novakid;Hylotl;
tdb-2328;History;1;The idea of Socialism was articulated and advanced by whom?;Karl Marx;Vladimir Lenin;Joseph Stalin;Vladimir Putin;
tdb-2330;Science and nature;3;Which of these is a semiconductor amplifying device?;transistor;tube;diode;P-N junction;
tdb-2331;General knowledge;1;"Who is the origin of the quote ""What doesn't kill you makes you stronger""?";Friedrich Nietzsche;G. Gordon Liddy;Kelly Clarkson;Christopher Hitchens;
tdb-2332;Video games;1;Who turns out to be the true victor in the Battle of Armageddon in Mortal Kombat?;Shao Kahn;Liu Kang;Shang Tsung;Raiden;
tdb-2333;Television;2;"In what year did ""The Big Bang Theory"" debut on CBS?";2007;2008;2006;2009;
tdb-2334;Video games;3;"What is the default name of the Vampire character in ""Shining Soul 2"".";Bloodstar;Sachs;Dracuul;Alucard;
tdb-2335;Video games;1;In the Street Fighter franchise, what's Ken's surname?;Masters;Mitchell;Michaels;Morrison;
tdb-2336;General knowledge;3;Who founded the Khan Academy?;Sal Khan;Ben Khan;Kitt Khan;Adel Khan;
tdb-2337;Computers;3;What was the name of the security vulnerability found in Bash in 2014?;Shellshock;Heartbleed;Bashbug;Stagefright;
tdb-2338;General knowledge;1;Which country developed the AK-47 assault rifle?;Soviet Union;Iran;Israel;Poland;
tdb-2339;Computers;2;On which day did the World Wide Web go online?;December 20, 1990;December 17, 1996;November 12, 1990;November 24, 1995;
tdb-2341;Anime and manga;1;"What anime studio was in charge of the hit anime ""Made in Abyss""?";Kinema Citrus;Trigger;Studio 3hz;8bit;
tdb-2342;Film;2;"What city did the monster attack in the film, ""Cloverfield""?";New York, New York;Las Vegas, Nevada;Chicago, Illinois;Orlando, Florida;
tdb-2343;Geography;2;Which islands below have been claimed by both Japan and Russia?;Kuril Islands;Paracel Islands;Chagos Islands;Spratly Islands;
tdb-2344;Video games;2;Which of these video game series have NOT had a promotional item appear in Team Fortress 2?;Half-Life;Quake;The Binding of Isaac;Fallout;
tdb-2345;General knowledge;1;What is the most frequently used letter in the english alphabet?;E;A;I;O;
tdb-2347;Music;3;Which of Michael Jackson's albums sold the most copies?;Thriller;Dangerous;Bad;Off the Wall;
tdb-2348;Film;2;What is the birth name of Michael Keaton?;Michael Douglas;Michael Fox;Michael Richards;Michael Kane;
tdb-2351;Video games;2;"In ""Overwatch"", what is the name of Mercy's ""ultimate ability""?";Valkyrie;Earthshatter;Rocket Barrage;Molten Core;
tdb-2352;History;2;What year did Australia become a federation?;1901;1910;1899;1911;
tdb-2353;Video games;1;Who is the main character in Metal Gear Rising: Revengeance?;Raiden;Solid Snake;Otacon;Revolver Ocelot;
tdb-2355;Art;1;Who painted the biblical fresco The Creation of Adam?;Michelangelo;Leonardo da Vinci;Caravaggio;Rembrandt;
tdb-2356;Video games;1;"In ""Overwatch"", what is the name of the company that made D.Va's mech?";MEKA;MI8;KPAMC;JSAMB;
tdb-2357;Politics;2;Between 1973 to 1990, what country was ruled by dictator Augusto Pinochet?;Chile;Ethiopia;Indonesia;Nicaragua;
tdb-2358;Video games;1;Who in this list is one of the co-founders of Valve?;Gabe Newell;Robin Walker;Marc Laidlaw;Ray Ueno;
tdb-2359;Board games;3;"Which card is on the cover of the Beta rulebook of ""Magic: The Gathering""?";Bog Wraith;Island;Rock Hydra;Elvish Archers;
tdb-2360;Film;3;How old was Laurence Fishburne when Francis Ford Coppola cast him in Apocalypse Now (1979)?;14;16;18;20;
tdb-2361;Music;1;Who is the frontman of the band 30 Seconds to Mars?;Jared Leto;Gerard Way;Matthew Bellamy;Mike Shinoda;
tdb-2365;Music;1;"Which group performs the song ""Crash into Me""?";Dave Matthews Band;Phish;The Grateful Dead;Destiny's Child;
tdb-2366;General knowledge;1;What company owns Outlook?;Microsoft;Google;Apple;Yahoo;
tdb-2367;Video games;2;What are tiny Thwomps called in Super Mario World?;Thwimps;Little Thwomp;Mini Thwomp;Tiny Tims;
tdb-2368;Books;2;"In Rudyard Kipling's ""The Jungle Book"", what type of snake was Kaa?";Python;Cobra;Anaconda;Viper;
tdb-2369;Music;2;"Who performed the guitar solo on Michael Jackson's hit ""Beat It""?";Eddie Van Halen;Steve Vai;Kirk Hammett;Zakk Wylde;
tdb-2372;History;2;The Herero genocide was perpetrated in Africa by which of the following colonial nations?;Germany;Britain;Belgium;France;
tdb-2373;Television;2;Who composed the theme song for The Simpsons?;Danny Elfman;John Williams;Hans Zimmer;Ennio Morricone;
tdb-2374;General knowledge;3;To which language family does Kazakh belong?;Turkic;Mongolic;Indo-European;Uralic;
tdb-2375;Cartoons;1;What is the name of the creatures that the protagonists of the webshow RWBY fight against?;Grimm;Reavers;Heartless;Dark Ones;
tdb-2376;Art;1;"Who painted ""Swans Reflecting Elephants"", ""Sleep"", and ""The Persistence of Memory""?";Salvador Dali;Jackson Pollock;Vincent van Gogh;Edgar Degas;
tdb-2378;Geography;1;Which city is the capital of the United States of America?;Washington D.C;Seattle;Albany;Los Angeles;
tdb-2379;Video games;2;Which episode of the Phantasy Star Online series is exclusive to the Nintendo Gamecube?;Episode III;Episode I;Episode II;Episode IV;
tdb-2382;Music;1;What is the frontman's name of the metal band Megadeth?;Dave Mustaine;Rob Halford;Vince Neil;James Hetfield;
tdb-2383;Mathematics;3;How many zeptometres are inside one femtometre?;1,000,000;10;1,000,000,000;1000;
tdb-2384;Books;2;In the Lord of the Rings, who is the father of the dwarf Gimli?;Gloin;Thorin Oakenshield;Bombur;Dwalin;
tdb-2385;Video games;2;What snowy mob was added in Minecraft 1.10?;Polar bears;Eskimos;Penguins;Walking TNT;
tdb-2386;Video games;1;"The ""Day of Defeat"" series of games take place during which war?";World War II;World War I;Vietnam War;Iraq War;
tdb-2387;Art;2;Who painted the epic mural Guernica?;Pablo Picasso;Francisco Goya;Leonardo da Vinci;Henri Matisse;
tdb-2388;Film;2;Who played Sgt. Gordon Elias in 'Platoon' (1986)?;Willem Dafoe;Charlie Sheen;Matt Damon;Johnny Depp;
tdb-2391;Science and nature;3;What is the name for the auditory illusion of a note that seems to be rising infinitely?;Shepard Tone;Glissandro Illusion;Fransen Effect;McGurck Effect;
tdb-2392;Television;2;"What actor portrays Hogan ""Wash"" Washburne in the TV Show Firefly?";Alan Tudyk;Adam Baldwin;Nathan Fillion;Sean Maher;
tdb-2393;Video games;2;"The rights to the ""Rayman"" series are owned by which company?";Ubisoft;Nintendo;EA;Sony;
tdb-2394;General knowledge;1;Which language is most widely spoken in Switzerland?;German;French;Italian;Swiss;
tdb-2395;Music;2;Which of the following guitarists recorded an album as a member of the Red Hot Chili Peppers?;Dave Navarro;Tom Morello;Billy Corgan;Ed O'Brien;
tdb-2397;Science and nature;3;How many protons are in an oxygen atom?;Eight;Four;Two;Six;
tdb-2398;Film;2;"Which musical artist had a prominent role in the 2017 film ""Kingsman: The Golden Circle""?";Elton John;Lady Gaga;Rihanna;Justin Bieber;
tdb-2399;Computers;3;Who is the original author of the realtime physics engine called PhysX?;NovodeX;Ageia;Nvidia;AMD;
tdb-2400;Video games;2;"Which ""Perk-A-Cola"" in ""Call Of Duty: Zombies"" was ""reworked"" in ""Call of Duty: Black Ops II""?";Double Tap Root Beer;Who's Who;Juggernog;Mule Kick;
tdb-2401;Film;2;"Which star actor was in ""Top Gun"", ""Jerry Maguire"" and ""Born on the Fourth of July""?";Tom Cruise;Kelly McGillis;John Travolta;George Clooney;
tdb-2402;Art;1;Who sculpted the statue of David?;Michelangelo;Gian Lorenzo Bernini;Auguste Rodin;Donatello;
tdb-2403;Vehicles;1;The LS1 engine is how many cubic inches?;346;350;355;360;
tdb-2404;Music;2;"""The Day the Music Died"" was a tragic plane crash that killed three musicians in which decade?";50's;60's;70's;40's;
tdb-2405;Film;1;7-Eleven stores were temporarily converted into Kwik E-marts to promote the release of what movie?;The Simpsons Movie;Spider-Man 3;Shrek the Third;Ratatouille;
tdb-2406;Anime and manga;3;"Which animation studio produced the anime adaptation of ""xxxHolic""?";Production I.G;Sunrise;Xebec;Kyoto Animation;
tdb-2408;History;2;What day did the Battle of Gettysburg begin?;July 1, 1863;September 17, 1862;July 21, 1861;Apr 30, 1863;
tdb-2410;Video games;1;In Five Nights at Freddy's 1, how can you make Golden Freddy disappear?;Enable cameras;Turn on the light;Shut the door;Do nothing;
tdb-2412;Geography;2;What is the capital city of New Zealand?;Wellington;Auckland;Christchurch;Melbourne;
tdb-2414;Music;1;"Which famous rapper is featured in Jack Ü (Skrillex and Diplo)'s 2015 single called ""Febreze""?";2 Chainz;Kendrick Lamar;Future;Fatman Scoop;
tdb-2415;History;1;Who succeded Josef Stalin as the leader of the Soviet Union?;Nikita Krushchev;Lavrentiy Beria;Vyacheslav Molotov;Georgy Malenkov;
tdb-2416;Animals;2;What are rhino's horn made of?;Keratin;Bone;Ivory;Skin;
tdb-2417;Video games;2;In the game Tom Clancy's Rainbow 6 Siege, what organization is Valkyrie from?;Navy Seals;S.A.S;G.I.G.N;F.B.I;
tdb-2419;General knowledge;1;Which canal connects the Mediterranean Sea with the Red Sea?;Suez Canal;Panama Canal;Sinai Canal;Qaraqum Canal;
tdb-2420;Video games;1;Pokémon Go is a location-based augmented reality game developed and published by which company?;Niantic;Rovio;Zynga;Supercell;
tdb-2421;Mathematics;1;What prime number comes next after 19?;23;25;21;27;
tdb-2422;General knowledge;1;What does VR stand for?;Virtual Reality;Very Real;Visual Recognition;Voice Recognition;
tdb-2423;Music;2;"What musician made the song ""F**kin` Perfect"" in 2010?";P!nk;Mitis;Adam lambert;Koven;
tdb-2425;Video games;1;What is the code name of Morgana the cat in Persona 5?;Mona;Panther;Nightstalker;Zorro;
tdb-2426;Geography;1;Guyana is in which continent?;South America;Africa;North America;Asia;
tdb-2427;Video games;2;In Minecraft, what types of sound files are required for custom SFX to work in resource packs?;.ogg;.wav;.mp3;.class;
tdb-2428;Film;2;In Back to the Future Part II, Marty and Dr. Emmett Brown go to which future date?;October 21, 2015;August 28, 2015;July 20, 2015;January 25, 2015;
tdb-2429;Video games;3;"In ""Call Of Duty: Zombies"", what does the game traditionally reward you for completing a boss round?";Max Ammo;A Pack-A-Punched gun;Death Machine;Monkey Bombs;
tdb-2431;Geography;2;What city has the busiest airport in the world?;Atlanta, Georgia USA;London, England;Chicago,Illinois ISA;Tokyo,Japan;
tdb-2432;Geography;2;The towns of Brugelette, Arlon and Ath are located in which country?;Belgium;Andorra;France;Luxembourg;
tdb-2433;Video games;1;"What's the name of the main protagonist in the ""Legend of Zelda"" franchise?";Link;Mario;Zelda;Pit;
tdb-2435;Mathematics;3;What is the only Millennium Prize Problem that has been solved so far?;Poincaré conjecture;P vs. NP problem;Riemann Hypothesis;Fermat's conjecture;
tdb-2437;Animals;2;Cashmere is the wool from which kind of animal?;Goat;Sheep;Camel;Llama;
tdb-2438;Video games;2;Which of the following created and directed the Katamari Damacy series?;Keita Takahashi;Hideki Kamiya;Shu Takumi;Shinji Mikami;
tdb-2440;Music;2;Which song is not by TheFatRat?;Ascent;Monody;Windfall;Infinite Power!;
tdb-2441;History;2;What year were the Marian Reforms instituted in the Roman Republic?;107 BCE;42 BCE;264 BCE;102 CE;
tdb-2442;Geography;1;What is the only state in the United States that does not have a flag in a shape with 4 edges?;Ohio;Florida;Idaho;New Mexico;
tdb-2443;Film;2;Which of the following movies was not based on a book?;Citizen Kane;The Godfather;Forrest Gump;Jurassic Park;
tdb-2444;Video games;3;In Hollow Knight, how many Precepts does Zote have?;Fifty-Seven;Sixty-Nine;Fourty-Three;Ninety-One;
tdb-2446;Video games;3;Which of these characters from Final Fantasy VIII primarily spoke in one word sentences?;Fujin;Raijin;Seifer;Zell;
tdb-2447;History;2;Where was Portuguese explorer Ferdinand Magellan killed in 1521?;The Phillipines;Canary Islands;Guam;Argentina;
tdb-2448;Musicals and theatre;2;"The musical ""Dirty Rotten Scoundrels"" is set in what country?";France;USA;Germany;Sweden;
tdb-2450;Video games;2;How many controllers could a Nintendo GameCube have plugged in at one time?;4;8;6;2;
tdb-2453;Video games;2;"How many regular Sunken Sea Scrolls are there in ""Splatoon""?";27;32;30;5;
tdb-2454;Science and nature;1;What is the standard SI unit for time?;Second;Minute;Hour;Day;
tdb-2457;Sport;3;Who did Drew Brees pass in all time NFL passing yards in 2018?;Peyton Manning;Tom Brady;Dan Marino;Joe Montana;
tdb-2458;Mythology;1;An Ankh is the Egyptian Hieroglyph for what?;Life;Love;Hatred;Poison;
tdb-2459;Sport;2;"Who won the ""Champions League"" in 1999?";Manchester United;Barcelona;Bayern Munich;Liverpool;
tdb-2462;Geography;2;What is the capital city of Slovenia?;Ljubljana;Maribor;Velenje;Trbovlje;
tdb-2463;Anime and manga;1;"How many ""JoJos"" that are protagonists are there in the series ""Jojo's Bizarre Adventure""?";8+;6+;4+;5+;
tdb-2464;Television;1;"What is the name of the planet that the Doctor from television series ""Doctor Who"" comes from?";Gallifrey;Sontar;Skaro;Mondas;
tdb-2465;Musicals and theatre;3;Who serves as the speaker of the prologue in Shakespeare's Romeo and Juliet?;Chorus;Montague;Refrain;Capulet;
tdb-2466;Animals;3;What type of creature is a Bonobo?;Ape;Lion;Parrot;Wildcat;
tdb-2467;Video games;2;In Portal, what color is the Morality Core?;Purple;Red;Yellow;Blue;
tdb-2468;Geography;2;Which state of the United States is the smallest?;Rhode Island;Maine;Vermont;Massachusetts;
tdb-2469;Video games;3;"What is the 4th boss in the 1997 video game ""Crash Bandicoot 2: Cortex Strikes Back""?";Dr. N. Gin;Dr. Neo Cortex;Komodo Brothers;Tiny Tiger;
tdb-2470;Sport;2;Which country is hosting the 2022 FIFA World Cup?;Qatar;Uganda;Vietnam;Bolivia;
tdb-2471;Comics;1;In DC comics, what is Owlman's real name?;Thomas Wayne Jr.;Thomas Wayne;Bruce Wayne;Joseph Chill;
tdb-2473;General knowledge;3;"What is the romanized Chinese word for ""airplane""?";Feiji;Qiche;Zongxian;Huojian;
tdb-2476;History;2;What year did the Boxing Day earthquake & tsunami occur in the Indian Ocean?;2004;2006;2008;2002;
tdb-2478;Video games;1;Who is the leader of Team Instinct in Pokémon Go?;Spark;Candela;Blanche;Willow;
tdb-2479;Geography;1;Which of these is the name of the largest city in the US state Tennessee?;Memphis;Thebes;Alexandria;Luxor;
tdb-2480;Celebrities;2;When was Elvis Presley born?;January 8, 1935;December 13, 1931;July 18, 1940;April 17, 1938;
tdb-2482;Video games;2;"In the video game ""League of Legends"" which character is known as ""The Sinister Blade""?";Katarina;Shaco;Akali;Zed;
tdb-2483;General knowledge;1;Which one of these is not a typical European sword design?;Scimitar;Falchion;Ulfberht;Flamberge;
tdb-2484;Animals;1;Wombats are native to which Country?;Australia;New Zealand;Papua New Guinea;Palau;
tdb-2485;Science and nature;2;What does the yellow diamond on the NFPA 704 fire diamond represent?;Reactivity;Health;Flammability;Radioactivity;
tdb-2486;Art;3;What nationality was the famous artist Van Gogh?;Dutch;French;Russian;Polish;
tdb-2487;Video games;3;"What video game company developed the 2004 racing game ""Burnout 3: Takedown""?";Criterion Games;EA Black Box;Codemasters;Rockstar Games;
tdb-2488;Music;1;Who wrote the Sinead O`Connor hit 'Nothing Compares 2 U'?;Prince;Michael Jackson;Cameo;Rick James;
tdb-2490;Video games;3;What's the name of the halloween-related Sims 4 Stuff Pack released September 29th, 2015?;Spooky Stuff;Ghosts n' Ghouls;Nerving Nights;Fearful Frights;
tdb-2493;History;2;Which of these countries was NOT a part of the Soviet Union?;Afghanistan;Turkmenistan;Kazakhstan;Uzbekistan;
tdb-2495;General knowledge;2;Where does water from Poland Spring water bottles come from?;Maine, United States;Hesse, Germany;Masovia, Poland;Bavaria, Poland;
tdb-2497;Comics;2;In the Hellboy universe, who founded the BPRD?;Trevor Bruttenholm;Kate Corrigan;Johann Kraus;Benjamin Daimio;
tdb-2498;Science and nature;2;Which of these is NOT a part of the structure of a typical neuron?;Islets of Langerhans;Node of Ranvier;Schwann cell;Myelin sheath;
tdb-2499;Music;2;In music theory, how many notes are in a seventh chord?;4;3;7;2;
tdb-2501;Sport;1;Which wrestler won the 2019 Men's Royal Rumble?;Seth Rollins;Braun Strowman;AJ Styles;Andrade;
tdb-2502;Politics;1;"Whose 2016 presidential campaign slogan was ""Make America Great Again""?";Donald Trump;Ted Cruz;Marco Rubio;Bernie Sanders;
tdb-2503;Television;1;In Game of Thrones, what is Littlefinger's real name?;Petyr Baelish;Podrick Payne;Lancel Lannister;Torrhen Karstark;
tdb-2505;Video games;2;"Which of these is not a character in the game, ""Lethal League""?";Rex;Switch;Candyman;Sonata;
tdb-2506;Animals;1;What is the collective noun for a group of crows?;Murder;Pack;Gaggle;Herd;
tdb-2507;Video games;1;"""Tomb Raider"" icon Lara Croft was originally called...";Laura Cruz;Laura Craft;Laura Croft;Lara Craft;
tdb-2508;History;2;In what prison was Adolf Hitler held in 1924?;Landsberg Prison;Spandau Prison;Ebrach Abbey;Hohenasperg;
tdb-2511;Computers;3;Which of the following is NOT a computer science algorithm?;Float Sort;Bubble Sort;Merge Sort;Quick Sort;
tdb-2513;Cartoons;1;Which of these is NOT a Disney cartoon character?;Daffy Duck;Donald Duck;Daisy Duck;Scrooge McDuck;
tdb-2514;Video games;3;"What vault in the video game ""Fallout 3"" is the home of multiple clones named Gary?";Vault 108;Vault 101;Vault 87;Vault 21;
tdb-2515;History;1;Which one of these tanks was designed and operated by the United Kingdom?;Tog II;M4 Sherman;Tiger H1;T-34;
tdb-2516;Sport;1;Which boxer was banned for taking a bite out of Evander Holyfield's ear in 1997?;Mike Tyson;Roy Jones Jr.;Evander Holyfield;Lennox Lewis;
tdb-2517;Music;2;Which American family band had a 1986 top 10 hit with the song 'Crush On You'?;The Jets;DeBarge;The Jacksons;The Cover Girls;
tdb-2518;Television;1;"How many seasons did ""Stargate SG-1"" have?";10;3;7;12;
tdb-2519;Cartoons;1;What type of animal is Disney's Bambi?;Deer;Elephant;Wolf;Mouse;
tdb-2520;Anime and manga;2;In the anime Assassination Classroom what is the class that Korosensei teaches?;Class 3-E;Class 3-A;Class 3-B;Class 3-D;
tdb-2521;Television;3;What was the callsign of Commander William Adama in Battlestar Galactica (2004)?;Husker;Starbuck;Apollo;Crashdown;
tdb-2523;Geography;2;What is the smallest country in South America by area?;Suriname;Brazil;Uruguay;Chile;
tdb-2524;General knowledge;1;"Where is the train station ""Llanfair­pwllgwyngyll­gogery­chwyrn­drobwll­llan­tysilio­gogo­goch""?";Wales;Moldova;Czech Republic;Denmark;
tdb-2525;Video games;2;Who is the character you play as in Yume Nikki?;Madotsuki;Masada;Uboa;Poniko;
tdb-2526;Video games;1;How many differently shaped Tetris pieces are there?;7;5;6;8;
tdb-2527;Video games;2;In the co-op shooter Payday 2, which contact helps you break out Hoxton?;The Dentist;Vlad;The Elephant;The Butcher;
tdb-2529;General knowledge;1;Foie gras is a French delicacy typically made from what part of a duck or goose?;Liver;Heart;Stomach;Intestines;
tdb-2531;Television;3;What's Dr. Doofenshmirtz first name?;Heinz;Hans;Hank;Heidi;
tdb-2532;Video games;2;Which of the following has Jennifer Taylor NOT voiced?;Sarah Kerrigan;Princess Peach;Zoey;Cortana;
tdb-2534;History;3;Which King of England was faced with the Peasants' Revolt in 1381?;Richard II;Edward III;Edward II;Henry IV;
tdb-2535;Cartoons;2;What is the name of Ruby Rose's weapon from RWBY?;Crescent Rose;Thorned Rosebud;Magnhild;Crooked Scythe;
tdb-2536;History;1;Who was the first American in space?;Alan Shephard;Neil Armstrong;John Glenn;Jim Lovell;
tdb-2537;Vehicles;2;Which supercar company is from Sweden?;Koenigsegg;Bugatti;Lamborghini;McLaren;
tdb-2541;General knowledge;1;"What is the French word for ""hat""?";Chapeau;Bonnet;Écharpe;Casque;
tdb-2542;Video games;2;Mirror's Edge Catalyst takes place in the City of...?;Glass;Mirrors;Purity;Diamonds;
tdb-2543;General knowledge;2;"The Mexican Beer ""Corona"" is what type of beer?";Pale Lager;India Pale Ale;Pilfsner;Baltic Porter;
tdb-2544;Film;2;"This movie contains the quote, ""I love the smell of napalm in the morning!""";Apocalypse Now;Platoon;The Deer Hunter;Full Metal Jacket;
tdb-2545;Anime and manga;1;"On what medium was ""Clannad"" first created?";Visual novel;Anime;Manga;Light novel;
tdb-2547;Television;1;"Who played the Waitress in the Spam sketch of ""Monty Python's Flying Circus""?";Terry Jones;Eric Idle;Graham Chapman;John Cleese;
tdb-2549;Geography;3;Which of these island countries is located in the Caribbean?;Barbados;Fiji;Maldives;Seychelles;
tdb-2550;General knowledge;1;In what year did Canada stop producing the penny?;2012;2013;2011;2010;
tdb-2551;Science and nature;3;How many types of quarks are there in the standard model of physics?;6;2;3;4;
tdb-2552;Gadgets;2;Who patented a steam engine that produced continuous rotary motion?;James Watt;Nikola Tesla;Albert Einstein;Alessandro Volta;
tdb-2554;Geography;2;Which of the following countries is an island?;Cyprus;Azerbaijan;El Salvador;Djibouti;
tdb-2555;Cartoons;3;Which cartoon family lives in 31 Spooner Street, Quahog, Rhode Island USA?;The Griffins;The Simpsons;The Jetsons;The Hills;
tdb-2556;Music;2;Which popular rock band has a one-armed drummer?;Def Leppard;The Beatles;Lynyrd Skynyrd;Foreigner;
tdb-2557;Anime and manga;3;"Which animation studio animated ""To Love-Ru""?";Xebec;Trigger;Sunrise;Kyoto Animation;
tdb-2558;Science and nature;2;What is radiation measured in?;Gray;Watt;Decibel;Kelvin;
tdb-2559;Cartoons;2;In the animated series RWBY, what is the name of the weapon used by Weiss Schnee?;Myrtenaster;Gambol Shroud;Crescent Rose;Ember Celica;
tdb-2560;Music;2;In August 1964, who introduced the Beatles to cannabis?;Bob Dylan;Jim Morrison;Brian Epstein;Jerry Garcia;
tdb-2563;Video games;2;"In ""A Hat In Time"" who is the final boss?";Mustache Girl;Snatcher;Conductor;Mafia Boss;
tdb-2567;History;3;Where was Napoleon Bonaparte born?;Corsica;Normandy;Brittany;Paris;
tdb-2568;Science and nature;3;Which of the following is NOT a word used to describe an earthquake?;Drop-slide;Foreshock;Strike-slip;Temblor;
tdb-2569;Science and nature;2;"The ""Tibia"" is found in which part of the body?";Leg;Arm;Hand;Head;
tdb-2570;Video games;1;Which psychopath(s) in Dead Rising 1 gave you the small chainsaw?;Adam the Clown;Cliff Hudson;The convicts;Larry the butcher;
tdb-2571;Cartoons;1;Which of the following is not a Flintstones character?;Lord Rockingham IX;Rockhead Slate;The Great Gazoo;Barney Rubble;
tdb-2572;Video games;2;"When was ""System Shock"" released?";1994;1995;2000;1998;
tdb-2573;Video games;2;Which Sonic the Hedgehog game introudced Knuckles the Echidna?;Sonic the Hedgehog 3;Sonic the Hedgehog 2;Sonic & Knuckles;Sonic Adventure;
tdb-2574;History;2;In what year did Texas secede from Mexico?;1836;1838;1845;1844;
tdb-2575;Computers;1;How many bits are commonly in a single byte?;Eight bits;Six bits;Twelve bits;Fifteen bits;
tdb-2576;Comics;2;"Who wrote the Batman comic series ""The Killing Joke""?";Alan Moore;Bill Finger;Frank Miller;Jerry Siegel;
tdb-2577;Video games;2;Which of the following characters were considered for inclusion in Super Smash Bros. Melee?;Lucas;Mega Man;Meta Knight;Diddy Kong;
tdb-2579;General knowledge;1;Which of the following card games revolves around numbers and basic math?;Uno;Go Fish;Twister;Munchkin;
tdb-2581;Video games;1;Which of these Starbound races has a Wild West culture?;Novakid;Avian;Human;Hylotl;
tdb-2582;Cartoons;2;"In the show ""Fat Albert and the Cosby Kids"", what is the name of the characters' fictional gang?";The Junkyard Gang;The Trash Troupe;The Scrapyard Seven;The Rotten Posse;
tdb-2583;History;2;On which day did the attempted coup d'etat of 1991 in the Soviet Union begin?;August 19;August 21;December 26;December 24;
tdb-2584;Cartoons;2;Before becoming the Autobot leader, Optimus Prime was known by what name on Cybertron?;Orion Pax;Long Haul;P-138;Teletran-1;
tdb-2585;Science and nature;2;Down Syndrome is usually caused by an extra copy of which chromosome?;21;23;15;24;
tdb-2586;Music;1;In what year was Avril Lavigne's first studio album, “Let Go”, released?;2002;2001;2004;2005;
tdb-2587;Television;2;What is the surname of the character Daryl in AMC's show The Walking Dead?;Dixon;Grimes;Dickinson;Dicketson;
tdb-2588;General knowledge;1;"Who is considered the ""Father of Modern Philosophy""?";René Descartes;Plato;Albert Einstein;Antoine Lavoiser;
tdb-2589;Video games;2;"In the ARPG ""Path of Exile,"" what is the highest amount of sockets that an item can have?";6;5;4;8;
tdb-2590;History;3;When did the French Revolution begin?;May 05 1789;April 12 1789;April 05 1789;May 06 1799;
tdb-2592;Video games;1;"In what year was ""Metal Gear Solid"" released in North America?";1998;1987;2001;2004;
tdb-2593;Video games;2;In Portal 2, which solar system body did Wheatley end up orbiting?;The moon;Earth;Jupiter;Mars;
tdb-2594;Geography;2;What is the only nation that borders both Uruguay and Venezuela?;Brazil;Mexico;Chile;Panama;
tdb-2597;Video games;2;Final Fantasy VI was originally released outside Japan under what name?;Final Fantasy III;Final Fantasy VI;Final Fantasy V;Final Fantasy II;
tdb-2598;Science and nature;3;If you planted the seeds of Quercus robur what would grow?;Trees;Flowers;Vegtables;Grains;
tdb-2599;Film;2;"In what year was the movie ""Police Academy"" released?";1984;1986;1985;1983;
tdb-2600;Video games;1;Who is the main antagonist of Ori and the Blind Forest?;Kuro;Nibel;Gumo;King Rammer XII;
tdb-2601;Geography;2;Montreal is in which Canadian province?;Quebec;Ontario;Nova Scotia;Alberta;
tdb-2602;Animals;3;What scientific suborder does the family Hyaenidae belong to?;Feliformia;Haplorhini;Caniformia;Ciconiiformes;
tdb-2603;Music;1;"Which English guitarist has the nickname ""Slowhand""?";Eric Clapton;Mark Knopfler;Jeff Beck;Jimmy Page;
tdb-2604;Geography;1;What is the capital of South Korea?;Seoul;Pyongyang;Taegu;Kitakyushu;
tdb-2605;General knowledge;1;Which country has the Union Jack in its flag?;New Zealand;South Africa;Canada;Hong Kong;
tdb-2607;Video games;3;Which retro video game was released first?;Space Invaders;Galaga;Pac-Man;Asteroids;
tdb-2608;Comics;2;What otherworldly land does Thor come from?;Asgard;Midgard;Jotunheim;Sovengarde;
tdb-2609;Cartoons;1;"What was the name of the sea witch in the 1989 Disney film ""The Little Mermaid""?";Ursula;Madam Mim;Maleficent;Lady Tremaine;
tdb-2611;Books;1;"Which famous spy novelist wrote the childrens' story ""Chitty-Chitty-Bang-Bang""?";Ian Fleming;Joseph Conrad;John Buchan;Graham Greene;
tdb-2612;Science and nature;2;Which part of the body does glaucoma affect?;Eyes;Throat;Stomach;Blood;
tdb-2613;Science and nature;1;What lies at the center of our galaxy?;A black hole;A wormhole;A supernova;A quasar;
tdb-2614;Politics;2;Who was the only president to not be in office in Washington D.C?;George Washington;Abraham Lincoln;Richard Nixon;Thomas Jefferson;
tdb-2615;History;3;What did the first vending machines in the early 1880's dispense?;Post cards;Alcohol;Cigarettes;Sodas;
tdb-2616;Music;2;EDM record label Monstercat is based in which country?;Canada;United States;Australia;United Kingdom;
tdb-2617;General knowledge;1;What is the perimeter of a circle more commonly known as?;Circumference;Diameter;Radius;Arc;
tdb-2620;Television;2;Cesar Romero played which iconic Batman villain from the 1960's TV show?;The Joker;The Penguin;The Riddler;Mr. Freeze;
tdb-2621;History;3;Who assassinated President James A. Garfield?;Charles Guiteau;Sirhan Sirhan;Leon Czolgosz;John Wilkes Booth;
tdb-2623;Geography;2;What is the longest river in Europe?;Volga;Danube;Rhine;Thames;
tdb-2624;Video games;3;Which of these online games was originally named LindenWorld in it's early development?;SecondLife;ActiveWorlds;IMVU;HabboHotel;
tdb-2625;Video games;2;Which of these characters was NOT planned to be playable for Super Smash Bros. 64?;Peach;Bowser;Mewtwo;King Dedede;
tdb-2626;Film;2;"Which stand-up comedian voiced the talking parrot ""Iago"" in Disney's 1992 adaptation of Aladdin?";Gilbert Gottfried;Robin Williams;Pauly Shore;Jonathan Freeman;
tdb-2627;Comics;3;In the Homestuck Series, what is the alternate name for the Kingdom of Lights?;Prospit;No Name;Golden City;Yellow Moon;
tdb-2628;Geography;2;What is the largest non-continental island in the world?;Greenland;New Guinea;Borneo;Madagascar;
tdb-2629;Sport;1;Which player holds the NHL record of 2,857 points?;Wayne Gretzky;Mario Lemieux;Sidney Crosby;Gordie Howe;
tdb-2630;Video games;1;In Minecraft, which two items must be combined to craft a torch?;Stick and Coal;Stick and Fire;Wood and Coal;Wood and Fire;
tdb-2631;Film;1;What was Dorothy's surname in 'The Wizard Of Oz'?;Gale;Perkins;Day;Parker;
tdb-2632;Video games;2;"Which weapon that was cut from the game ""Half Life 2"" was going to replace the crowbar?";Ice Axe;Fire Axe;Wrench;Hunting Knife;
tdb-2634;Art;3;What year was the Mona Lisa finished?;1504;1487;1523;1511;
tdb-2635;Film;1;"In the movie ""Cast Away"" the main protagonist's best friend while on the island is named";Wilson;Carson;Jackson;Willy;
tdb-2636;History;2;Which of the following snipers has the highest amount of confirmed kills?;Simo Häyhä;Chris Kyle;Vasily Zaytsev;Craig Harrison;
tdb-2637;Geography;2;What is the busiest port in Europe?;Port of Rotterdam;Port of Antwerp;Port of Hamburg;Port of Amsterdam;
tdb-2638;Television;3;Who played the sun baby in the original run of Teletubbies?;Jessica Smith;Pui Fan Lee;Sue Monroe;Lisa Brockwell;
tdb-2639;Video games;2;Phil Fish was the designer of which game?;Fez;Super Meat Boy;Hotline Miami;FTL;
tdb-2640;Anime and manga;1;In the anime Noragami who is one of the main protagonists?;Yukine;Karuha;Mineha;Mayu;
tdb-2641;Sport;1;What sport features the terms love, deuce, match and volley?;Tennis;Cricket;Basketball;Curling;
tdb-2642;Video games;2;"Which of these is not a playable character in ""Enter The Gungeon?""";The Heavy;The Bullet;The Robot;The Cultist;
tdb-2643;Video games;1;Rincewind from the 1995 Discworld game was voiced by which member of Monty Python?;Eric Idle;John Cleese;Terry Gilliam;Michael Palin;
tdb-2644;Television;2;"What is the setting of the show ""Parks and Recreation""?";Pawnee, Indiana;Eagleton, Indiana;Pasadena, California;London, England;
tdb-2645;General knowledge;2;When was Hubba Bubba first introduced?;1979;1984;1972;1980;
tdb-2646;History;1;When was Google founded?;September 4, 1998;October 9, 1997;December 12, 1989;Feburary 7th, 2000;
tdb-2647;Books;3;Which fictional English county was the setting for Thomas Hardy's novels?;Wessex;Barsetshire;Fulchester;Ambridge;
tdb-2648;Musicals and theatre;3;After England, more Shakespeare plays are set in this present day country than in any other.;Italy;United States;Greece;France;
tdb-2649;Video games;3;"The 'D' in the term ""D-Mail"" from the game ""Steins; Gate"" is short for what?";DeLorean;Deep;Demo;Dev;
tdb-2650;Video games;1;Who was the voice actor for Snake in Metal Gear Solid V: The Phantom Pain?;Kiefer Sutherland;David Hayter;Norman Reedus;Hideo Kojima;
tdb-2651;History;2;The Fallingwater House, located in Pennsylvania, was designed by which architect?;Frank Lloyd Wright;Antoni Gaudi;Frank Gehry;Le Corbusier;
tdb-2652;History;3;The pantheon in Rome was used to worship what god?;Any god they wanted;Athena;Zeus;Both Athena and Zeus;
tdb-2654;Science and nature;2;How many teeth does the average adult mouth have (except for wisdom teeth)?;32;36;20;28;
tdb-2655;Video games;2;Who's the creator of Geometry Dash?;Robert Topala;Scott Cawthon;Adam Engels;Andrew Spinks;
tdb-2657;Anime and manga;2;In Dragon Ball Z, who was the first character to go Super Saiyan 2?;Gohan;Goku;Vegeta;Trunks;
tdb-2658;Science and nature;2;In aeronautics, flaps and slats are used to control what on an aircraft?;Lift;Thrust;Drag;Weight;
tdb-2659;Video games;2;Which of the following Mario Kart 8 Deluxe items will NOT make you invincible?;Golden Mushroom;Star;Bullet Bill;Boo;
tdb-2660;Animals;2;What is the collective noun for bears?;Sloth;Drove;Tribe;Husk;
tdb-2661;Mathematics;2;To the nearest whole number, how many radians are in a whole circle?;6;3;4;5;
tdb-2662;General knowledge;1;What style of beer will typically have a higher than average hop content?;India Pale Ale;Stout;Extra Special Bitter;Scotch Ale;
tdb-2663;Video games;2;Which of these was NOT a launch title for the Nintendo 64?;Mario Kart 64;Super Mario 64;Pilotwings 64;Saikyō Habu Shōgi;
tdb-2664;History;3;The ancient city of Chichén Itzá was built by which civilization?;Mayans;Aztecs;Incas;Toltecs;
tdb-2665;Video games;2;"In ""Call Of Duty: Zombies"", what is the name of Samantha Maxis' dog?";Fluffy;Baxter;Fido;Henry;
tdb-2668;History;1;In 1453, which important city fell?;Constantinople;Rome;Hamburg;Athens;
tdb-2669;Video games;2;"Who was the mascot of SEGA before ""Sonic the Hedgehog""?";Alex Kidd;Opa Opa;NiGHTS;Ristar;
tdb-2670;Cartoons;2;"Which city did Anger berate for ruining pizza in ""Inside Out""?";San Francisco;Minnesota;Washington;California;
tdb-2671;Music;2;Which musical instrument is nicknamed 'the clown of the orchestra'?;Bassoon;Piccolo;Tuba;Flute;
tdb-2673;Sport;1;Which country won the 2018 FIFA World Cup hosted in Russia?;France;Croatia;Belgium;England;
tdb-2674;Music;1;"In 2006, which band released their debut album ""A Fever You Can't Sweat Out""?";Panic! At the Disco;Twenty One Pilots;My Chemical Romance;Fall Out Boy;
tdb-2675;Video games;1;Who is Sonic's sidekick?;Tails;Shadow;Amy;Knuckles;
tdb-2676;Video games;1;Who is the main protagonist of Dead Space?;Isaac Clarke;Commander Shepard;Gordon Freeman;Master Chief;
tdb-2677;Geography;1;What is the capital of Bangladesh?;Dhaka;Khulna;London;Lahore;
tdb-2678;Video games;3;"In the ""Pikmin"" games, which of the following pikmin colors lacks it's own ""Onion"" nest?";Purple;Winged;Blue;Rock;
tdb-2679;Politics;2;"The 2014 movie ""The Raid 2: Berandal"" was mainly filmed in which Asian country?";Indonesia;Thailand;Brunei;Malaysia;
tdb-2680;Geography;2;How many countries share a land border with Luxembourg?;3;4;2;5;
tdb-2682;Video games;3;"What military rank is the protagonist ""Nomad"" in ""Crysis""?";First Lieutenant;Captain;First Sargent;Staff Sargent;
tdb-2683;General knowledge;2;When was WhatsApp founded?;2009;2007;2012;2010;
tdb-2684;Science and nature;1;What name is given to all baby marsupials?;Joey;Calf;Pup;Cub;
tdb-2685;Music;3;Which British band won the first edition of the Brit Awards in 1977?;The Beatles;Pink Floyd;The Rolling Stones;The Who;
tdb-2686;Science and nature;2;Approximately what percentage of Earth's atmosphere is Oxygen?;21%;54%;78%;7%;
tdb-2687;Science and nature;3;What is the scientific name of the knee cap?;Patella;Femur;Foramen Magnum;Scapula;
tdb-2688;Sport;2;Who won the 2011 Stanley Cup?;Boston Bruins;Montreal Canadiens;New York Rangers;Toronto Maple Leafs;
tdb-2689;Video games;1;In the game Half-Life, which enemy is showcased as the final boss?;The Nihilanth;Dr. Wallace Breen;G-Man;The Gonarch;
tdb-2690;General knowledge;3;Roughly how many ingested apple seeds would it take to receive a fatal dose of cyanide?;200;20;2,000;20,000;
tdb-2693;Science and nature;2;The humerus, paired radius, and ulna come together to form what joint?;Elbow;Knee;Sholder;Ankle;
tdb-2694;Film;2;After India, which country produces the second most movies per year?;Nigeria;United States;China;France;
tdb-2696;Film;2;What film did James Cameron's Avatar dethrone as the highest-grossing film ever?;Titanic;Star Wars;Gone with the Wind;Jaws;
tdb-2698;Television;2;"The 1985 Toyota Corolla ""AE86"" was the hero car for what anime?";Initial D;Wangan Midnight;Ghost MF;Ex Driver;
tdb-2699;General knowledge;1;How many letters are in the English alphabet?;26;30;17;5;
tdb-2700;Geography;1;Which US state has the highest population?;California;New York;Texas;Florida;
tdb-2703;Celebrities;2;What is generally considered to be William Shakespeare's birth date?;April 23rd, 1564;July 4th, 1409;September 29th, 1699;December 1st, 1750;
tdb-2704;Art;3;What was the first successful and commercially viable photographic technique?;The Daguerreotype;Collodion process;The Turin Shroud;Kodachrome film;
tdb-2705;Video games;2;"What name did ""Mario"", from ""Super Mario Brothers"", originally have?";Ossan;Jumpman;Mr. Video;Mario;
tdb-2706;Anime and manga;2;"Who voices the character ""Reigen"" in the English dub of ""Mob Psycho 100""?";Chris Niosi;Max Mittelman;Kyle McCarley;Casey Mongillo;
tdb-2707;Cartoons;1;What is the name of the city that The Flintstones is based in?;Bedrock;Stoneville;Rockhampton;Boulder City;
tdb-2709;Music;1;Which member of the Foo Fighters was previously the drummer for Nirvana?;Dave Grohl;Taylor Hawkins;Nate Mendel;Chris Shiflett;
tdb-2710;History;1;Abolitionist John Brown raided the arsenal in which Virginia Town?;Harper's Ferry;Richmond;Harrisonburg;Martinsburg;
tdb-2711;Cartoons;2;"When did the last episode of ""Futurama"" air before returning in 2023?";September 4, 2013;December 25, 2010;March 28, 1999;November 4, 2021;
tdb-2712;Geography;3;How many countries border Kyrgyzstan?;4;3;1;6;
tdb-2713;Music;2;Which band, with Boy George on lead vocals, won the Brit Awards in 1984?;Culture Club;Eurythmics;UB40;The Police;
tdb-2714;Video games;1;In the game Dark Souls, what is the name of the region you're in for the majority of the game?;Lordran;Drangleic;Oolacile;Catarina;
tdb-2715;General knowledge;1;Which type of cutlery is most suited for eating soup?;Spoon;Fork;Knife;Chopsticks;
tdb-2716;Board games;1;"In which year was the pen and paper RPG ""Deadlands"" released?";1996;2003;1999;1993;
tdb-2717;Vehicles;1;"Where are the cars of the brand ""Ferrari"" manufactured?";Italy;Romania;Germany;Russia;
tdb-2718;Geography;3;What is the world's smallest country by population?;Vatican City;Nauru;Marshall Islands;Lichtenstein;
tdb-2719;Geography;1;Which UK country features a dragon on their flag?;Wales;England;North Ireland;Scotland;
tdb-2720;Science and nature;1;What produces the green colour of most plant leaves?;Chlorophyll;Light refraction;Natural pigments;UV radiation;
tdb-2721;Geography;2;Which of the following is the longest river in Europe?;Volga;Danube;Ural;Dnieper;
tdb-2722;Cartoons;3;"Who played Stan's dog in the South Park episode ""Big Gay Al's Big Gay Boat Ride""?";George Clooney;Jay Leno;Matt Stone;Robert Smith;
tdb-2723;Music;2;What is the real name of Canadian electronic music producer deadmau5?;Joel Zimmerman;Sonny Moore;Adam Richard Wiles;Thomas Wesley Pentz;
tdb-2725;Books;2;What is the name of the gang that Ponyboy is a part of in the book, The Outsiders?;The Greasers;The Outsiders;The Mafia;The Socs;
tdb-2727;General knowledge;1;Red Vines is a brand of what type of candy?;Licorice;Lollipop;Chocolate;Bubblegum;
tdb-2728;Music;2;"Which member of ""The Beatles"" narrated episodes of ""Thomas the Tank Engine""?";Ringo Starr;George Harrison;John Lennon;Paul McCartney;
tdb-2729;History;3;Which one of these rulers did not belong to the Habsburg dynasty?;Philip V;Charles V;Philip II;Francis Joseph;
tdb-2731;General knowledge;1;What is the largest living species of penguin?;Emperor;King;Gentoo;Adele;
tdb-2732;Music;2;"What date is referenced in the 1971 song ""September"" by Earth, Wind & Fire?";21st of September;26th of September;23rd of September;24th of September;
tdb-2733;Music;2;Who sang backup vocals on Rockwell's hit 1984 single 'Somebody's Watching Me'?;Michael Jackson;Paul McCartney;Elton John;Prince;
tdb-2734;Science and nature;1;Alzheimer's disease primarily affects which part of the human body?;Brain;Lungs;Skin;Heart;
tdb-2735;Sport;2;Who was the British professional wrestler Shirley Crabtree better known as?;Big Daddy;Giant Haystacks;Kendo Nagasaki;Masambula;
tdb-2737;Television;1;Who won the 10th season of Big Brother in the United States?;Dan Gheesling;Adam Jasinski;Hayden Moss;Dick Donato;
tdb-2738;Geography;2;How many countries does Spain have a land border with?;5;2;3;4;
tdb-2739;Video games;3;"In the game ""Sonic the Hedgehog (1991)"" how many chaos emeralds could you collect?";6;8;7;9;
tdb-2741;Cartoons;3;"In ""Gravity Falls"", how much does Waddles weigh when Mable wins him in ""The Time Traveler's Pig""?";15 pounds;20 pounds;10 pounds;30 pounds;
tdb-2742;Animals;3;What bird is born with claws on its wing digits?;Hoatzin;Cormorant;Cassowary;Secretary bird;
tdb-2743;Video games;1;"What was Frank West's job in ""Dead Rising""?";Photojournalist;Janitor;Chef;Taxi Driver;
tdb-2744;Computers;3;What does the International System of Quantities refer 1024 bytes as?;Kibibyte;Kylobyte;Kilobyte;Kelobyte;
tdb-2745;Computers;1;What is the code name for the mobile operating system Android 7.0?;Nougat;Ice Cream Sandwich;Jelly Bean;Marshmallow;
tdb-2746;Animals;2;What is the collective noun for rats?;Mischief;Pack;Race;Drift;
tdb-2748;Vehicles;2;Which Japanese company is the world's largest manufacturer of motorcycles?;Honda;Yamaha;Suzuki;Kawasaki;
tdb-2749;General knowledge;1;What is the first book of the Old Testament?;Genesis;Exodus;Leviticus;Numbers;
tdb-2752;Video games;2;In PROTOTYPE 2, which of the following abilities/weapons is NOT obtained by an Evolved?;Tendrils;Blade;Bio-Bomb;Pack Leader;
tdb-2753;Television;2;"Which of the following figures did NOT have a cameo on ""The Drew Carey Show"" (1995-2004)?";Bill Cosby;Donald Trump;"""Weird Al"" Yankovic";Daffy Duck;
tdb-2754;Music;2;What is Brian May's guitar called?;Red Special;Blue Special;Green Special;Yellow Special;
tdb-2756;Comics;2;Who created Ultron of Earth-616?;Henry Pym;Amadeus Cho;Tony Stark;Reed Richards;
tdb-2757;Mythology;2;This Greek mythological figure is the god/goddess of battle strategy (among other things).;Athena;Ares;Artemis;Apollo;
tdb-2759;Video games;1;What year was the game Dishonored released?;2012;2011;2008;2013;
tdb-2760;Video games;1;"In ""Rainbow Six: Siege"", which of the following operators cannot breach reinforced walls?";Buck;Thermite;Hibana;Maverick;
tdb-2761;Music;1;Who is the lead singer of Green Day?;Billie Joe Armstrong;Mike Dirnt;Sean Hughes;Tré Cool;
tdb-2762;Board games;1;On a standard Monopoly board, which square is diagonally opposite 'Go'?;Free Parking;Go to Jail;Jail;The Electric Company;
tdb-2764;Music;2;"Which rock band released the album ""The Bends"" in March 1995?";Radiohead;Nirvana;Coldplay;U2;
tdb-2767;Science and nature;2;What is the largest living organism currently known to man?;Honey Fungus;Blue Whale;Redwood Tree;The Coral Reef;
tdb-2768;Video games;2;"In the game ""Subnautica"", which feature was removed due to performance issues in 2016?";Terraforming;Building;Crafting;Multiplayer;
tdb-2769;Comics;2;Which Doom Patrol member was a later addition, first appearing in 1989?;Crazy Jane;Elast-Girl;Robotman;Negative Man;
tdb-2771;Geography;2;How many rivers are in Saudi Arabia?;0;1;2;3;
tdb-2772;Anime and manga;1;What is the name of the stuffed lion in Bleach?;Kon;Jo;Urdiu;Chad;
tdb-2773;General knowledge;2;Where did the pineapple plant originate?;South America;Hawaii;Europe;Asia;
tdb-2774;Video games;2;During the game's development, what was the first ever created Pokémon?;Rhyhorn;Bulbasaur;Mew;Arceus;
tdb-2775;Video games;2;What is the name of the island introduced in the ARMA III: APEX expansion pack?;Tanoa;Altis;Stratis;Malden;
tdb-2776;Anime and manga;3;"What year was ""JoJo's Bizarre Adventure: Phantom Blood"" first released?";1987;2013;1983;1995;
tdb-2777;Music;2;Which of these is NOT an album released by The Beatles?;The Wall;Abbey Road;Magical Mystery Tour;Revolver;
tdb-2778;Music;3;What was the name of the hip hop group Kanye West was a member of in the late 90s?;The Go-Getters;The Jumpers;The Kickstarters;The Beat-Busters;
tdb-2779;Film;1;Which of these actors have NOT played Spiderman in the movies?;Michael Cera;Tobey Maguire;Andrew Garfield;Tom Holland;
tdb-2782;History;2;In what dialogue did Socrates defend himself to the court of Athens?;The Apology;The Euthyphro;The Laws;The Republic;
tdb-2783;General knowledge;2;What is the world's most expensive spice by weight?;Saffron;Cinnamon;Cardamom;Vanilla;
tdb-2785;Sport;2;Edson Arantes do Nascimento is the full name of which legendary football player?;Pelé;Romário;Zico;Ronaldinho;
tdb-2788;History;1;In which country was the Statue of Liberty built and exported to the United States of America?;France;Germany;Spain;England;
tdb-2790;General knowledge;3;"What is the romanized Arabic word for ""moon""?";Qamar;Najma;Kawkab;Shams;
tdb-2791;Video games;1;"What was the release date of ""Grand Theft Auto IV""?";April 29, 2008;May 21, 2009;June 22, 2010;July 28, 2008;
tdb-2794;Film;2;Who plays the Nemesis in the Resident Evil movies?;Matthew Taylor;Jason Dip;Eric Mabius;Jimmy Matts;
tdb-2796;Board games;2;Which of the following characters is not in the board game Clue?;Mister Indigo;Colonel Mustard;Reverend Green;Miss Scarlet;
tdb-2797;General knowledge;3;Xanthophobia is the fear of what color?;Yellow;Blue;Red;Green;
tdb-2798;General knowledge;2;If a person's hair is described as 'Titian', what colour is it?;Red;Blonde;Brunette;Black;
tdb-2799;General knowledge;1;What nuts are used in the production of marzipan?;Almonds;Peanuts;Walnuts;Pistachios;
tdb-2800;Music;1;Which of these is NOT considered a woodwind instrument?;Trombone;Oboe;Clarinet;Bassoon;
tdb-2801;Video games;1;What is the first weapon you acquire in Half-Life?;A crowbar;A pistol;The H.E.V suit;Your fists;
tdb-2802;Video games;1;In Super Mario Bros., who informs Mario that the princess is in another castle?;Toad;Luigi;Yoshi;Bowser;
tdb-2804;General knowledge;2;Which month is Black History Month in the US?;February;May;November;August;
tdb-2806;Video games;2;Who was the main antagonist of Max Payne 3 (2012)?;Victor Branco;Álvaro Neves;Armando Becker;Milo Rego;
tdb-2807;General knowledge;1;What is the name of the poker hand containing three of a kind and a pair?;Full House;Flush;Straight;High card;
tdb-2808;Vehicles;3;Which of the following FIA Rally cars was approved for use in the Group B class first?;Porsche 911 Turbo;Audi Quattro A2;BMW M1;Lancia Rally 037;
tdb-2809;History;2;Adolf Hitler was born on which date?;April 20, 1889;June 12, 1889;February 6, 1889;April 16, 1889;
tdb-2810;General knowledge;3;Which of the following British Monarchs never appeared on a circulated pound sterling coin?;Edward VIII;Victoria;George VI;Charles II;
tdb-2811;General knowledge;1;When someone is inexperienced they are said to be what color?;Green;Red;Blue;Yellow;
tdb-2812;Music;2;"When was the 3rd album ""Notes from the Underground"" of the band ""Hollywood Undead"" released?";2013;2011;2014;2009;
tdb-2813;Video games;1;"What is the name of the 4-armed Chaos Witch from the 2016 video game ""Battleborn""?";Orendi;Orendoo;Oranda;Randy;
tdb-2814;History;2;Who tutored Alexander the Great?;Aristotle;Socrates;Plato;King Philip;
tdb-2815;General knowledge;1;The “fairy” type made it's debut in which generation of the Pokemon core series games?;6th;2nd;7th;4th;
tdb-2816;Geography;1;Vatican City, the smallest country in the world, is fully enclosed by which country?;Italy;France;Spain;Germany;
tdb-2817;Geography;3;Where is Timbuktu located?;Mali, Africa;Azerbaijan, Asia;Bangladesh, Asia;Mauritania, Africa;
tdb-2819;Anime and manga;2;"The character Plum from ""No Game No Life"" is of what race?";Dhampir;Flügel;Imanity;Seiren;
tdb-2820;Animals;3;"Which of the following is another name for the ""Poecilotheria Metallica Tarantula""?";Gooty;Hopper;Silver Stripe;Woebegone;
tdb-2821;Music;1;Who is the lead singer of Pearl Jam?;Eddie Vedder;Ozzy Osbourne;Stone Gossard;Kurt Cobain;
tdb-2822;General knowledge;3;Chartreuse is a color between yellow and what?;Green;Red;Black;Purple;
tdb-2823;Video games;1;In the Half-Life series, Gordon Freeman's signature weapon is a:;Crowbar;Sledgehammer;Fiber Wire;Katana;
tdb-2824;Musicals and theatre;1;Who wrote the play 'Angels in America'?;Tony Kusher;Tom Stoppard;Matthew Lopez;Anthony Neilson;
tdb-2826;General knowledge;1;What is the name of Poland in Polish?;Polska;Pupcia;Polszka;Póland;
tdb-2827;Vehicles;2;Which one of the following is not made by Ford?;Camry;Fusion;Model A;F-150;
tdb-2828;Geography;2;What is the capital of Slovakia?;Bratislava;Sofia;Ljubljana;Sarajevo;
tdb-2830;General knowledge;2;Computer manufacturer Compaq was acquired for $25 billion dollars in 2002 by which company?;Hewlett-Packard;Toshiba;Asus;Dell;
tdb-2831;History;1;Who discovered Penicillin?;Alexander Flemming;Marie Curie;Alfred Nobel;Louis Pasteur;
tdb-2832;History;2;When was the United States National Security Agency established?;November 4, 1952;July 26, 1908;July 1, 1973;November 25, 2002;
tdb-2833;Video games;2;"In Hitman: Blood Money, what is the name of the target in the mission ""Death of a Showman""?";Joseph Clarence;The Swing King;Maynard John;Manuel Delgado;
tdb-2834;Geography;3;How many islands does Kuwait have?;9;3;6;2;
tdb-2835;Video games;1;Which of the following is not a character in the video game Doki Doki Literature Club?;Nico;Monika;Natsuki;Sayori;
tdb-2837;History;1;Where did first known lesbian rights organization in the United States, Daughters of Bilitis, start?;San Francisco;New York;Chicago;Los Angeles;
tdb-2839;Geography;1;What is the name of New Zealand's indigenous people?;Maori;Vikings;Polynesians;Samoans;
tdb-2840;Television;1;In Game of Thrones, what continent lies across the Narrow Sea from Westeros?;Essos;Easteros;Westereast;Esuntos;
tdb-2841;Video games;1;Which member of the Velvet Room is not a playable character in Persona 4 Arena Ultimax?;Theodore;Elizabeth;Margaret;Marie;
tdb-2842;Video games;1;What is the default alias that Princess Garnet goes by in Final Fantasy IX?;Dagger;Dirk;Garnet;Quina;
tdb-2845;Mythology;1;In most traditions, who was the wife of Zeus?;Hera;Aphrodite;Athena;Hestia;
tdb-2846;Science and nature;2;What are human nails made of?;Keratin;Bone;Chitin;Calcium;
tdb-2847;Music;1;Sting, the lead vocalist of The Police, primarily plays what instrument?;Bass Guitar;Drums;Guitar;Keyboards;
tdb-2850;Music;2;"Who is the Pink Floyd song ""Shine On You Crazy Diamond"" written about?";Syd Barrett;John Lennon;David Gilmour;Floyd;
tdb-2851;Video games;3;Which one of these characters appeared in Marvel vs Capcom: Infinite?;Firebrand;Wolverine;Dr. Doom;Jill Valentine;
tdb-2852;Music;3;"Who had a 1981 hit with the song ""Japanese Boy""?";Aneka;Toyah;Sandra;Madonna;
tdb-2855;Science and nature;3;A comet's gaseous envelope (which creates the tail) is called what?;The coma;The wake;The backwash;The ablative;
tdb-2856;Music;2;Which genre of Hip Hop does MC Frontalot rap?;Nerdcore;Horrorcore;Christian;Crunk;
tdb-2857;Science and nature;2;Which NASA Space Shuttle broke apart during atmospheric re-entry on February 1, 2003?;Columbia;Challenger;Discovery;Endeavour;
tdb-2858;Video games;3;"In the Animal Crossing series, which flower is erroneously called the ""Jacob's Ladder""?";Lily of the Valley;Hydrangea;Harebell;Yarrow;
tdb-2859;Mathematics;1;How many sides does a pentagon have?;5;9;6;4;
tdb-2862;Film;1;"Who is the protagonist of the 2002 film ""Kung Pow! Enter the Fist""?";Chosen One;Dragon King;Iron Monkey;Master Tang;
tdb-2863;Film;2;"Who directed the movie ""Alien""?";Ridley Scott;Christopher Nolan;Michael Bay;James Cameron;
tdb-2864;History;1;Which modern day country is the region that was known as Phrygia in ancient times?;Turkey;Syria;Greece;Egypt;
tdb-2865;Art;2;Which artist's style was to use small different colored dots to create a picture?;Georges Seurat;Paul Cézanne;Vincent Van Gogh;Henri Rousseau;
tdb-2866;Cartoons;3;"In ""Rick and Morty"", from which dimension do Rick and Morty originate from?";C-137;J1977;C-136;C500-a;
tdb-2867;Video games;1;"""Minecraft"" was released from beta in 2011 during a convention held in which city?";Las Vegas;Paris;Bellevue;London;
tdb-2868;Geography;3;Which river was dammed to create Gatun Lake and the Panama Canal?;Chagres River;Tuira River;Chucunaque River;Chepo River;
tdb-2869;General knowledge;3;"When was ""YouTube"" founded?";February 14, 2005;May 22, 2004;September 12, 2005;July 19, 2009;
tdb-2872;Music;2;La Fenice opera house is in which Italian city?;Venice;Milan;Rome;Pompeii;
tdb-2873;Music;2;Saul Hudson (Slash) of the band Guns N' Roses is known for playing what type of guitar?;Les Paul Standard;Fender Stratocaster;LsL Mongrel;Gretsch Falcon;
tdb-2874;Vehicles;3;Which car is the first mass-produced hybrid vehicle?;Toyota Prius;Chevrolet Volt;Honda Fit;Peugeot 308 R HYbrid;
tdb-2875;Video games;3;"In ""The Binding of Isaac"", which item instantly kills Mom and Mom's Heart?";The Bible;The Halo;Brimstone;Book of Shadows;
tdb-2876;History;3;What Southeast Asian country was formerly known as 'Lan Xang'?;Laos;Cambodia;Vietnam;Thailand;
tdb-2877;Video games;3;In the Nintendo Game Splatoon 2, what is Marina's screen name?;DJ_Hyperfresh;MC.princess;Kidnotsquid123;I<30ffTh3H00k;
tdb-2878;Video games;2;"Who voices Max Payne in the 2001 game ""Max Payne""?";James McCaffrey;Sam Lake;Troy Baker;Hideo Kojima;
tdb-2879;Computers;1;What is the commonly used keyboard shortcut for the 'Copy' function on Windows OS?;Ctrl + C;Ctrl + X;Alt + C;Alt + X;
tdb-2880;Film;1;"Who is frozen at the end of the movie ""Goldeneye""?";Boris Grishenko;James Bond;Natalya Simonova;Alec Travelyan;
tdb-2881;Comics;2;What is Homestuck character Gamzee's last name?;Makara;Makera;Makare;Makrea;
tdb-2882;Vehicles;3;Which Audi does not use Haldex based all wheel drive system?;Audi A8;Audi TT;Audi S3;Audi A3;
tdb-2883;Geography;1;The Alps are a mountain range on which continent?;Europe;North America;Asia;Africa;
tdb-2886;Film;2;"In the 2002 film ""Kung Pow! Enter the Fist"", why was Wimp Lo purposely trained wrong?";As a joke;For cheating;Revenge;To test him;
tdb-2887;History;1;Which of the following was Brazil was a former colony under?;Portugal;Spain;The Netherlands;France;
tdb-2888;History;2;What date was the first flight of the P-40 Warhawk?;October 14 1938;August 21 1939;January 12 1940;June 1 1939;
tdb-2889;Music;3;"Who sings the rap song ""Secret Wars Part 1""?";The Last Emperor;MC Frontalot;Busdriver;Masta Killa;
tdb-2890;Video games;2;In the game Silent Hill 2, who was James Sunderland's late wife?;Mary;Maria;Angela;Laura;
tdb-2891;Video games;1;In the PAYDAY series, who betrayed the PAYDAY gang that got Hoxton arrested?;Hector;Vlad;The Dentist;The Elephant;
tdb-2892;Video games;1;"What was the first game in the ""Battlefield"" series?";Battlefield 1942;Battlefield Vietnam;Battlefield 2;Battlefield 1;
tdb-2894;Geography;1;"Which of these African countries list ""Spanish"" as an official language?";Equatorial Guinea;Guinea;Cameroon;Angola;
tdb-2895;General knowledge;1;A criminal who has “cooked the books” has engaged in what kind of illegal behavior?;Accounting Fraud;Money Laundering;Extortion;Blackmail;
tdb-2896;Television;2;Which character does voice actress Tara Strong NOT voice?;Bubbles (2016);Twilight Sparkle;Timmy Turner;Harley Quinn;
tdb-2897;History;2;When did the Battle of the Bulge end?;January 25, 1945;August 6, 1945;December 7, 1941;December 16, 1944;
tdb-2899;Anime and manga;2;"What year did ""Bishoujo Senshi Sailor Moon"" air in Japan?";1992;1989;1990;1994;
tdb-2900;Science and nature;1;What was the name of the first artificial Earth satellite, launched by the Soviet Union in 1957?;Sputnik 1;Soyuz 7K-OK;Zenit-2;Voskhod 3KV;
tdb-2901;Video games;1;Which character was introduced to the Super Smash Bros franchise in Super Smash Bros Melee?;Sheik;Samus;Lucas;Mega Man;
tdb-2902;Music;2;"""Make You Feel My Love"" was originally written and performed by which singer-songwriter?";Bob Dylan;Elvis;Adele;Billy Joel;
tdb-2903;Video games;2;In Cook, Serve, Delicious!, which food is NOT included in the game?;Pie;Shish Kabob;Hamburger;Lasagna;
tdb-2904;Television;3;What is the Klingon's afterlife called?;Sto-vo-kor;Valhalla;Karon'gahk;New Jersey;
tdb-2906;Science and nature;1;Stars consist mainly of hydrogen and which other gas?;Helium;Oxygen;Argon;Nitrogen;
tdb-2908;History;2;Which of these founding fathers of the United States of America later became president?;James Monroe;Alexander Hamilton;Samuel Adams;Roger Sherman;
tdb-2909;Film;2;"Who played Baron Victor Frankestein in the 1957 Hammer horror film ""The Curse of Frankenstein""?";Peter Cushing;Boris Karloff;Vincent Price;Lon Chaney Jr.;
tdb-2910;Television;2;Out of the 3 Tots in Tots TV, who speaks French in the UK Version and Spanish in the US Version?;Tilly;Tom;Tiny;None of the Above;
tdb-2911;Music;2;Who is the artist of the recent new album the Uncanny Valley?;Perturbator;Carpenter Brut;GOST;Dan Terminus;
tdb-2912;Books;2;How many books are in the Chronicles of Narnia series?;7;6;8;5;
tdb-2915;General knowledge;1;"When one is ""envious"", they are said to be what color?";Green;Red;Blue;Yellow;
tdb-2916;General knowledge;1;What is the official language of Brazil?;Portuguese;Brazilian;Spanish;English;
tdb-2917;Geography;2;The land mass of modern day Turkey is called what?;Anatolia;Ismuth of Ottoma;Ottoma;Ismuth of Anatolia;
tdb-2918;Video games;2;"Which Overwatch character says the line ""Heroes never die!""?";Mercy;Reaper;Sonic;Ana;
tdb-2921;General knowledge;1;Which of these colours is NOT featured in the logo for Google?;Pink;Yellow;Blue;Green;
tdb-2923;Video games;2;Who published the 1998 video game Half-Life?;Sierra On-Line;Valve;Blizzard;EA;
tdb-2924;Film;2;"Who performed the opening theme song for the James Bond 007 movie ""Goldfinger""?";Shirley Basey;Tom Jones;John Barry;Sheena Easton;
tdb-2926;Video games;2;Who is the English voice actor for Sora from the Kingdom Hearts series?;Haley Joel Osment;Kōki Uchiyama;Jesse McCartney;Miyu Irino;
tdb-2927;Film;3;"Which actress portrayed Dr. Grace Augustine in the James Cameron movie ""Avatar""?";Sigourney Weaver;Jessica Chastain;Melissa Beckett;Alyssa Monroe;
tdb-2928;Science and nature;2;Which portion of the Marijuana plant produces the psychoactive substance known as THC?;Female Flower;Leaves;Male Flower;Root Ball;
tdb-2929;Board games;1;How many spaces are there on a standard Monopoly board?;40;28;55;36;
tdb-2932;Video games;2;"In ""Fallout 4"", what is the name of the dog you find at Red Rocket truck stop?";Dogmeat;Sparky;Quazar;Chop;
tdb-2933;General knowledge;3;The Panama Canal was officially opened by which US president?;Woodrow Wilson;Calvin Coolidge;Herbert Hoover;Theodore Roosevelt;
tdb-2934;Vehicles;2;What was the first vehicle that came with air conditioning as a factory standard?;Packard;Tucker;Ford;Hudson;
tdb-2936;Sport;1;When was the first official international game played?;1872;1880;1863;1865;
tdb-2937;Video games;2;When was the original Star Wars: Battlefront II released?;October 31, 2005;December 18, 2004;November 21, 2006;September 9, 2007;
tdb-2939;Music;1;"Who released the song ""Photograph"" in 2005?";Nickelback;Fall Out Boy;Coldplay;Green Day;
tdb-2941;Art;3;What nationality was the famous artist Pablo Picasso?;Spanish;French;Italian;German;
tdb-2942;Music;1;In an orchestra, what is the lowest member of the brass family?;Tuba;Trombone;Contrabass;Bassoon;
tdb-2943;Video games;2;Who created the Final Fantasy series developed by Square Enix?;Hironobu Sakaguchi;Yuji Horii;Akira Toriyama;Tetsuya Nomura;
tdb-2944;Music;2;Johnny Cash did a cover of this song written by lead singer of Nine Inch Nails, Trent Reznor.;Hurt;Closer;A Warm Place;Big Man with a Gun;
tdb-2946;Board games;1;"Which of these games includes the phrase ""Do not pass Go, do not collect $200""?";Monopoly;Pay Day;Cluedo;Coppit;
tdb-2950;Geography;1;What is the capital of Romania?;Bucharest;Bratislava;Belgrade;Budapest;
tdb-2951;Geography;1;What is the capital of Finland?;Helsinki;Jabraltar;Macedonia;Oslo;
tdb-2953;Sport;2;Which of the following pitchers was named National League Rookie of the Year for the 2013 season?;Jose Fernandez;Jacob deGrom;Shelby Miller;Matt Harvey;
tdb-2954;Video games;2;In Team Fortress 2, which class wields a shotgun?;Everyone Listed;Heavy;Soldier;Engineer;
tdb-2955;History;2;When was Napoleon Bonaparte crowned emperor of the French?;December 2nd 1804;July 3rd 1802;March 8th 1803;October 15th 1804;
tdb-2956;Video games;1;What is the maximum HP in Terraria?;500;400;1000;100;
tdb-2957;Video games;2;What year was the video game streaming platform TwitchTV founded?;2011;2012;2010;2014;
tdb-2958;Video games;1;In World of Warcraft's Mists of Pandaria expansion, What was the level cap?;90;85;80;75;
tdb-2959;Video games;1;How many obsidian blocks are required to build a nether portal in Minecraft?;10;14;13;16;
tdb-2962;Art;1;Who painted the Sistine Chapel?;Michelangelo;Leonardo da Vinci;Pablo Picasso;Raphael;
tdb-2963;Computers;2;How many bytes are in a single Kibibyte?;1024;2400;1000;1240;
tdb-2964;General knowledge;1;What does the 'S' stand for in the abbreviation SIM, as in SIM card?;Subscriber;Single;Secure;Solid;
tdb-2965;Video games;3;How many playable characters are there in Super Smash Bros. for Nintendo 3DS and Wii U?;58;48;51;55;
tdb-2967;Video games;1;"Which of the following is a class in the game ""Hearthstone""?";Priest;Sage;Cleric;Monk;
tdb-2968;Video games;3;Who is the victim mentioned in the second KG-8 incident, in Ace attorney Investigations, Case 4?;Deid Mann;Frank Sahwit;Shey De Killer;Raymond Shields;
tdb-2972;Comics;1;What's the race of Invincible's father?;Viltrumite;Kryptonian;Kree;Irken;
tdb-2973;Film;1;What historical time period was the center of the Assassin's Creed movie (2016)?;Spanish Inquisition;Victorian England;French Revolution;Colonial America;
tdb-2974;Cartoons;1;In South Park, what is Stan's surname?;Marsh;Stotch;Broflovski;Tweak;
tdb-2976;Video games;1;"In ""Overwatch"", which hero is able to wallride?";Lucio;Reinhardt;Sombra;Mercy;
tdb-2977;Geography;2;What is the name of the only remaining Grand Duchy in the world?;Luxembourg;Montenegro;Liechtenstein;Andorra;
tdb-2978;Music;2;In The Bangles' 'Manic Monday', what time is it already?;Six o'clock;Five o'clock;Four o'clock;Seven o'clock;
tdb-2979;Geography;1;How many federal states does Germany have?;16;13;32;25;
tdb-2980;Sport;2;Who has played the most tournaments in the German national soccer team?;Lothar Matthäus;Miroslav Klose;Philipp Lahm;Oliver Kahn;
tdb-2982;Music;2;"""Lift Your Spirit"" is an album by which artist?";Aloe Blacc;Lena Meyer-Landrut;Stevie Wonder;Taylor Swift;
tdb-2985;Music;2;'Don't You Want Me?' was a number one hit in 1981 for which electropop band?;Human League;Depeche Mode;Pet Shop Boys;Eurythmics;
tdb-2987;Board games;2;Which of the following tabletop games is the oldest?;Go;Chess;Mahjong;Shogi;
tdb-2988;Video games;3;"In Disney's ""Toontown Online"", which of these species wasn't available as a Toon?";Cow;Monkey;Bear;Pig;
tdb-2990;Computers;3;Which of the following physical typologies are used with Ethernet Networks?;Star;Ring;Mesh;Hex;
tdb-2991;Video games;2;"In ""Overwatch"", Coalescence is the name for the ultimate of which hero?";Moira;Zenyatta;Torbjorn;Symmetra;
tdb-2993;Science and nature;1;What is the elemental symbol for mercury?;Hg;Me;Mc;Hy;
tdb-2994;History;2;Which of the following is not in the Indo-European language family?;Finnish;English;Hindi;Russian;
tdb-2996;Science and nature;2;What is the medical term for low blood sugar?;Hypoglycemia;Hypothyroidism;Hypothermia;Hypoxia;
tdb-2997;Politics;2;What are the first names of the first father and son pair that were both Prime Ministers of Canada?;Justin and Pierre;John and Louis;Brian and Justin;Brian and Pierre;
tdb-2998;General knowledge;2;In what year was McDonald's founded?;1955;1964;1951;1947;
tdb-2999;Sport;1;When was the FC Schalke 04 founded?;1904;1909;2008;1999;
tdb-3000;History;2;Against which country did the Dutch Republic fight the Eighty Years' War?;Spain;France;England;Portugal;
tdb-3001;Sport;3;Which of these NHL players have never won a Hart Trophy for Regular Season MVP?;Steve Yzerman;Chris Pronger;Jose Theodore;Henrik Sedin;
tdb-3002;Politics;2;What was the personal nickname of the 40th Governor of the US State Louisiana, Huey Long?;The Kingfish;The Champ;The Hoot Owl;The Oracle;
tdb-3003;Cartoons;1;"Who voiced the Genie in Disney's ""Aladdin""?";Robin Williams;Billy Crystal;Adam Sandler;Jim Carrey;
tdb-3004;Geography;2;Which English county will you find the University of East Anglia?;Norfolk;Suffolk;Essex;Cambridgeshire;
tdb-3005;Music;2;"What year was Red Hot Chill Pepper's album ""Californication"" released?";1999;1997;2000;1992;
tdb-3006;Film;2;Which actor auditioned for the role of Luke Skywalker?;Kurt Russell;Christopher Lambert;Laurence Fishburne;James Remar;
tdb-3008;Television;2;"In the show ""The Office"" who does Michael Scott eventually end up with?";Holly Flax;Angela Martin;Jan Levinson;Pam Beesly;
tdb-3009;Science and nature;2;What is the chemical formula for ammonia?;NH3;CO2;NO3;CH4;
tdb-3013;Animals;2;What is the scientific name of the Common Chimpanzee?;Pan troglodytes;Gorilla gorilla;Pan paniscus;Panthera leo;
tdb-3015;Music;2;"Which country does the power metal band ""Sabaton"" originate from?";Sweden;Germany;United States;Finland;
tdb-3017;Video games;1;"Who created the ""Metal Gear"" Series?";Hideo Kojima;Hiroshi Yamauchi;Shigeru Miyamoto;Gunpei Yokoi;
tdb-3018;History;2;What nationality was sultan Saladin?;Kurdish;Arab;Egyptian;Syrian;
tdb-3019;Geography;2;Which of the following is NOT a capital city?;Sydney;Cairo;Moscow;Beijing;
tdb-3020;Animals;2;What is the name for a male bee that comes from an unfertilized egg?;Drone;Soldier;Worker;Male;
tdb-3021;Board games;2;In Chess, the Queen has the combined movement of which two pieces?;Bishop and Rook;Rook and King;Knight and Bishop;King and Knight;
tdb-3022;General knowledge;2;Earl Grey tea is black tea flavoured with what?;Bergamot oil;Lavender;Vanilla;Honey;
tdb-3023;General knowledge;1;Which of the following nations was NOT a belligerent in World War I?;Denmark;Portugal;Greece;Romania;
tdb-3025;Art;3;Painter Piet Mondrian (1872 - 1944) was a part of what movement?;Neoplasticism;Precisionism;Cubism;Impressionism;
tdb-3027;Mathematics;1;What is a polygon with eight sides called?;Octagon;Hexagon;Nanagon;Heptagon;
tdb-3028;Anime and manga;1;In 2013, virtual pop-star Hatsune Miku had a sponsorship with which pizza chain?;Domino's;Papa John's;Pizza Hut;Sabarro's;
tdb-3030;Film;2;Which former Star Trek actor directed Three Men and a Baby (1987)?;Leonard Nimoy;William Shatner;George Takei;James Doohan;
tdb-3031;Music;2;"Which song made by MAN WITH A MISSION was used as the opening for the anime ""Log Horizon""?";"""Database""";"""Dead End in Tokyo""";"""Raise Your Flag""";"""Out of Control""";
tdb-3032;Geography;2;What African country has Portuguese as its official language?;Mozambique;Botswana;Gabon;Togo;
tdb-3033;Animals;2;Which animal was part of an Russian domestication experiment in 1959?;Foxes;Pigeons;Bears;Alligators;
tdb-3035;History;2;Which of the following Assyrian kings did NOT rule during the Neo-Assyrian Empire?;Shamshi-Adad III;Shalmaneser V;Esharhaddon;Ashur-nasir-pal II;
tdb-3036;Computers;2;What was the first Android version specifically optimized for tablets?;Honeycomb;Eclair;Froyo;Marshmellow;
tdb-3038;Video games;2;How old is Chloe Price in Life is Strange: Before the Storm?;16;24;19;15;
tdb-3039;Video games;2;Which of the following is a character in the video game Destiny?;Cayde-6;Ostrava of Boletaria;Mordecai the Hunter;Leon S. Kennedy;
tdb-3040;Comics;2;In the comics, which Sonic character took command of the Dark Legion after Luger's assassination?;Lien-Da;Kragok;Dimitri;Remington;
tdb-3041;Music;2;What was the title of ABBA`s first UK hit single?;Waterloo;Mamma Mia;Fernando;Dancing Queen;
tdb-3042;Comics;1;"Which universe crossover was introduced in the ""Sonic the Hedgehog"" comic issue #247?";Mega Man;Super Mario Brothers;Alex Kidd;Super Monkey Ball;
tdb-3043;Film;1;"Which of these actors/actresses is NOT a part of the cast for the 2016 movie ""Suicide Squad""?";Scarlett Johansson;Jared Leto;Will Smith;Margot Robbie;
tdb-3044;Sport;1;Which of these NHL teams originally played in Atlanta?;Calgary Flames;St. Louis Blues;Minnesota Wild;Vancouver Canucks;
tdb-3045;Music;2;"Which Aerosmith album featured ""Walk This Way""?";Toys in the Attic;Rocks;Get Your Wings;Draw the Line;
tdb-3047;General knowledge;2;A doctor with a PhD is a doctor of what?;Philosophy;Psychology;Phrenology;Physical Therapy;
tdb-3049;Books;2;Of the following, which Stephen King novel was published earliest?;"""Cujo""";"""Misery""";"""Christine""";"""IT""";
tdb-3050;Video games;2;What is the name of the 8th installment in the Fire Emblem series?;The Sacred Stones;Blazing Sword;Awakening;Path of Radiance;
tdb-3051;Science and nature;1;Which of these Elements is a metalloid?;Antimony;Tin;Bromine;Rubidium;
tdb-3054;General knowledge;1;What technology is named after a tenth-century ruler of Denmark and Norway?;Bluetooth;Wi-Fi;GPS;Internet;
tdb-3055;Sport;1;The Los Angeles Dodgers were originally from what U.S. city?;Brooklyn;Las Vegas;Boston;Seattle;
tdb-3056;General knowledge;1;What is the largest organ of the human body?;Skin;Heart;large Intestine;Liver;
tdb-3057;Sport;1;"Which city did the former NHL team ""The Nordiques"" originiate from?";Quebec City;Houston;Montreal;New York;
tdb-3058;Geography;2;What is the capital of Estonia?;Tallinn;Helsinki;Tartu;Riga;
tdb-3059;Video games;1;What year was Super Mario Bros. released?;1985;1983;1987;1986;
tdb-3060;Computers;2;.at is the top-level domain for what country?;Austria;Argentina;Australia;Angola;
tdb-3062;Sport;2;Which German sportswear company's logo is the 'Formstripe'?;Puma;Nike;Adidas;Reebok;
tdb-3063;Music;2;EDM producer Marshmello performs live wearing clothes and a marshmallow mask of what colour?;White;Black;Blue;Yellow;
tdb-3064;Sport;2;What cricketing term denotes a batsman being dismissed with a score of zero?;Duck;Bye;Beamer;Carry;
tdb-3066;Video games;1;Which Game Boy from the Game Boy series of portable video game consoles was released first?;Game Boy Color;Game Boy Advance;Game Boy Micro;Game Boy Advance SP;
tdb-3067;Anime and manga;3;"Medaka Kurokami from ""Medaka Box"" has what abnormality?";The End;Perfection;Sandbox;Fairness;
tdb-3068;Music;2;In what year was Tchaikovsky's 1812 Overture composed?;1880;1812;1790;1840;
tdb-3069;Video games;2;Which is the protagonist of Bioshock Infinite?;Booker DeWitt;Zachary Comstock;Arthas Menethil;Herbie Hancock;
tdb-3070;Video games;3;"In the original ""Super Mario Bros."", what is the acceleration of Mario if he was in free fall?";91.28 m/s^2;110 m/s^2;9.42 m/s^2;4.4 m/s^2;
tdb-3071;Video games;2;Which Dota 1 hero changed gender when ported to Dota 2?;Legion Commander;Axe;Keeper of the Light;Templar Assassin;
tdb-3072;General knowledge;2;What was the height of Kingda Ka, the tallest roller coaster in the world from 2005 to 2024?;456 ft;500 ft;429 ft;396 ft;
tdb-3074;Science and nature;2;Which of these stars is the largest?;UY Scuti;VY Canis Majoris;Betelgeuse;RW Cephei;
tdb-3075;Sport;2;Which sport is NOT traditionally played during the Mongolian Naadam festival?;American Football;Wrestling;Archery;Horse-Racing;
tdb-3076;Film;2;"In the 1979 British film ""Quadrophenia"" what is the name of the seaside city the mods are visiting?";Brighton;Eastbourne;Mousehole;Bridlington;
tdb-3079;Anime and manga;2;"In ""To Love-Ru"", who is the first to hear of Yami's past from her?";Rito;Mikan;Lala;Haruna;
tdb-3080;Vehicles;3;The difference between the lengths of a Boeing 777-300ER and an Airbus A350-1000 is closest to:;0.1m;1m;10m;100m;
tdb-3081;Science and nature;2;What mineral has the lowest number on the Mohs scale?;Talc;Quartz;Diamond;Gypsum;
tdb-3083;Music;2;Which one of these artists appears in the album Deltron 3030?;Dan the Automater;Lamarr Kendrick;Danger Mouse;CeeLo Green;
tdb-3084;Sport;2;A stimpmeter measures the speed of a ball over what surface?;Golf Putting Green;Football Pitch;Cricket Outfield;Pinball Table;
tdb-3086;Video games;1;Aperture Science CEO Cave Johnson is voiced by which American actor?;J.K. Simmons;Nolan North;John Patrick Lowrie;Christopher Lloyd;
tdb-3087;Comics;2;Who is the second person to take up the mantle of Night Owl in the Watchmen graphic novel?;Daniel Dreiberg;Nelson Gardner;Hollis Mason;Adrian Veidt;
tdb-3088;Vehicles;3;Which of the following Union Pacific 'Big Boy' locomotives was restored to working order in 2019?;4014;4012;4004;4000;
tdb-3089;Science and nature;2;Au on the Periodic Table refers to which element?;Gold;Silver;Oxygen;Nickel;
tdb-3091;Anime and manga;2;"In ""Highschool DxD"", Koneko Toujou is from what race?";Nekomata;Kitsune;Human;Kappa;
tdb-3092;Music;2;Which British band did Keith Moon play in until his death in 1978?;The Who;The Kinks;The Yardbirds;The Small Faces;
tdb-3093;Television;2;"In ""The Simpsons"", what is the real name of ""Comic Book Guy""?";Jeff Albertson;Comic Book Guy;Edward Stone;Jack Richardson;
tdb-3095;Film;1;"Who directed the 2017 movie ""The Shape of Water""?";Guillermo del Toro;Steven Spielberg;James Cameron;Martin Scorsese;
tdb-3096;General knowledge;1;What is the name of the extra pedal on a manual or standard transmission car?;Clutch;Shifter;Booster;Parking Brake;
tdb-3097;Video games;1;"How many Chaos Emeralds are there in the ""Sonic the Hedgehog"" universe?";7;6;8;14;
tdb-3100;General knowledge;1;"The American company ""Campbell's"" is most well known for making what food product?";Canned soups;Chocolate;Soft drinks;Sausages;
tdb-3101;Television;1;In Supernatural, what's is Sam's brothers name?;Dean;Dave;Steve;Mike;
tdb-3102;Video games;3;"The map featured in Arma 3 named ""Altis"" is based off of what Greek island?";Lemnos;Ithaca;Naxos;Anafi;
tdb-3103;Video games;3;"What is the plane of existence in MicroProse's 1997 ""Magic the Gathering""?";Shandalar;Theros;Ravnica;Amonkhet;
tdb-3104;General knowledge;2;Which of these companies does NOT manufacture automobiles?;Ducati;Nissan;GMC;Fiat;
tdb-3105;Comics;1;"What is the alter-ego of the DC comics character ""Superman""?";Clark Kent;Bruce Wayne;Arthur Curry;John Jones;
tdb-3106;Video games;2;"In ""Call Of Duty: Zombies"", which map introduced the perk ""PhD Flopper""?";Ascension;Moon;Call Of The Dead;Die Rise;
tdb-3107;Video games;1;"In the video game franchise ""Halo"", what is the UNSC's main opposing faction called?";The Covenant;The Reckoning;The Peoples;The Slaughterers;
tdb-3108;Music;3;Which of the following is NOT a real song from the band Thousand Foot Krutch?;Limitless Fury;Let The Sparks Fly;Down;Give Up The Ghost;
tdb-3110;Video games;2;"What type of genre is the controversial 2015 game ""Hatred""?";Shoot 'Em Up;Point & Click;MMORPG;Simulation;
tdb-3112;General knowledge;1;Who invented the first ever chocolate bar, in 1847?;Joseph Fry;Andrew Johnson;John Cadbury;John Tyler;
tdb-3113;Video games;2;Which was the first video game to be produced by development company Rare?;Slalom;R.C. Pro-Am;Donkey Kong Country;Battletoads;
tdb-3114;Television;2;Alan Reed is known for providing the voice of which character?;Fred Flintstone;Bugs Bunny;Fangface;G.I. Joe;
tdb-3115;Video games;1;What is the name of the City in Saints Row The Third?;Steelport;Stilwater;Carcer;Liberty;
tdb-3116;Geography;1;What is the largest hot desert in the world?;Sahara;Gobi;Mojave;Kalahari;
tdb-3117;Video games;1;What is Pikachu's National PokéDex Number?;#025;#001;#031;#109;
tdb-3118;Science and nature;2;To the nearest minute, how long does it take for light to travel from the Sun to the Earth?;8 Minutes;6 Minutes;2 Minutes;12 Minutes;
tdb-3119;Mathematics;2;What shape does sin(x) or cos(x) make on a graph?;Waves;A Parabola;A Straight Line;Zig-Zags;
tdb-3120;Video games;2;Where was the Sniper character in Team Fortress 2 born?;New Zealand;South Africa;Antarctica;Australia;
tdb-3121;Geography;3;Into which basin does the Jordan River flow into?;Dead Sea;Aral Sea;Caspian Sea;Salton Sea;
tdb-3123;Celebrities;1;By what name is Carlos Estevez better known?;Charlie Sheen;Ricky Martin;Bruno Mars;Joaquin Phoenix;
tdb-3124;Film;1;"In ""ALF"", what was ALF's real name?";Gordon Shumway;Gordon Milipp;Gordon Foster;Gordon von Gam;
tdb-3125;Video games;3;Which souls game was not directed by Hidetaka Miyazaki?;Dark Souls 2;Demon Souls;Dark Souls;Dark Souls 3;
tdb-3126;Music;3;What is the name of the 2016 mixtape released by Venezuelan electronic producer Arca?;Entrañas;&&&&&&;Sheep;Xen;
tdb-3127;Anime and manga;1;"Who is the armored titan in ""Attack On Titan""?";Reiner Braun;Armin Arlelt;Mikasa Ackermann;Eren Jaeger;
tdb-3128;General knowledge;3;According to Fair Works Australia, how long do you have to work to get Long Service Leave?;7 years;2 years;8 years;6 months;
tdb-3129;Geography;2;Which one of these countries borders with Poland?;Lithuania;France;Norway;Netherlands;
tdb-3130;Sport;3;What is “The Sport of Kings”?;Horse Racing;Chess;Jousting;Fencing;
tdb-3131;General knowledge;2;"The phrase ""accident waiting to happen"" is an example of what type of figure of speech?";Idiom;Simile;Metaphor;Analogy;
tdb-3132;Anime and manga;2;"What is the name of the main character of the anime ""One-Punch Man""?";Saitama;Genos;Sonic;King;
tdb-3133;General knowledge;1;What is the profession of Elon Musk's mom, Maye Musk?;Model;Professor;Biologist;Musician;
tdb-3134;Video games;1;Who is the main villain in Bendy and the ink machine?;Bendy;Joey Drew;Alice;Boris;
tdb-3135;Science and nature;1;What is the first element on the periodic table?;Hydrogen;Helium;Oxygen;Lithium;
tdb-3137;Film;2;In what movie does Eddie Murphy swap identities with Dan Aykroyd?;Trading Places;Ghostbusters;Coming to America;The Blues Brothers;
tdb-3138;Video games;3;"In ""Call Of Duty: Zombies"", which weapon does NOT deal any damage?";31-79 JGb215;Sliquifier;V-R11;Wunderwaffe DG-2;
tdb-3139;Video games;2;"In the ""Call Of Duty: Zombies"" map ""Origins"", how many numbered power generators are there?";6;8;5;3;
tdb-3141;Television;1;"Which show is known for the songs ""You are a Pirate"", ""Cooking by the Book"" and ""We Are Number One""?";LazyTown;Sofia the First;DuckTales;Tom and Jerry;
tdb-3142;Video games;1;What minimum level in the Defence skill is needed to equip Dragon Armour in the MMO RuneScape?;60;65;55;70;
tdb-3144;Mathematics;2;"What are the first 6 digits of the number ""Pi""?";3.14159;3.14169;3.12423;3.25812;
tdb-3146;History;3;Which is the hull NO. of the Fletcher class destroyer Fletcher?;DD-445;DD-992;DD-444;DD-446;
tdb-3147;General knowledge;3;Which of the following chemicals are found in eggplant seeds?;Nicotine;Mescaline;Cyanide;Psilocybin;
tdb-3148;Video games;3;In the 2014 Pokemon VGC Finals, which Pokemon was famous for bringing the winner to victory?;Pachirisu;Garchomp;Lapras;Primal Groudon;
tdb-3149;General knowledge;2;What year was Apple Inc. founded?;1976;1978;1980;1974;
tdb-3150;Video games;2;"Which of the following games in the Anno series introduced the ""Eco Balance"" gameplay mechanic?";Anno 2070;Anno 1404;Anno 2205;Anno 1701;
tdb-3151;Video games;1;"What is the name of the game developer who created ""Call Of Duty: Zombies""?";Treyarch;Sledgehammer Games;Infinity Ward;Naughty Dog;
tdb-3152;Mythology;2;What is the name of the Greek god of blacksmiths?;Hephaestus;Dyntos;Vulcan;Artagatus;
tdb-3153;Video games;1;In Undertale, MEGALOVANIA is a theme for which character?;Sans;Flowey;Papyrus;Undyne;
tdb-3154;Geography;1;What is the capital of Denmark?;Copenhagen;Aarhus;Odense;Aalborg;
tdb-3157;Video games;1;Which of these characters is the mascot of the video game company SEGA?;Sonic the Hedgehog;Dynamite Headdy;Alex Kidd;Opa-Opa;
tdb-3158;Computers;1;Which company was established on April 1st, 1976 by Steve Jobs, Steve Wozniak and Ronald Wayne?;Apple;Microsoft;Atari;Commodore;
tdb-3159;Film;1;"In the 1992 film ""Army of Darkness"", what name does Ash give to his double-barreled shotgun?";Boomstick;Bloomstick;Blastbranch;2-Pump Chump;
tdb-3160;Music;1;What is not a wind instrument?;Viola;Oboe;Trombone;Duduk;
tdb-3161;Video games;1;What war is Call Of Duty: Black Ops based on?;Cold War;WW3;Vietnam;WW1;
tdb-3162;Geography;2;The US state of New York has about as many inhabitants as?;Romania;Poland;Germany;Hungary;
tdb-3164;Music;2;"Which Queen song was covered by Brittany Murphy in the 2006 film ""Happy Feet""?";Somebody to Love;Under Pressure;Flash;Bohemian Rhapsody;
tdb-3165;Science and nature;2;About how old is Earth?;4.5 Billion Years;3.5 Billion Years;2.5 Billion Years;5.5 Billion Years;
tdb-3166;General knowledge;3;What type of dog is 'Handsome Dan', the mascot of Yale University?;Bulldog;Yorkshire Terrier;Boxer;Pug;
tdb-3168;History;2;In 1845, a series of wars named after which indigenous people began in New Zealand?;Māori;Papuans;Aborigines;Polynesians;
tdb-3170;Television;2;"How many seasons did the TV show ""Donkey Kong Country"" last?";2;1;4;5;
tdb-3171;Science and nature;2;Which of the following is NOT a passive electrical component?;Transistor;Resistor;Capacitor;Inductor;
tdb-3173;Anime and manga;2;"In JoJo's Bizarre Adventure, who says ""Yare yare daze""?";Jotaro Kujo;Joseph Joestar;Jolyne Cujoh;Koichi Hirose;
tdb-3174;Science and nature;2;What is the Linnean name of the domestic apple tree?;Malus pumila;Malus americana;Pomus domestica;Appelus delectica;
tdb-3175;General knowledge;1;What word represents the letter 'T' in the NATO phonetic alphabet?;Tango;Target;Taxi;Turkey;
tdb-3176;Music;2;Who had a US and UK number 1 hit in 1962 with the instrumental, 'Telstar'?;The Tornados;The Ventures;The Spotnicks;The Tremeloes;
tdb-3177;Animals;3;"Which species is a ""mountain chicken""?";Frog;Chicken;Horse;Fly;
tdb-3179;History;3;Pianist Frédéric Chopin was a composer of which musical era?;Romantic;Classic;Baroque;Renaissance;
tdb-3180;Music;1;What is the name of Death Grips Front Man, MC Ride?;Stefan Burnett;Zach Hill;Andy Morin;Stanley Burrell;
tdb-3181;Video games;2;When was Final Fantasy XV released?;November 29th, 2016;October 25th, 2016;December 31th, 2016;November 30th, 2016;
tdb-3182;Video games;1;Who voices GLaDOS in the Portal games?;Ellen McLain;Michelle Forbes;Mary Kae Irvin;Natasha Radski;
tdb-3183;Science and nature;2;What is the atomic number of Uranium;92;235;17;167;
tdb-3184;Video games;2;In the Mario Kart and Smash Bros. Games, Princess Rosalina is considered what weight class?;Heavy;Medium;Light;Light-Medium;
tdb-3185;Geography;2;Which of the following countries banned the use of personal genetic ancestry tests?;Germany;Austria;Canada;Sweden;
tdb-3186;Film;1;"What movie starring Bruce Willis contains the line ""I see dead people""?";The Sixth Sense;The Fifth Element;Die Hard;Armageddon;
tdb-3187;Video games;2;In what year was the original Sonic the Hedgehog game released?;1991;1989;1993;1995;
tdb-3190;Comics;1;"In ""Homestuck"" what is Dave Strider's guardian?";Bro;Becquerel;Doc Scratch;Halley;
tdb-3191;Politics;1;What candidate won the 2012 US Presidential Election?;Barack Obama;Mitt Romney;Bob Hope;Ross Perot;
tdb-3193;Video games;1;Who's the voice actor for Thrall in the Warcraft game series?;Chris Metzen;Ben Affleck;Jason Derulo;Jim Carrey;
tdb-3195;Musicals and theatre;1;What is Jean ValJean's first prisoner number?;24601;9430;1729;32769;
tdb-3197;Vehicles;1;What are the cylinder-like parts that pump up and down within the engine?;Pistons;Leaf Springs;Radiators;ABS;
tdb-3198;General knowledge;1;How many fingers does a single human hand have?;Four;Five;Ten;Eight;
tdb-3200;Books;1;"Who wrote ""Harry Potter""?";J.K. Rowling;J.R.R. Tolkien;Terry Pratchett;Daniel Radcliffe;
tdb-3201;Film;1;"Who plays protagonist Ethan Hunt in the ""Mission: Impossible"" film-series?";Tom Cruise;Johnny Depp;Sean Connery;Pierce Brosnan;
tdb-3202;Sport;3;Which English football team is nicknamed 'The Tigers'?;Hull City;Cardiff City;Bristol City;Manchester City;
tdb-3203;Anime and manga;3;"Which animation studio animated ""Hidamari Sketch""?";Shaft;Trigger;Kyoto Animation;Production I.G;
tdb-3204;Sport;3;"Which player ""kung-fu kicked"" a Crystal Palace fan in January 1995?";Eric Cantona;David Seamen;Ashley Cole;Mark Hughes;
tdb-3205;Vehicles;1;Which Italian city is home of the car manufacturer 'Fiat'?;Turin;Maranello;Modena;Rome;
tdb-3206;Music;1;Of which 90s boy band was Justin Timberlake a member?;*NSYNC;Backstreet Boys;Westlife;Boyzone;
tdb-3208;Video games;1;"In ""A Hat in Time"", what must Hat Kid collect to finish a level";A time piece;A heart fragment;A relic fragment;A hat;
tdb-3209;Science and nature;1;Who is the chemical element Curium named after?;Marie & Pierre Curie;The Curiosity Rover;Curious George;Stephen Curry;
tdb-3210;Science and nature;3;Coulrophobia is the irrational fear of what?;Clowns;Cemeteries;Needles;Tunnels;
tdb-3211;Geography;2;The historical city Timbuktu is located in which West African country?;Mali;Senegal;Niger;Burkina Faso;
tdb-3212;Computers;3;Australia, Japan, and Southeast Asia are in which ITU Region?;Region 3;Region 1;Region 2;Region 4;
tdb-3213;Geography;1;What is the capital of India?;New Delhi;Beijing;Montreal;Tithi;
tdb-3216;Animals;1;How many legs do butterflies have?;6;2;4;0;
tdb-3217;Video games;2;"Which company developed the video game ""Borderlands""?";Gearbox Software;2K Games;Activision;Rockstar Games;
tdb-3218;Video games;1;Who made Garry's Mod?;Garry Newman;Randy Newman;Facepunch Studios;Gabe Newell;
tdb-3219;Video games;2;The creator of the Touhou Project series is:;ZUN;SUN;RUN;PUN;
tdb-3221;Geography;1;What is the name of the ocean that Hawaii is located in?;Pacific;Atlantic;Indian;Arctic;
tdb-3222;Geography;2;"In Washington, D.C. what does the ""C"" stand for?";Columbia;Caledonia;Corinthia;City;
tdb-3223;Geography;3;Which country is the Taedong River in?;North Korea;South Korea;Japan;China;
tdb-3224;Cartoons;2;"In ""The Amazing World of Gumball"", who is the principal of Elmore Junior High?";Principal Brown;Principal Small;Principal Brawn;Principal Simeon;
tdb-3225;Animals;3;Chronic Wasting Disease (CWD) exclusively infects members of which family of animals?;Cervids;Hominids;Felids;Canids;
tdb-3226;History;3;When did Lithuania declare independence from the Soviet Union?;March 11th, 1990;December 25th, 1991;December 5th, 1991;April 20th, 1989;
tdb-3227;Vehicles;3;Which Variable Valve Timing technology is used by BMW?;VANOS;VVT-iw;VVEL;MultiAir;
tdb-3228;Music;1;"What kind of instrument is a ""Mandolin""?";String;Brass;Percussion;Woodwind;
tdb-3232;Science and nature;2;Which Swiss psychologist is synonymous with the concepts of introvert and extrovert personalities?;Carl Jung;Jean Piaget;Alice Miller;Hermann Rorschach;
tdb-3234;Video games;3;Which one of the following titles by Valve is not based on a Community Mod?;Ricochet;Day of Defeat;Counter-Strike;Alien Swarm;
tdb-3236;Politics;3;Which US state was the first to allow women to vote in 1869?;Wyoming;California;Delaware;Virginia;
tdb-3237;Video games;2;"Which company made the Japanese RPG ""Dragon Quest""?";Square Enix;Capcom;Konami;Blizzard;
tdb-3239;Sport;3;The AHL affiliate team of the Boston Bruins is named what?;Providence Bruins;New Haven Bruins;Cambridge Bruins;Hartford Bruins;
tdb-3240;General knowledge;2;Apple co-founder Steve Jobs died from complications of which form of cancer?;Pancreatic;Bone;Liver;Stomach;
tdb-3241;Anime and manga;1;What is the name of the corgi in Cowboy Bebop?;Einstein;Edward;Rocket;Joel;
tdb-3242;History;3;"With which Greek philosopher would you associate the phrase, ""I know that I know nothing""?";Socrates;Aristotle;Plato;Pythagoras;
tdb-3243;Geography;1;On which continent does the Andes mountain range lie?;South America;Europe;Asia;Africa;
tdb-3244;General knowledge;1;Who played General Aladeen in The Dictator?;Sacha Baron Cohen;Johnny Depp;James Franco;Leonardo Dicaprio;
tdb-3245;Video games;3;"In ""Pokémon Sun and Moon"", Team Skull took over which town?";Po Town;Heahea City;Tapu Village;Iki Town;
tdb-3246;Geography;2;Which of these country's capitals starts with the letter B?;Lebanon;Jordan;Kuwait;Qatar;
tdb-3247;Video games;1;"Which character in Undertale tells you that you're ""gonna have a bad time""?";Sans;Undyne;Asgore;Asriel Dreemurr;
tdb-3248;General knowledge;1;What was the name of the WWF professional wrestling tag team made up of the wrestlers Ax and Smash?;Demolition;The Dream Team;The Bushwhackers;The British Bulldogs;
tdb-3249;Computers;2;What does the 'S' in the RSA encryption algorithm stand for?;Shamir;Secure;Schottky;Stable;
tdb-3252;Gadgets;3;Which of the following is used to measure blood pressure?;Sphygmomanometer;Barometer;Ruler;Haemoerythrometer;
tdb-3253;Mathematics;2;How many zeros are there in a googol?;100;10;1,000;1,000,000;
tdb-3255;Geography;3;Which of these is an official currency of the Cook Islands?;New Zealand Dollar;United States Dollar;British Pound;Australian Dollar;
tdb-3256;Music;1;"In the words of his 1973 song, Bob Dylan is ""knock, knock, knockin"" on which door?";Heaven's;Opportunity's;Angie's;Eileen's;
tdb-3257;Music;1;"The ""K"" in ""K-Pop"" stands for which word?";Korean;Kenyan;Kazakhstan;Kuwaiti;
tdb-3258;Computers;1;The programming language 'Swift' was created to replace what other programming language?;Objective-C;C#;Ruby;C++;
tdb-3259;Video games;3;"In the SHMUP series, ""Darius"", what is the name of the antagonist faction you fight against?";Belsar;Bacterion;Bydo;Orn Empire;
tdb-3261;Books;2;"Who is the protagonist of the book: ""The Catcher in the Rye"" by J.D. Salinger";Holden Caulfield;Holden David;Jerome Caulfield;Jerome David;
tdb-3262;Musicals and theatre;1;Which Shakespeare play inspired the musical 'West Side Story'?;Romeo & Juliet;Hamlet;Macbeth;Othello;
tdb-3263;Television;2;Which British writer wrote for both Doctor Who and Sherlock?;Steven Moffatt;Phil Ford;Russell T Davies;Toby Whithouse;
tdb-3265;Computers;1;"In ""Hexadecimal"", what color would be displayed from the color code? ""#00FF00""?";Green;Red;Blue;Yellow;
tdb-3266;Anime and manga;2;"What was the reason for the banning of episode 35 of the ""Pokémon Original Series"" Anime?";Gun Usage;Flashing Images;Jynx;Strong Violence;
tdb-3267;Music;2;"From which album is the Gorillaz song, ""On Melancholy Hill"" featured in?";Plastic Beach;Demon Days;Humanz;The Fall;
tdb-3269;Video games;2;In Portal 2, the iconic character GLaDOS is turned into:;A potato;A tomato;A lemon;An apple;
tdb-3270;History;2;How old was Lyndon B. Johnson when he assumed the role of President of the United States?;55;50;60;54;
tdb-3271;General knowledge;2;This field is sometimes known as “The Dismal Science.”;Economics;Philosophy;Politics;Physics;
tdb-3272;Music;1;Who had a 1983 hit with the song 'Africa'?;Toto;Foreigner;Steely Dan;Journey;
tdb-3273;Celebrities;1;Aubrey Graham is better known as;Drake;Travis Scott;Lil Wayne;2 Chainz;
tdb-3274;Music;2;In 2015, David Hasselhof released a single called...;True Survivor;True Fighter;Real Kung-Fury;Real Warrior;
tdb-3276;Music;1;When was Gangnam Style uploaded to YouTube?;2012;2013;2014;2011;
tdb-3279;Science and nature;3;Muscle fiber is constructed of bundles small long organelles called what?;Myofibrils;Epimysium;Myofiaments;Myocardium;
tdb-3280;Anime and manga;2;"What year does Part 7 of ""JoJo's Bizarre Adventure"" take place in?";1890;1888;1999;2003;
tdb-3282;Video games;1;What is the name of Team Fortress 2's Heavy Weapons Guy's minigun?;Sasha;Betty;Anna;Diana;
tdb-3283;History;1;What is widely considered to be the oldest civilization known to mankind?;Sumeria;Babylon;Assyria;Phoenicia;
tdb-3284;General knowledge;1;What do sailors call the back of a boat?;Stern;Bow;Starboard;Port;
tdb-3285;General knowledge;1;Which of the following blood component forms a plug at the site of injuries?;Platelets;Red blood cells;White blood cells;Blood plasma;
tdb-3286;History;2;Which country was an allied power in World War II?;Soviet Union;Italy;Germany;Japan;
tdb-3287;Geography;1;Which of the following Arab countries does NOT have a flag containing only Pan-Arab colours?;Qatar;Kuwait;United Arab Emirates;Jordan;
tdb-3288;General knowledge;1;Which is the second largest native language spoken in Spain by numbers of speakers?;Catalan;Portuguese;Spanish;French;
tdb-3289;Anime and manga;2;"Who wrote and directed the animated movie ""Spirited Away"" (2001)?";Hayao Miyazaki;Isao Takahata;Mamoru Hosoda;Hidetaka Miyazaki;
tdb-3290;Mythology;2;Who is the God Loki's son?;Fenrir;Odin;Hel;Sigyn;
tdb-3293;Video games;2;"Which operation in ""Tom Clancy's Rainbow Six Siege"" introduced the ""Skyscraper"" map?";Red Crow;Velvet Shell;Skull Rain;Dust Line;
tdb-3295;General knowledge;1;What do sailors call the right side of a boat?;Starboard;Port;Stern;Bow;
tdb-3296;Video games;1;Which of these is NOT a map included in the game Counter-Strike: Global Offensive?;Oilrig;Assault;Mirage;Cache;
tdb-3298;Science and nature;3;Which of these is used to show that Earth spins on an axis?;Foucault Pendulum;Polaris;Sundial;Tectonic Plates;
tdb-3300;Science and nature;1;What is the thin, outermost layer of the Earth?;Crust;Exosphere;Mantle;Outer Core;
tdb-3301;Video games;3;"When was the first ""Half-Life"" released?";1998;2004;1999;1997;
tdb-3302;Television;2;"In the TV series ""Person of Interest"", who plays the character ""Harold Finch""?";Michael Emerson;Jim Caviezel;Taraji P. Henson;Kevin Chapman;
tdb-3303;Video games;2;In The Elder Scrolls V: Skyrim, who is the jester in the dark brotherhood?;Cicero;Lucien Lachance;Archimedes;Astrid;
tdb-3304;Video games;1;"In the game ""Dead Rising"", what is the profession of the main character Frank West?";Photojournalist;Motorbike Performer;Bartender;Mechanic;
tdb-3305;Computers;2;What is the main CPU is the Sega Mega Drive / Sega Genesis?;Motorola 68000;Zilog Z80;Yamaha YM2612;Intel 8088;
tdb-3306;Mythology;1;What mytological creatures have women's faces and vultures' bodies?;Harpies;Mermaids;Nymph;Lilith;
tdb-3307;Geography;1;If soccer is called football in England, what is American football called in England?;American football;Combball;Handball;Touchdown;
tdb-3308;Geography;3;Which of these countries is NOT the only country to start with that letter of the alphabet?;Zambia;Qatar;Yemen;Oman;
tdb-3309;Video games;1;"In the video game ""Team Fortress 2"", which class is able to double jump?";Scout;Spy;Engineer;Pyro;
tdb-3311;History;2;What is the name of the famous Apache leader who died in 1909 at the age of 70?;Geronimo;Sitting Bull;Red Cloud;Crazy Horse;
tdb-3312;History;2;Which historical conflict killed the most people?;World War II;Taiping Rebellion;Three Kingdoms War;Mongol conquests;
tdb-3315;Sport;2;Who won the 1994 San Marino Grand Prix, the race in which Ayrton Senna was killed?;Michael Schumacher;Nicola Larini;Gerhard Berger;Mika Häkkinen;
tdb-3316;Video games;2;"Which of the following is not a prosecutor in the ""Ace Attorney"" video game series?";Jake Marshall;Godot;Miles Edgeworth;Jacques Portsman;
tdb-3317;Video games;3;In the Pokémon series, what is Palkia's hidden ability?;Telepathy;Pressure;Water Bubble;Hydration;
tdb-3319;General knowledge;2;Which mountain has the highest peak in Europe?;Mount Elbrus, Russia;Shkhara, Georgia;Mount Ararat, Turkey;Mont Blanc, France;
tdb-3320;Video games;2;"In the game ""Cave Story,"" what is the character Balrog's catchphrase?";Huzzah!;Yes!;Whoa there!;Nyeh heh heh!;
tdb-3322;Video games;2;"Which car is NOT featured in ""Need for Speed: Hot Pursuit 2""?";Toyota MR2;Ford Crown Victoria;BMW Z8;McLaren F1;
tdb-3323;Video games;2;What level do you have to be to get a service medal on CS:GO?;40;50;30;20;
tdb-3324;Science and nature;3;Which of the following elements is typically used in the doping of the semiconductor silicon?;Boron;Oxygen;Carbon;Iron;
tdb-3325;Mathematics;2;In a normal distribution, 95% of the data lies within how many standard deviations of the mean?;2;1;3;4;
tdb-3326;Film;2;"Peter Jackson's film series ""The Lord of the Rings"" was shot entirely in which country?";New Zealand;Scotland;Canada;Iceland;
tdb-3327;Science and nature;2;How many baby/milk teeth does a human child have in total?;20;10;15;25;
tdb-3329;Video games;2;In the Mass Effect trilogy, who is the main protagonist?;Shepard;Mordin;Garrus;Thane;
tdb-3331;Comics;1;"This Marvel superhero is often called ""The man without fear"".";Daredevil;Thor;Wolverine;Hulk;
tdb-3333;Music;2;"Which alternative rock band released the critically-acclaimed album ""OK Computer""?";Radiohead;R.E.M.;Nirvana;Coldplay;
tdb-3334;Video games;1;As of the year 2026, how many known moons does Jupiter have?;97;11;43;104;
tdb-3335;Anime and manga;2;"In the 2011 TV anime series, ""THE iDOLM@STER"", what was the name of Iori's stuffed toy bunny?";Charles;Bubsy;Kero;Usagi;
tdb-3337;Video games;1;"In ""World of Warcraft,"" which of the following can be found outside of every instanced dungeon?";A Meeting Stone;A Summoning Stone;A Gathering Stone;A Hearthstone;
tdb-3338;Video games;1;"What is the boss round featured in the ""Call Of Duty: Zombies"" map ""Five""?";The Pentagon Thief;Hellhounds;Jumping Jacks;Napalm Zombie;
tdb-3339;Geography;2;Which of these Japanese islands is the largest by area?;Shikoku;Iki;Odaiba;Okinawa;
tdb-3340;Video games;2;"In ""Call of Duty: Zombies"", what group does Doctor Maxis work for?";Group 935;Group Reanimate;Group Rezurrection;Division 9;
tdb-3342;Video games;1;When was Minecraft first released to the public?;May 17th, 2009;September 17th, 2009;November 18th, 2011;October 7th, 2011;
tdb-3343;Television;2;"What breed of dog is ""Scooby Doo""?";Great Dane;Pit bull;Boxer;Doberman Pinscher;
tdb-3346;Anime and manga;3;"Akatsuki's subclass in ""Log Horizon"" is what?";Tracker;Assassin;Scribe;Apprentice;
tdb-3347;General knowledge;2;"The website ""Shut Up & Sit Down"" reviews which form of media?";Board Games;Television Shows;Video Games;Films;
tdb-3348;History;1;How was Socrates executed?;Poison;Decapitation;Firing squad;Crucifixion;
tdb-3349;Geography;2;How many countries are inside the United Kingdom?;Four;Two;Three;One;
tdb-3350;Geography;2;What city is the Terracotta Army located in?;Xi'an;Beijing;Shanghai;Hong Kong;
tdb-3352;Video games;1;Rocket League is a game which features..;Cars;Helicopters;Planes;Submarines;
tdb-3353;Video games;2;"The mobile game ""Jetpack Joyride"" was released in what year?";2011;2012;2009;2014;
tdb-3355;Music;2;"In which year did ""Caravan Palace"" release their first album?";2008;2000;2015;2004;
tdb-3357;Music;2;"Cryoshell, known for ""Creeping in My Soul"" did the advertising music for what Lego Theme?";Bionicle;Hero Factory;Ben 10 Alien Force;Star Wars;
tdb-3358;Geography;1;How many time zones does China have?;1;3;4;2;
tdb-3359;Music;2;In what year was Taylor Swift born?;1989;1988;1987;1990;
tdb-3360;Music;2;When did Tame Impala release their second album?;2012;2015;2010;1967;
tdb-3362;Video games;2;Who voices the infamous Citadel Station A.I known as S.H.O.D.A.N, in the System Shock games?;Terri Brosius;Jennifer Hale;Jenn Taylor;Lori Alan;
tdb-3363;History;3;What year was Canada founded in?;1867;1798;1859;1668;
tdb-3364;Science and nature;1;71% of the Earth's surface is made up of;Water;Deserts;Continents;Forests;
tdb-3365;Video games;1;In the Halo series, which era of SPARTAN is Master Chief?;SPARTAN-II;SPARTAN-I;SPARTAN-III;SPARTAN-IV;
tdb-3366;Geography;1;"Where would you find the ""Spanish Steps""?";Rome, Italy;Barcelona, Spain;Berlin, Germany;London, England;
tdb-3368;Anime and manga;1;The name of Junko Enoshima's imposter at the beginning of Danganronpa: Trigger Happy Havoc is?;Mukuro Ikusaba;Ryota Mitarai;Ultimate Imposter;Komaru Naegi;
tdb-3369;History;3;Which English king was married to Eleanor of Aquitaine?;Henry II;Richard I;Henry I;Henry V;
tdb-3370;Computers;2;How many cores does the Intel i7-6950X have?;10;12;8;4;
tdb-3371;Television;3;What was the date of original airing of the pilot episode of My Little Pony: Friendship is Magic?;October 10th, 2010;November 6th, 2010;April 14th, 1984;May 18th, 2015;
tdb-3373;History;3;How many women joined the United States Armed Services during World War II?;350,000;225,000;100,000;500,000;
tdb-3374;Television;1;"How many seasons did the Sci-Fi television show ""Stargate Atlantis"" have?";5;10;2;7;
tdb-3375;Geography;1;The body of the Egyptian Sphinx was based on which animal?;Lion;Bull;Horse;Dog;
tdb-3377;Video games;2;Which of these is NOT the name of a playable map in PUBG: Battlegrounds?;Orinocco;Miramar;Sanhok;Vikendi;
tdb-3379;Video games;2;Which of these games was the earliest known first-person shooter with a known time of publication?;Spasim;Doom;Wolfenstein;Quake;
tdb-3380;Music;2;"Who was the guitarist in the band ""The Doors""?";Robby Krieger;Eric Clapton;John Densmore;Jimi Hendrix;
tdb-3381;Musicals and theatre;2;Who played Marquis de Lafayette and Thomas Jefferson in the original Broadway run of Hamilton?;Daveed Diggs;Lin-Manuel Miranda;Javier Muñoz;Wayne Brady;
tdb-3382;Video games;2;"Which musical artist was NOT featured as playable avatars in the game ""DJ Hero""?";Dr. Dre;DJ Shadow;Daft Punk;Grandmaster Flash;
tdb-3383;General knowledge;3;Disney's Haunted Mansion is home to a trio of Hitchhiking Ghosts. Which of these is NOT one of them?;Harry;Gus;Phineas;Ezra;
tdb-3385;Books;3;In the Harry Potter universe, what is Cornelius Fudge's middle name?;Oswald;James;Harold;Christopher;
tdb-3387;Comics;3;In the Batman comics, by what other name is the villain Dr. Jonathan Crane known?;Scarecrow;Bane;Calendar Man;Clayface;
tdb-3388;Geography;3;What is the administrative centre and largest settlement on the Norwegian archipelago of Svalbard?;Longyearbyen;Sveagruva;Ny-Ålesund;Barentsburg;
tdb-3389;Anime and manga;3;"In ""Hunter x Hunter"", which of the following is NOT a type of Nen aura?";Restoration;Emission;Transmutation;Specialization;
tdb-3391;History;2;Which country attacked the USS Liberty on June 8, 1967?;Israel;Syria;Saudi Arabia;Iran;
tdb-3392;Books;2;"Which of the following was the author of ""Username Evie""?";Joe Sugg;Zoe Sugg;Joe Weller;Alfie Deyes;
tdb-3393;Video games;3;What is the name of the main character in the video game VA-11 HALL-A: Cyberpunk Bartender Action?;Jill;Dana;Alma;Anna;
tdb-3394;Music;3;"Which of these artists did NOT remix the song ""Faded"" by Alan Walker?";Skrillex;Tiësto;Slushii;Dash Berlin;
tdb-3395;Mathematics;1;"The metric prefix ""atto-"" makes a measurement how much smaller than the base unit?";One Quintillionth;One Billionth;One Quadrillionth;One Septillionth;
tdb-3396;History;2;"Who famously coined the phrase ""I think, therefore I am""?";Descartes;Plato;Aristotle;Shakespeare;
tdb-3397;Music;2;Which of these albums is a Wu-Tang Clan album?;Iron Flag;Perfect Hair;The Low End Theory;Licensed to Ill;
tdb-3398;Geography;2;What tiny principality lies between Spain and France?;Andorra;Liechtenstein;Monaco;San Marino;
tdb-3400;Video games;1;What was the original name of Crash Bandicoot?;Willie Wombat;Coco Bandicoot;Marvelous Mole;Wally Wombat;
tdb-3401;Video games;1;"Who is the main character in ""The Stanley Parable""?";Stanley;The Adventure Line;The Narrator;The Boss;
tdb-3402;History;3;How long did the Warsaw Uprising during World War II last?;63 Days;20 Days;55 Days;224 Days;
tdb-3403;General knowledge;1;In DC comics where does the Green Arrow (Oliver Queen) live?;Star City;Central City;Gotham City;Metropolis;
tdb-3404;Art;3;"Who painted ""American Gothic""?";Grant Wood;Anita Malfatti;Pablo Picasso;Marc Chagall;
tdb-3405;General knowledge;1;What country has had prime ministers named Eden, Major, Peel, Law, Brown and Heath?;United Kingdom;Australia;New Zealand;Canada;
tdb-3406;Video games;2;Which of these Fortnite emotes does NOT involve a sport in some way?;Freestylin';Red Card;Kick Ups;Baller;
tdb-3407;Science and nature;2;Where did the Great Storm of 1987 make landfall at, first?;Cornwall;Surrey;Wales;The Midlands;
tdb-3408;Geography;2;Kuala Lumpur is the capital of which country?;Malaysia;Indonesia;Singapore;Thailand;
tdb-3409;Video games;1;"Which of these levels does NOT appear in the console/PC versions of the game ""Sonic Generations""?";Mushroom Hill;City Escape;Planet Wisp;Sky Sanctuary;
tdb-3412;General knowledge;1;When was the Playstation 3 released?;November 11, 2006;January 8, 2007;December 25, 2007;July 16, 2006;
tdb-3413;Video games;1;Which of the following characters is NOT a female marriage candidate in the game Stardew Valley?;Caroline;Abigail;Haley;Leah;
tdb-3414;Sport;1;Which of the following sports is not part of the triathlon?;Horse-Riding;Cycling;Swimming;Running;
tdb-3415;History;2;Who was the only US President to be elected four times?;Franklin Roosevelt;Theodore Roosevelt;George Washington;Abraham Lincoln;
tdb-3416;Film;2;What is the name of the queen's pet in A Bug's Life?;Aphie;Flik;Hopper;Dot;
tdb-3417;Science and nature;2;Which planet in the Solar System is the closest to the Sun?;Mercury;Earth;Mars;Venus;
tdb-3418;Video games;2;"In ""Kingdom Hearts"", what is the name of Sora's home world?";Destiny Islands;Agrabah;Land of Departure;Disney Town;
tdb-3420;Books;2;Which Russian author wrote the epic novel War and Peace?;Leo Tolstoy;Fyodor Dostoyevsky;Alexander Pushkin;Vladimir Nabokov;
tdb-3421;Board games;2;Who was world chess champion between 1894 and 1921;Emanuel Lasker;José Raúl Capablanca;Wilhelm Steinitz;Bobby Fischer;
tdb-3423;Music;1;Who is the lead singer of the band Coldplay?;Chris Martin;Chris Isaak;Chris Wallace;Chris Connelly;
tdb-3424;Video games;3;"In the popular MOBA League of Legends, which of the following champions is nicknamed ""the Virtuoso""?";Jhin;Kayle;Ezreal;Camille;
tdb-3425;Celebrities;2;Before voicing Pearl in Steven Universe, Deedee Magno Hall was part of which American band?;The Party;The Weather Girls;The Pussycat Dolls;The Cheetah Girls;
tdb-3426;Video games;3;"""Strangereal"" is a fictitious Earth-like world for which game series?";Ace Combat;Jet Set Radio;Deus Ex;Crimson Skies;
tdb-3428;Video games;1;Which water-type Pokémon starter was introduced in the 4th generation of the series?;Piplup;Totodile;Oshawott;Mudkip;
tdb-3429;Anime and manga;2;The main antagonist of the second part of JoJo's Bizarre Adventure is which of the following?;Kars;Erina Joestar;Santana;Wired Beck;
tdb-3430;Film;1;Which Batman villain is Mark Hamill known for having voiced?;The Joker;Two-Face;Bane;Hush;
tdb-3431;Film;2;Which town is the setting for the Disney movie The Love Bug (1968)?;San Francisco;Los Angeles;Sacramento;San Jose;
tdb-3432;Vehicles;2;Which country has the international vehicle registration letter 'A'?;Austria;Afghanistan;Australia;Armenia;
tdb-3433;Film;3;"In the ""Jurassic Park"" universe, when did ""Jurassic Park: San Diego"" begin construction?";1985;1988;1986;1993;
tdb-3434;Video games;1;"In what year was the game ""FTL: Faster Than Light"" released?";2012;2014;2013;2011;
tdb-3436;Science and nature;2;What is the mathematical formula of Ohm's law?;V = I*R;I = V*R;R = V*I;V = I / R;
tdb-3438;Music;1;According to a song by Belinda Carlisle, Heaven is a place on what?;Earth;Venus;Mars;Uranus;
tdb-3439;Geography;3;Where is Fort Marlborough located?;Bengkulu;Singapore;London;Dover;
tdb-3440;Celebrities;2;"Nikki Diamond portrayed which Gladiator in the 1992 TV show ""Gladiators""?";Scorpio;Jet;Nightshade;Falcon;
tdb-3441;General knowledge;1;How many syllables make up a haiku?;17;15;10;21;
tdb-3443;Video games;1;Which game did NOT get financed via Crowdfunding?;Enter the Gungeon;Town of Salem;Undertale;Tower Unite;
tdb-3444;Film;3;Which singer is portrayed by Bruce Campbell in the 2002 film 'Bubba Ho-Tep'?;Elvis Presley;Johnny Cash;Hank Williams, Sr.;Buddy Holly;
tdb-3446;Geography;3;What year is on the flag of the US state Wisconsin?;1848;1634;1783;1901;
tdb-3447;Mythology;2;Which of the following is not one of the Greek Fates?;Narcissus;Clotho;Atropos;Lachesis;
tdb-3448;Music;1;What band featured Sting, Stewart Copeland and Andy Summers?;The Police;Def Leppard;The Cure;Bon Jovi;
tdb-3450;Cartoons;1;"In ""Avatar: The Last Airbender"", which element does Aang begin to learn after being defrosted?";Water;Air;Earth;Fire;
tdb-3451;Vehicles;2;Which of the following countries has officially banned the civilian use of dash cams in cars?;Austria;United States;Czechia;South Korea;
tdb-3452;Mathematics;2;How many books are in Euclid's Elements of Geometry?;13;8;10;17;
tdb-3453;Cartoons;1;Which Teenage Mutant Ninja Turtle traditionally wears an orange bandana?;Michelangelo;Leonardo;Donatello;Raphael;
tdb-3455;Science and nature;1;Which of the following bones is not in the leg?;Radius;Patella;Tibia;Fibula;
tdb-3456;Video games;2;Which of these is NOT a name of a playable character in Apex Legends?;Viper;Revenant;Crypto;Wattson;
tdb-3457;Music;2;"Which artist curated the official soundtrack for ""The Hunger Games: Mockingjay - Part 1""?";Lorde;Kanye West;Tove Lo;Charli XCX;
tdb-3458;Video games;1;What video game engine does the videogame Quake 2 run in?;iD Tech 2;iD Tech 3;iD Tech 1;Unreal Engine;
tdb-3459;Animals;2;About how much of their body weight in food do sea otters eat every day?;25%;10%;80%;45%;
tdb-3460;Video games;1;"In ""Phoenix Wright: Ace Attorney"" which character is the District Chief of Police?";Damon Gant;Miles Edgeworth;Lana Skye;Mike Meekins;
tdb-3461;Television;2;"Who co-founded the YouTube Let's Play channel ""Game Grumps"" alongside Newgrounds animator Egoraptor?";JonTron;Pewdiepie;Tobuscus;Markiplier;
tdb-3462;Music;3;"The song ""Old Town Road"" by American rapper Lil Nas X samples the song ""34 Ghosts IV"" by which band?";Nine Inch Nails;Death Grips;Iron Maiden;Animal Collective;
tdb-3463;Art;1;What is the world's oldest known piece of fiction?;Epic of Gilgamesh;Papyrus of Ani;Code of Hammurabi;Rosetta Stone;
tdb-3464;Film;1;In the Lord of the Rings: The Two Towers, where are the party of orcs taking the hobbits?;Isengard;Rivendell;Mordor;Moria;
tdb-3465;Video games;2;Which of these champions from the MOBA 'League of Legends' is NOT a Yordle?;Annie;Veigar;Tristana;Lulu;
tdb-3466;Video games;1;What year was the game Team Fortress 2 released?;2007;2009;2005;2010;
tdb-3467;Mythology;1;The greek god Poseidon was the god of what?;The Sea;War;Sun;Fire;
tdb-3468;Geography;1;Which country features a maple leaf on its flag?;Canada;Mexico;Brazil;India;
tdb-3469;Film;1;"In the movie ""Spaceballs"", what are the Spaceballs attempting to steal from Planet Druidia?";Air;The Schwartz;Princess Lonestar;Meatballs;
tdb-3470;Television;2;In Game of Thrones what is the name of Jon Snow's sword?;Longclaw;Oathkeeper;Widow's Wail;Needle;
tdb-3471;Music;2;"Which band released songs such as ""Electric Feel"", ""Kids"", and ""Time to Pretend""?";MGMT;Passion Pit;Phoenix;Franz Ferdinand;
tdb-3472;History;3;Which Australian Prime Minister disappeared in 1967 and was never found?;Harold Holt;Paul Keating;Edmund Barton;Scott Morrison;
tdb-3473;Geography;1;Which continent is considered the largest and most populous continent in the world?;Asia;Africa;Europe;North America;
tdb-3475;Video games;1;Which Final Fantasy game consisted of a female-only cast of party members?;Final Fantasy X-2;Final Fantasy IX;Final Fantasy V;Final Fantasy XIII-2;
tdb-3476;Music;2;Which of the following rappers were NOT part of the hip-hop group Odd Future?;Vince Staples;Tyler, the Creator;Frank Ocean;Mike G;
tdb-3477;Music;3;Which of these is Daft Punk's debut single?;The New Wave;Da Funk;Discovery;Around the World;
tdb-3478;Vehicles;2;Which of the following is NOT a Russian car manufacturer?;BYD;Silant;Dragon;GAZ;
tdb-3479;Video games;1;Which of these is NOT a Humongous Entertainment game franchise?;Commander Keen;Pajama Sam;Putt-Putt;Freddi Fish;
tdb-3480;Video games;2;Who is the protagonist in Dead Rising 3?;Nick Ramos;Frank West;Chuck Greene;Isabela Keyes;
tdb-3482;Film;1;Where does the original Friday The 13th movie take place?;Camp Crystal Lake;Packanack;Higgins Haven;Camp Forest Green;
tdb-3483;History;2;The catastrophic nuclear accident that occurred in Ukraine in 1986 occurred at which power plant?;Chernobyl;Ignalina;Mayak;Kursk;
tdb-3484;General knowledge;1;In Half-Life, what is the name of the alien that attaches to heads?;Headcrab;Bullsquid;Vortigaunt;Facehugger;
tdb-3486;Geography;1;What is the capital of Indonesia?;Jakarta;Bandung;Medan;Palembang;
tdb-3487;Video games;2;What former MOBA, created by Waystone Games and published by EA, was shut down in 2014?;Dawngate;Strife;League of Legends;Heroes of Newerth;
tdb-3488;Books;3;In the Harry Potter universe, who does Draco Malfoy end up marrying?;Astoria Greengrass;Pansy Parkinson;Millicent Bulstrode;Hermione Granger;
tdb-3489;Science and nature;2;In human biology, a circadium rhythm relates to a period of roughly how many hours?;24;8;16;32;
tdb-3490;Film;1;What was Bruce Campbell's iconic one-liner after getting a chainsaw hand in Evil Dead 2?;Groovy.;Gnarly.;Perfect.;Nice.;
tdb-3491;Video games;2;What is the browser game Kantai Collection heavily inspired by?;Second World War;Manga;World of Warcraft;An Anime;
tdb-3492;Video games;2;Which of these roles in Town of Salem is mafia?;Disguiser;Escort;Lookout;Transporter;
tdb-3493;Sport;1;In golf, what name is given to a hole score of two under par?;Eagle;Birdie;Bogey;Albatross;
tdb-3495;Video games;1;In the game Nuclear Throne, what character is only usable in a play through with Melting?;Skeleton;Frog;Horror;Plant;
tdb-3496;Science and nature;2;What polymer is used to make CDs, safety goggles and riot shields?;Polycarbonate;Rubber;Nylon;Bakelite;
tdb-3497;Music;3;"Which year was the album ""Floral Shoppe"" by Macintosh Plus released?";2011;2014;2013;2012;
tdb-3499;General knowledge;1;Antibiotics are generally taken to combat what?;Bacterial infections;Viruses;Migraines;Muscular pains;
tdb-3500;Animals;3;What scientific family does the Aardwolf belong to?;Hyaenidae;Canidae;Felidae;Eupleridae;
tdb-3501;Comics;1;"In the Marvel comic ""The Superior Spider-Man"", Peter Parker's body is taken over by which character?";Otto Octavius;Norman Osborn;Mary Jane;Eddie Brock;
tdb-3503;Video games;2;"Which of these songs does NOT play during the Ruins segments of the 2015 game ""Undertale""?";Another Medium;Anticipation;Unnecessary Tension;Ruins;
tdb-3504;Music;2;Who is the bassist of the British rock band Queen?;John Deacon;John Major;John Barrowman;John Mayer;
tdb-3505;Computers;3;America Online (AOL) started out as which of these online service providers?;Quantum Link;CompuServe;Prodigy;GEnie;
tdb-3507;Video games;1;"Which Greek letter represents the ""Half-Life"" logo?";Lambda;Omega;Alpha;Sigma;
tdb-3510;Mathematics;2;What is the derivative of sin(x);cos(x);csc(x);-cos(x);-sin(x);
tdb-3511;Television;1;In the show Stranger Things, what is Eleven's favorite breakfast food?;Eggo Waffles;Toast;Captain Crunch;Bacon and Eggs;
tdb-3512;Geography;1;What colour is the circle on the Japanese flag?;Red;White;Yellow;Black;
tdb-3514;Art;2;"In ""Last Supper"" by Leonardo Da Vinci, what two colors were the robes worn by Jesus?";Red and Blue;Red and White;Red and Yellow;Red and Black;
tdb-3515;History;3;During the Roman Triumvirate of 42 BCE, what region of the Roman Republic was given to Lepidus?;Hispania;Italia;Gallia;Asia;
tdb-3516;Art;1;What color is produced by mixing black and white?;Grey;Black;Brown;White;
tdb-3519;Celebrities;2;Which famous New York Yankees outfielder did Marilyn Monroe marry?;Joe DiMaggio;Tino Martinez;Babe Ruth;Mason Williams;
tdb-3521;Sport;1;Who won the 2015 Formula 1 World Championship?;Lewis Hamilton;Nico Rosberg;Sebastian Vettel;Jenson Button;
tdb-3522;Video games;3;How many voice channels does the Super Nintendo Entertainment System support?;8;6;10;12;
tdb-3523;Science and nature;1;Which noble gas has the lowest atomic number?;Helium;Neon;Argon;Krypton;
tdb-3524;Music;3;Which band is the longest active band in the world with no breaks or line-up changes?;U2;Radiohead;Rush;Rolling Stones;
tdb-3525;Comics;2;The stuffed tiger in Calvin and Hobbes is named after what philosopher?;Thomas Hobbes;David Hobbes;John Hobbes;Nathaniel Hobbes;
tdb-3526;General knowledge;1;Area 51 is located in which US state?;Nevada;Arizona;New Mexico;Utah;
tdb-3527;Politics;1;"Which former US president was nicknamed ""Teddy"" after he refused to shoot a defenseless black bear?";Theodore Roosevelt;Woodrow Wilson;James F. Fielder;Andrew Jackson;
tdb-3528;Video games;2;"Which of the following Copy Abilities was only featured in ""Kirby & The Amazing Mirror""?";Mini;Magic;Smash;Missile;
tdb-3530;Video games;2;In Minecraft, which of these ingredients is needed to brew a Potion of Water Breathing?;Pufferfish;Ink sac;Pumpkin;Fishing rod;
tdb-3532;Video games;2;In Minecraft, how many items can a single piece of coal smelt when used in a furnace?;8;12;10;6;
tdb-3533;Video games;2;"In the 2002 video game ""Kingdom Hearts"", how many playable worlds were there?";14;13;16;11;
tdb-3536;Film;1;What was the first monster to appear alongside Godzilla?;Anguirus;King Kong;Mothra;King Ghidora;
tdb-3537;Animals;1;Which of these animals are not real?;Nemean Lion;Sea Dragon;Tasmanian Devil;Giant Squid;
tdb-3538;Video games;2;"Which was the first ""Call Of Duty: Zombies"" map to introduce the ""Wunderwaffe DG-2""?";Shi No Numa;Tranzit;Kino Der Toten;Der Riese;
tdb-3539;Anime and manga;2;The main protagonist of the fifth part of JoJo's Bizarre Adventure is which of the following?;Giorno Giovanna;Guido Mista;Jonathan Joestar;Joey JoJo;
tdb-3540;Computers;3;Which of these is not a layer in the OSI model for data communications?;Connection Layer;Application Layer;Transport Layer;Physical Layer;
tdb-3541;Sport;1;What was the year of estabilishment of the Bari Italian Football Club?;1908;1945;2014;1895;
tdb-3543;Comics;3;When Batman trolls the online chat rooms, what alias does he use?;JonDoe297;iAmBatman;BWayne13;BW1129;
tdb-3545;Video games;1;In Grand Theft Auto V, what was Michael De Santa's former surname?;Townley;De Santos;Watson;Simpson;
tdb-3546;Cartoons;1;Who is Winnie the Pooh's gloomy donkey friend?;Eeyore;Piglet;Tigger;Kanga;
tdb-3547;Books;2;"In ""Little Women"", which of the March sisters married Laurie?";Amy;Beth;Jo;Meg;
tdb-3548;Video games;2;Which Touhou character is a Hell Raven?;Utsuho Reiuji;Flandre Scarlet;Marisa Kirisame;Aya Shameimaru;
tdb-3549;Comics;2;In Marvel Comics, Taurus is the founder and leader of which criminal organization?;Zodiac;Scorpio;Tiger Mafia;The Union;
tdb-3550;Film;2;"Who played the Cenobite called ""Pinhead"" in the original Hellraiser films?";Doug Bradley;Doug Jones;Doug Savant;Doug Benson;
tdb-3551;Music;2;Who performed the hit single 'Call Me' for the 1980 film 'American Gigolo'?;Blondie;Madonna;Tina Turner;Janet Jackson;
tdb-3552;Video games;1;"Which of these is not a Dragon Age Origins ""Origin"":";Human Commoner;Dwarf Commoner;Dwarf Noble;Human Noble;
tdb-3554;Celebrities;3;Gabe Newell was born in which year?;1962;1970;1960;1972;
tdb-3556;Mythology;3;Talos, the mythical giant bronze man, was the protector of which island?;Crete;Sardinia;Sicily;Cyprus;
tdb-3557;Sport;1;Who won the 2016 Formula 1 World Driver's Championship?;Nico Rosberg;Lewis Hamilton;Max Verstappen;Kimi Raikkonen;
tdb-3558;Anime and manga;2;"In the anime, ""Fullmetal Alchemist"", who is known as the 'Flame Alchemist'?";Roy Mustang;Edward Elric;Maes Hughes;Lin Yao;
tdb-3559;Video games;2;"By how many minutes are you late to work in ""Half-Life""?";30;5;60;15;
tdb-3560;History;2;What year did the Battle of Agincourt take place?;1415;1463;1401;1422;
tdb-3561;Geography;3;Which country was NOT formerly part of Yugoslavia?;Albania;Croatia;Serbia;Macedonia;
tdb-3563;Animals;1;What is Grumpy Cat's real name?;Tardar Sauce;Sauce;Minnie;Broccoli;
tdb-3564;Video games;2;"Who is the main character of ""Metal Gear Solid 3""?";Naked Snake;Solid Snake;Liquid Snake;Venom Snake;
tdb-3565;Science and nature;3;Where in the human body is the Pineal Gland located?;Brain;Groin;Chest;Throat;
tdb-3568;Computers;2;What was the name of the image that features as the default background wallpaper for Windows XP?;Bliss;Azul;Red moon desert;Tulips;
tdb-3569;Music;3;Who was the first Jazz Musician to win the Pulitzer Prize for Music;Wynton Marsalis;Michael Brecker;Herbie Hancock;Joe Henderson;
tdb-3570;Science and nature;2;What is the molecular formula of the active component of chili peppers(Capsaicin)?;C18H27NO3;C21H23NO3;C6H4Cl2;C13H25NO4;
tdb-3571;History;3;What age was King Henry V when he died?;35;62;87;73;
tdb-3572;Sport;1;"What is the name of the ""tool"" used to hit the white ball in snooker or billiards?";Cue;Racquet;Bat;Mallet;
tdb-3573;Science and nature;2;Which of the following is the male pollen-producing reproductive part of a flower?;Stamen;Sepal;Pistil;Petal;
tdb-3574;Television;1;In the original Star Trek TV series, what was Captain James T. Kirk's middle name?;Tiberius;Trevor;Travis;Tyrone;
tdb-3575;Geography;2;The World Health Organization headquarters is located in which European country?;Switzerland;United Kingdom;France;Belgium;
tdb-3576;Film;1;"This movie contains the quote, ""I feel the need ... the need for speed!""";Top Gun;Days of Thunder;The Color of Money;Cocktail;
tdb-3577;Geography;2;What is the capital of Australia?;Canberra;Sydney;Melbourne;Brisbane;
tdb-3578;Cartoons;1;What is the surname of one of the male teachers in the BBC series Postman Pat?;Pringle;Walker;Dorito;Lays;
tdb-3579;Geography;2;What is the capital of Seychelles?;Victoria;Luanda;N'Djamena;Tripoli;
tdb-3580;Video games;2;"Who is the developer of the game ""Rocket League""?";Psyonix;People can fly;Digital Happiness;Roll7;
tdb-3582;General knowledge;2;What is the unit of currency in Laos?;Kip;Ruble;Konra;Dollar;
tdb-3583;Computers;1;According to the International System of Units, how many bytes are in a kilobyte of RAM?;1000;512;1024;500;
tdb-3584;General knowledge;2;The architect known as Le Corbusier was an important figure in what style of architecture?;Modernism;Neoclassical;Baroque;Gothic Revival;
tdb-3585;Music;2;Who is the founder and leader of industrial rock band, 'Nine Inch Nails'?;Trent Reznor;Marilyn Manson;Robin Finck;Josh Homme;
tdb-3586;History;2;How many years did the Hundred Years' War last?;116;100;90;101;
tdb-3588;Music;1;In the Rossini opera, what was the name of 'The Barber of Seville'?;Figaro;Angelo;Fernando;Dave;
tdb-3589;Science and nature;2;Which of the following spacecraft never touched the moon?;Mariner 4;Apollo 11;Luna 2;SMART-1;
tdb-3590;Anime and manga;2;What sport is being played in the Anime Eyeshield 21?;American Football;Baseball;Football;Basketball;
tdb-3591;History;3;What was the Canada's first capital?;Kingston;Toronto;Ottawa;Montreal;
tdb-3592;Geography;2;Which is the smallest country in the world?;Vatican City;Lesotho;Monaco City;Titania;
tdb-3593;Film;1;"This movie contains the quote, ""Houston, we have a problem.""";Apollo 13;The Right Stuff;Capricorn One;Marooned;
tdb-3594;History;1;Who was the Confederate general in the American Civil War?;Robert E. Lee;George A. Custer;Ulysses S. Grant;George B. McClellan;
tdb-3597;Geography;1;Which country was NOT part of the Soviet Union?;Romania;Turkmenistan;Belarus;Tajikistan;
tdb-3598;Politics;1;Former United States President Bill Clinton famously played which instrument?;Saxophone;Baritone horn;Piano;Violin;
tdb-3599;General knowledge;1;In past times, what would a gentleman keep in his fob pocket?;Watch;Money;Keys;Notebook;
tdb-3600;Science and nature;3;Where is the Gluteus Maximus muscle located?;Butt;Arm;Head;Torso;
tdb-3602;History;2;When did the British hand-over sovereignty of Hong Kong back to China?;1997;1999;1841;1900;
tdb-3603;History;2;In what year did the North American Video Game Crash occur?;1983;1982;1993;1970;
tdb-3605;Television;1;In Star Trek: The Next Generation, what is the name of Data's cat?;Spot;Mittens;Tom;Kitty;
tdb-3607;Animals;3;What is the scientific name of the cheetah?;Acinonyx jubatus;Panthera onca;Lynx rufus;Felis catus;
tdb-3608;Music;2;May 16th of every year is known as __________ Day, named after a punk band prominent in the 1990s.;Lagwagon;Goldfinger;Less Than Jake;Lit;
tdb-3609;History;2;What year did the Vietnam War end?;1975;1978;1967;1969;
tdb-3611;Music;2;Who is the lead singer of Bastille?;Dan Smith;Will Farquarson;Kyle Simmons;Chris Wood;
tdb-3613;General knowledge;2;What do the Dutch call their language?;Nederlands;Dansk;Deutsch;Hollander;
tdb-3615;Geography;2;What is the capital of Vietnam?;Hanoi;Da Nang;Hai Phong;Ho Chi Minh City;
tdb-3616;General knowledge;2;What is the currency of Poland?;Złoty;Ruble;Euro;Krone;
tdb-3617;Video games;2;Which of these is NOT a faction included in the game Counter-Strike: Global Offensive?;BOPE;GSG-9;Elite Crew;Phoenix Connexion;
tdb-3618;Television;2;"From what show is the character ""James Doakes""?";Dexter;Marvel's Daredevil;Boardwalk Empire;The Walking Dead;
tdb-3619;Video games;3;"What programming language was used to create the game ""Minecraft""?";Java;HTML 5;C++;Python;
tdb-3621;Board games;1;Which of the following is NOT a class in Dungeons and Dragons 5e?;Engineer;Fighter;Paladin;Bard;
tdb-3622;Video games;2;Which of the following is not a real Pokémon?;Luminid;Dragalge;Mandibuzz;Araquanid;
tdb-3623;History;2;What is the oldest US state?;Delaware;Rhode Island;Maine;Virginia;
tdb-3624;General knowledge;1;What is the currency of India and Pakistan as well as a few other Asian countries?;Rupee;Riyal;Peso;Dinar;
tdb-3625;Video games;2;"Who is the main character of the game series ""Ace Attorney""?";Phoenix Wright;Winston Payne;Dahlia Hawthorne;Ash Ketchum;
tdb-3626;Science and nature;2;In Chemistry, how many isomers does Butanol (C4H9OH) have?;4;3;5;6;
tdb-3628;Computers;2;Linus Torvalds created which of these?;Linux;Microsoft Windows;Python;Wikipedia;
tdb-3630;Computers;1;HTML is what type of language?;Markup Language;Macro Language;Programming Language;Scripting Language;
tdb-3631;Music;3;"What year was Min Yoongi from South Korea boy band ""BTS"" born in?";1993;1992;1995;1994;
tdb-3632;Video games;1;In the game Sonic Forces, which of the following was not from a previous game?;Infinite;Metal Sonic;Zavoc;Chaos;
tdb-3633;History;3;Which country were potatoes originally grown?;Peru;United States;Ireland;New Zealand;
tdb-3634;Video games;1;"Who created the indie adventure game ""Night in the Woods""?";Alec Holowka;Ron Gilbert;Tim Schafer;Tommy Refenes;
tdb-3635;Video games;2;In vanilla Minecraft, you can make armor out of all BUT which of the following?;Emeralds;Diamonds;Iron;Leather;
tdb-3636;Music;1;"Whose albums included ""Back in Black"" and ""Ballbreaker""?";AC/DC;Iron Maiden;Black Sabbath;Metallica;
tdb-3637;Film;2;Velma Kelly and Roxie Hart are the protagonists of which Oscar winning movie?;Chicago;Dreamgirls;Cabaret;All That Jazz;
tdb-3638;Science and nature;2;What is the unit of electrical capacitance?;Farad;Gauss;Henry;Watt;
tdb-3641;Television;2;Baron Silas Greenback is the arch nemesis of which cartoon hero?;Danger Mouse;Bananaman;SuperTed;Captain Star;
tdb-3642;Geography;2;What is the name of the capital of Turkey?;Ankara;Istanbul;Izmir;Bursa;
tdb-3643;Anime and manga;3;In the Naruto manga, what is the last name of Tsunade?;Senju;Haruno;Uzumaki;Yamanaka;
tdb-3644;Video games;2;What is the name of the province you explore in Runescape?;Gielinor;Mordor;Kopar;Ashendale;
tdb-3645;Science and nature;2;The Sun consists of mostly which two elements?;Hydrogen & Helium;Hydrogen & Nitrogen;Carbon & Nitrogen;Carbon & Helium;
tdb-3646;Geography;2;Which country claims ownership of the disputed state Kosovo?;Serbia;Croatia;Albania;Macedonia;
tdb-3647;Television;2;"What was the name of Ross' pet monkey on ""Friends""?";Marcel;Jojo;George;Champ;
tdb-3648;Sport;1;Who won the UEFA Champions League in 2017?;Real Madrid C.F.;Atletico Madrid;AS Monaco FC;Juventus F.C.;
tdb-3649;Video games;3;In Halo 2, how many rounds does the M6C hold in a single magazine?;12;6;36;18;
tdb-3650;Vehicles;2;What was the aircraft registration for the last Concorde built?;G-BOAF;F-BTSC;G-BOAC;F-BVFF;
tdb-3651;Board games;2;About how many Slinkys were sold in their first 60 years (from 1945 to 2005)?;300 Million;100 Million;450 Million;1 Billion;
tdb-3653;History;1;Who was the first president of the United States?;George Washington;James Madison;Thomas Jefferson;James K. Polk;
tdb-3654;General knowledge;1;The tale of Robin Hood originates from which country?;England;France;Portugal;Scotland;
tdb-3655;Video games;1;When was Left 4 Dead 2 released?;November 17, 2009;May 3, 2008;November 30, 2009;June 30, 2010;
tdb-3657;Television;2;Who was the winner of the 2016 WWE Royal Rumble?;Triple H;Roman Reigns;AJ Styles;Dean Ambrose;
tdb-3659;Cartoons;2;Which of these is not a real character in the cartoon series My Little Pony: Friendship is Magic?;Rose Marene;Pinkie Pie;Maud Pie;Rainbow Dash;
tdb-3660;Books;1;Under what pseudonym did Stephen King publish five novels between 1977 and 1984?;Richard Bachman;J. D. Robb;Mark Twain;Lewis Carroll;
tdb-3661;Video games;2;Which team won the first Overwatch League championship?;London Spitfire;Philadelphia Fusion;New York Excelsior;Seoul Dynasty;
tdb-3662;Sport;2;What city did the Lakers represent before relocating to Los Angeles?;Minneapolis;Philadelphia;Chicago;San Francisco;
tdb-3663;Science and nature;1;Which Apollo mission was the first one to land on the Moon?;Apollo 11;Apollo 10;Apollo 9;Apollo 13;
tdb-3664;Music;1;"Who is the musical artist who released the hit song, ""Love Song,"" in 2007?";Sara Bareilles;Taylor Swift;Katy Perry;Sarah Silverman;
tdb-3666;Anime and manga;2;Who is the main character in One Piece?;Luffy;Shanks;Zoro;Smoker;
tdb-3667;Video games;3;"In ""Halo"", what is the name of the planet which Installation 04 orbits?";Threshold;Substance;Sanghelios;Te;
tdb-3668;Animals;1;What is the name of a rabbit's abode?;Burrow;Nest;Den;Dray;
tdb-3669;Computers;2;While Apple was formed in California, in which western state was Microsoft founded?;New Mexico;Washington;Colorado;Arizona;
tdb-3670;Gadgets;1;When was the Tamagotchi digital pet released?;1996;1989;1992;1990;
tdb-3671;Video games;2;In the Half-Life universe, the Black Mesa Research Facility is located in which US state?;New Mexico;Nevada;Arizona;Wyoming;
tdb-3672;Video games;2;In Divinity: Original Sin 2, who is the earliest companion you can acquire?;The Red Prince;Fane;Sebille;Beast;
tdb-3673;History;2;"What number does the Roman numeral ""D"" stand for?";500;100;1000;50;
tdb-3674;Anime and manga;2;"In ""Highschool DxD"", what is the name of the item some humans are born with?";Sacred Gear;Imperial Arm;Hallowed Relic;Blessed Artifact;
tdb-3676;Board games;3;In Magic: The Gathering, which of the following was the first publicly released foil card?;Lightning Dragon;Revenant;Beast of Burden;Dirtcowl Wurm;
tdb-3677;Anime and manga;2;"What is the name of the final villain in the manga series ""Bleach""?";Yhwach;Juha Bach;Yuhabah;Juhabach;
tdb-3678;Cartoons;3;What is Scooby Doo's full name?;Scoobert Doo;Scooter Doo;Scooby Dooby Doo;Scoobity Doo;
tdb-3679;General knowledge;1;"What was the name of Sqiudward's bad painting in the Spongebob episode ""Artist Unknown?""";Bold and Brash;Squidward en Repose;Rippy Bits;Tilted Perspectives;
tdb-3681;Video games;1;In Dota 2, Wraith King was previously known as...;Skeleton King;Reaper King;Skull King;Hell King;
tdb-3683;Music;2;Which of these Johns was murdered by gunshots outside the Dakota in New York in 1980?;John Lennon;Johnny Thunders;John Denver;John Cascella;
tdb-3684;Anime and manga;2;In Haikyuu!!, who is not a member of Karasuno VBC?;Shigeru Yahaba;Tadashi Yamaguchi;Hisashi Kinoshita;Kazuhito Narita;
tdb-3686;Anime and manga;2;"Which animation studio animated the 2016 anime ""Mob Psycho 100""?";Bones;A-1 Pictures;Shaft;Madhouse;
tdb-3687;Mythology;1;Who was the only god from Greece who did not get a name change in Rome?;Apollo;Demeter;Zeus;Athena;
tdb-3688;Film;1;Who plays the character of Po in the Kung Fu Panda movies?;Jack Black;Mirana Jonnes;McConahey Ramses;Jim Petersson;
tdb-3689;Video games;3;"In the remake of ""Resident Evil 2"", which medallion does not exist?";Dragon Medallion;Lion Medallion;Unicorn Medallion;Maiden Medallion;
tdb-3690;Geography;2;Which one of these archipelagos are NOT a part of the United Kingdom?;The Channel Islands;Orkney Islands;Isles of Scilly;Shetland Islands;
tdb-3691;Music;3;"How many members are there in the idol group ""µ's""?";9;48;6;3;
tdb-3692;Video games;1;"In ""Mario & Sonic at the Olympic Games"", characters are split into how many types?";4;6;5;3;
tdb-3693;Video games;2;In which year did the first Monster Hunter game get released?;2004;2006;2005;2002;
tdb-3694;Computers;2;In programming, what do you call functions with the same name but different implementations?;Overloading;Overriding;Abstracting;Inheriting;
tdb-3696;Sport;2;In Formula 1, the Virtual Safety Car was introduced following the fatal crash of which driver?;Jules Bianchi;Ayrton Senna;Ronald Ratzenberger;Gilles Villeneuve;
tdb-3697;Geography;1;About how many countries are there in the world?;200;100;300;500;
tdb-3699;Video games;2;What are the names of the Ice Climbers in the video game Ice Climber?;Popo and Nana;Popo and Nina;Papi and Nana;Papi and Nina;
tdb-3700;Music;1;"Which Disney character sings the song ""A Dream is a Wish Your Heart Makes""?";Cinderella;Belle;Snow White;Pocahontas;
tdb-3702;History;3;What was the last colony the UK ceded marking the end of the British Empire?;Hong Kong;India;Australia;Ireland;
tdb-3703;Musicals and theatre;2;Which of these musicals won the Tony Award for Best Musical?;Rent;The Color Purple;American Idiot;Newsies;
tdb-3704;Vehicles;3;What year did the Chevrolet LUV mini truck make its debut?;1972;1982;1975;1973;
tdb-3706;Comics;3;Better known by his nickname Logan, what is Wolverine's birth name?;James Howlett;Logan Wolf;Thomas Wilde;John Savage;
tdb-3707;Video games;1;"In ""Call Of Duty: Zombies"", what is the name of the machine that upgrades weapons?";Pack-A-Punch;Wunderfizz;Gersch Device;Mule Kick;
tdb-3708;Geography;3;What is the tallest mountain in Canada?;Mount Logan;Mont Tremblant;Whistler Mountain;Blue Mountain;
tdb-3709;General knowledge;2;In a standard set of playing cards, which is the only king without a moustache?;Hearts;Spades;Diamonds;Clubs;
tdb-3710;Music;2;"Which artist collaborated with American DJ Dillon Francis to release the song 2016 ""Need You""?";NGHTMRE;LOUDPVCK;KRNE;DVBBS;
tdb-3711;History;1;The collapse of the Soviet Union took place in which year?;1991;1992;1891;1990;
tdb-3712;Video games;2;"What is the name of the common, gun-toting enemies of the ""Oddworld"" video game series?";Sligs;Scrabs;Slogs;Glukkons;
tdb-3713;Video games;2;When Halo 3: ODST was unveiled in 2008, it had a different title. What was the game formally called?;Halo 3: Recon;Halo 3: Helljumpers;Halo 3: Phantom;Halo 3: Guerilla;
tdb-3714;Video games;2;In Kingdom Hearts which of the following people can NOT wield a keyblade?;Larxene;Xehanort;Lea;Mickey;
tdb-3716;Television;2;Who plays the character of Dennis Reynolds on It's Always Sunny in Philadelphia?;Glenn Howerton;Rob McElhenney;Charlie Day;Danny DeVito;
tdb-3721;Television;3;"In ""Star Trek"", what sauce is commonly used by Klingons on bregit lung?";Grapok sauce;Gazorpazorp pudding;Sweet chili sauce;Grapork sauce;
tdb-3722;History;1;How many Sister Ships were related to the TItanic?;2;4;3;1;
tdb-3723;Science and nature;2;"Where did the dog breed ""Chihuahua"" originate?";Mexico;France;Spain;Russia;
tdb-3724;Video games;3;In Rainbow 6 Siege, what is Mozzie's real name?;Max Goose;Mick Seagull;Hugo Sparrow;Dan Bird;
tdb-3725;Film;3;"What did Alfred Hitchcock use as blood in the film ""Psycho""?";Chocolate syrup;Ketchup;Red food coloring;Maple syrup;
tdb-3726;Celebrities;3;How tall is Tom Cruise?;5′ 7″;5′ 9″;5′ 4″;5′ 5″;
tdb-3727;Animals;1;What do you call a baby bat?;Pup;Cub;Chick;Kid;
tdb-3729;General knowledge;3;"The words ""bungalow"" and ""shampoo"" originate from the languages of which country?";India;Papua New Guinea;Ethiopia;China;
tdb-3730;General knowledge;2;"What Latin phrase roughly translates to ""seize the day""?";Carpe diem;Memento mori;Plus ultra;Sic semper tyrannis;
tdb-3731;Music;1;"The 2016 song ""Starboy"" by Canadian singer The Weeknd features which prominent electronic artist?";Daft Punk;deadmau5;Disclosure;DJ Shadow;
tdb-3732;Video games;1;In the original Spyro game who is the first villain?;Gnasty Gnorc;Ripto;Sorceress;Cynder;
tdb-3735;General knowledge;3;Which of the following languages does NOT use gender as a part of its grammar?;Turkish;German;Danish;Polish;
tdb-3736;Video games;1;"Which of these is NOT a main playable character in ""Grand Theft Auto V""?";Lamar;Trevor;Michael;Franklin;
tdb-3737;Music;2;According to a Beatles song, who kept her face in a jar by the door?;Eleanor Rigby;Loretta Martin;Molly Jones;Lady Madonna;
tdb-3738;History;2;The United States Army Air Corps became the United States Air Force on what date?;September 18, 1947;December 14, 1946;October 27, 1945;November 08, 1944;
tdb-3739;Science and nature;3;Which of the following are cells of the adaptive immune system?;Cytotoxic T cells;Dendritic cells;Natural killer cells;White blood cells;
tdb-3740;Science and nature;1;The human heart has how many chambers?;4;2;6;3;
tdb-3741;History;2;The Little Entente was an alliance formed against which nation?;Hungary;Germany;France;Prussia;
tdb-3742;Cartoons;1;"In the 1993 Disney animated series ""Bonkers"", what is the name of Bonker's second partner?";Miranda Wright;Dick Tracy;Eddie Valiant;Dr. Ludwig von Drake;
tdb-3743;Geography;2;How many time zones are in Russia?;11;8;5;2;
tdb-3744;Mathematics;1;What comes after a Million, a Billion, and a Trillion?;Quadrillion;Sextillion;Quintillion;Septillion;
tdb-3745;Video games;2;What was the name of the first MMORPG to popularize the genre?;Ultima Online;World of Warcraft;Meridian 59;Guild Wars;
tdb-3747;Geography;1;Which of these is NOT an Australian state or territory?;Alberta;New South Wales;Victoria;Queensland;
tdb-3748;History;3;When did Spanish Peninsular War start?;1808;1806;1810;1809;
tdb-3749;History;2;What was the total length of the Titanic?;882 ft | 268.8 m;759 ft | 231.3 m;1042 ft | 317.6 m;825 ft | 251.5 m;
tdb-3750;Politics;2;Who became Prime Minister of the United Kingdom in July 2016?;Theresa May;Boris Johnson;David Cameron;Tony Blair;
tdb-3751;General knowledge;1;Which of the following is the IATA code for Manchester Airport?;MAN;EGLL;LHR;EGCC;
tdb-3752;Video games;2;What mainly favored rifle is used by the Terrorists in Counter Strike: Global Offensive?;AK-47;AK-74;M4A4;CZ-75 AUTO;
tdb-3753;Video games;1;Who is the leader of Team Mystic in Pokémon Go?;Blanche;Candela;Spark;Willow;
tdb-3754;Geography;1;"Which US state is nicknamed ""The Golden State""?";California;Florida;New Mexico;Alaska;
tdb-3756;Music;2;"In what year was the smash hit song ""Scatman's World"" released?";1995;1996;1994;1993;
tdb-3757;General knowledge;1;Which candy is NOT made by Mars?;Almond Joy;M&M's;Twix;Snickers;
tdb-3759;Vehicles;3;Volkswagen's legendary VR6 engine has cylinders positioned at what degree angle?;15 Degree;30 Degree;45 Degree;90 Degree;
tdb-3761;General knowledge;1;When was Pong released?;November 29, 1972;March 29, 2017;November 29, 1970;December 14, 1974;
tdb-3763;Video games;2;"In ""Resident Evil 2"", which virus was William Birkin mutated by?";G-Virus;T-Virus;C-Virus;E-Virus;
tdb-3764;Science and nature;3;"The word ""science"" stems from the word ""scire"" meaning what?";To know;To measure;To live;To count;
tdb-3766;History;1;In which year did the Invasion of Kuwait by Iraq occur?;1990;1992;1988;1986;
tdb-3767;Science and nature;2;What was the first living creature in space?;Fruit Flies;Monkey;Dog;Mouse;
tdb-3769;Film;1;The Queen song `A Kind Of Magic` is featured in which 1986 film?;Highlander;Flash Gordon;Labyrinth;Howard the Duck;
tdb-3771;Vehicles;2;What manufacturer made the car used in Back to the Future?;DeLorean;Ford;Toyota;Daihatsu;
tdb-3772;Geography;2;What continent is the country Lesotho in?;Africa;Asia;South America;Europe;
tdb-3773;Video games;1;In Animal Crossing, who is the manager of the town shop?;Tom Nook;Mr. Resetti;Gracie;K.K. Slider;
tdb-3775;Vehicles;2;"What country is the Hussarya supercar, made by the car manufacturer ""Arrinera"", assembled in?";Poland;China;Sweden;Italy;
tdb-3776;Geography;3;With which country does France share its largest land border;Brazil;Germany;Spain;Canada;
tdb-3777;General knowledge;2;In which country was the 1992 Summer Olympics Games held?;Spain;Russia;Korea;USA;
tdb-3778;General knowledge;1;Which of these fast-food chains is NOT mainly known to sell pizza?;Wendy's;Domino's;Little Caesars;Papa John's;
tdb-3779;Science and nature;1;Which gas forms about 78% of the Earth's atmosphere?;Nitrogen;Oxygen;Argon;Carbon Dioxide;
tdb-3780;Comics;2;Who was the inspiration for Cuthbert Calculus in the Tintin series?;Auguste Picard;Jacques Piccard;Will Morris;J. Cecil Maby;
tdb-3781;General knowledge;2;Which country drives on the left side of the road?;Japan;Germany;Russia;China;
tdb-3782;Celebrities;1;By which name is Ramon Estevez better known as?;Martin Sheen;Charlie Sheen;Ramon Sheen;Emilio Estevez;
tdb-3783;Mythology;1;Who was the King of Gods in Ancient Greek mythology?;Zeus;Apollo;Hermes;Poseidon;
tdb-3784;Video games;2;In Need For Speed Most Wanted (2005), what do you drive at the beginning of the career mode?;BMW M3 GTR;Porsche 911 Turbo;Nissan 240SX;Ford Mustang;
tdb-3786;Video games;1;Which of these is NOT the name of a rival gang in the video game Saint's Row 2?;The Zin Empire;The Brotherhood;The Ronin;The Sons of Samedi;
tdb-3788;Video games;3;What is the name of the virus that infected New York in Tom Clancy's The Division?;Dollar Flu;Ebola;Red Poison;Smallpox;
tdb-3789;Video games;3;The creeper in Minecraft was the result of a bug while implementing which creature?;Pig;Zombie;Chicken;Cow;
tdb-3790;Music;2;Which of the following music bands is not from Finland?;Sabaton;Apocalyptica;Waltari;Lordi;
tdb-3791;Geography;1;What country has a horizontal bicolor red and white flag?;Monaco;Bahrain;Malta;Liechenstein;
tdb-3792;Books;3;"Which author co-wrote ""The Communist Manifesto"" alongside Karl Marx?";Friedrich Engels;Robert Owen;Alexander Kerensky;Paul Lafargue;
tdb-3794;Comics;2;In Calvin and Hobbes, what is the name of the principal at Calvin's school?;Mr. Spittle;Mr. Boreman;Mr. Spitling;Mr. Moe;
tdb-3795;Politics;1;Who was South Africa's first Black President?;Nelson Mandela;Mangosuthu Buthelezi;Steve Biko;Bishop Tutu;
tdb-3796;Board games;3;Which board game was first released on February 6th, 1935?;Monopoly;Risk;Clue;Candy Land;
tdb-3798;Sport;2;Who was the top scorer of the 2014 FIFA World Cup?;James Rodríguez;Thomas Müller;Lionel Messi;Neymar;
tdb-3799;Music;1;"From which country did the song ""Gangnam Style"" originate from?";South Korea;Japan;North Korea;China;
tdb-3801;Sport;2;Which of the following player scored a hat-trick during their Manchester United debut?;Wayne Rooney;Cristiano Ronaldo;Robin Van Persie;David Beckham;
tdb-3803;Video games;2;How much does the 'AWP' cost in Counter-Strike: Global Offensive?;$4750;$4500;$4650;$5000;
tdb-3804;Sport;2;Which portuguese island is soccer player Cristiano Ronaldo from?;Madeira;Terceira;Santa Maria;Porto Santo;
tdb-3805;Anime and manga;2;"What song plays in the ending credits of the anime ""Ergo Proxy""?";Paranoid Android;Sadistic Summer;Bittersweet Symphony;Mad World;
tdb-3807;Music;1;Which genre of music is John Coltrane primarily associated with?;Jazz;Rock and Roll;Death Metal;Folk;
tdb-3808;History;3;Toussaint Louverture led a successful slave revolt in which country?;Haiti;France;Cuba;United States;
tdb-3809;Video games;1;Which company developed the free battle royale game Fortnite?;Epic Games;Valve;Ubisoft;Square Enix;
tdb-3810;Film;2;Mark Wahlberg played the titular character of which 2008 video-game adaptation?;Max Payne;Alan Wake;Hitman;God Of War;
tdb-3811;Science and nature;1;What is the atomic mass of Carbon?;12;14;16;10;
tdb-3812;Film;1;"Who played the female lead in the 1933 film ""King Kong""?";Fay Wray;Jean Harlow;Vivien Leigh;Mae West;
tdb-3813;Sport;2;What is Tiger Woods' all-time best career golf-score?;61;65;63;67;
tdb-3814;Video games;3;"Which game in the ""Dark Souls"" series does the player play as the ""Ashen One""?";Dark Souls III;Dark Souls I;Bloodborne;Demon Souls;
tdb-3816;Video games;2;Which horror movie had a sequel in the form of a video game released in August 20, 2002?;The Thing;The Evil Dead;Saw;Alien;
tdb-3817;Mythology;2;Which of the following Mesopotamian mythological figures was NOT a deity?;Enkidu;Enki;Enlil;Enkimdu;
tdb-3818;Sport;1;Which English football club has the nickname 'The Foxes'?;Leicester City;Northampton Town;Bradford City;West Bromwich Albion;
tdb-3820;Sport;3;How many times did Martina Navratilova win the Wimbledon Singles Championship?;Nine;Ten;Seven;Eight;
tdb-3821;Music;2;Who was the youngest member of The Beatles?;George Harrison;Paul McCartney;John Lennon;Ringo Starr;
tdb-3822;Film;2;"What is the name of the first ""Star Wars"" film by release order?";A New Hope;The Phantom Menace;The Force Awakens;Revenge of the Sith;
tdb-3823;Vehicles;3;What car manufacturer gave away their patent for the seat-belt in the interest of saving lives?;Volvo;Ferrari;Ford;Renault;
tdb-3824;Vehicles;1;Automobiles produced by Tesla Motors operate on which form of energy?;Electricity;Gasoline;Diesel;Nuclear;
tdb-3826;Video games;3;In the Lego Island trilogy, who taught Pepper Roni how to read?;Officer Laura Brick;Papa Brickolini;Officer Nick Brick;Mama Brickolini;
tdb-3827;General knowledge;2;Which is the most popular spoken language in the Southern Hemisphere?;Portuguese;English;Spanish;French;
tdb-3828;History;3;The son of which pope supposedly held a lecherous fête involving 50 courtesans in the papal palace?;Alexander VI;Innocent V;Urban II;Pius III;
tdb-3829;Art;3;Albrecht Dürer's birthplace and place of death were in...;Nürnberg;Augsburg;Bamberg;Berlin;
tdb-3830;Geography;1;"Which European city is known as the ""City of Light""?";Paris;Rome;London;Madrid;
tdb-3831;Board games;3;What is the sum of all the tiles in a standard box of Scrabble?;187;207;197;177;
tdb-3832;Video games;2;"When was Chapter 1 of the Source Engine mod ""Underhell"" released?";September 1st, 2013;March 3rd, 2011;September 12th, 2013;October 2nd, 2012;
tdb-3833;Music;2;"Who wrote the musical composition, ""Rhapsody In Blue""?";George Gershwin;Irving Berlin;Duke Ellington;Johnny Mandel;
tdb-3834;History;2;When did O, Canada officially become the national anthem?;1980;1950;1920;1880;
tdb-3835;General knowledge;1;The Flag of the European Union has how many stars on it?;12;10;14;16;
tdb-3837;Video games;1;Who is the main antagonist in the Portal franchise?;GLaDOS;Chell;Wheatley;Rick;
tdb-3838;Music;2;"Which of the following stars was not mentioned in the lyrics of Madonna's ""Vogue""?";Mae West;Marlene Dietrich;Lana Turner;Grace Kelly;
tdb-3839;Art;2;"Who painted ""The Scream""?";Edvard Munch;Vincent Van Gogh;Picasso;Henri Matisse;
tdb-3840;Video games;2;"In the game ""Persona 4"", what is the canonical name of the protagonist?";Yu Narukami;Chino Mashido;Tunki Sunada;Masaki Narinaka;
tdb-3841;Video games;2;"What engine did the original ""Half-Life"" run on?";GoldSrc;Source;Quake;Unreal;
tdb-3842;Video games;3;In Super Mario RPG: Legend of The Seven Stars, what is Geno's real name?;♡♪!?;Geno;Exor;Smithy;
tdb-3844;Film;1;"The 2002 film ""28 Days Later"" is mainly set in which European country?";United Kingdom;France;Italy;Germany;
tdb-3845;Video games;2;In WarioWare: Smooth Moves, which one of these is NOT a Form?;The Hotshot;The Discard;The Elephant;The Mohawk;
tdb-3846;Science and nature;3;How much radiation does a banana emit?;0.1 Microsievert;0.3 Microsievert;0.5 Microsievert;0.7 Microsievert;
tdb-3847;Geography;1;Which area of Eastern Europe is famous for its association with vampires?;Transylvania;Silesia;Macedonia;Slovakia;
tdb-3851;Music;2;"Which song in Drake's ""Views"" features Future?";Grammys;Too Good;Faithful;Pop Style;
tdb-3852;General knowledge;3;"In ""Resident Evil 3"", how many inventory slots does Jill have at the start of the game?";8;6;10;12;
tdb-3855;Geography;1;What is the Capital of the United States?;Washington, D.C.;Los Angelas, CA;New York City, NY;Houston, TX;
tdb-3856;Cartoons;3;In the web-comic Homestuck, what is the name of the game the 4 kids play?;Sburb;Homesick;Husslie;Hiveswap;
tdb-3859;Science and nature;3;Botanically speaking, which of these fruits is NOT a berry?;Strawberry;Blueberry;Banana;Concord Grape;
tdb-3861;Video games;3;In the game Warframe, what Mastery Rank do you need to have to build the Tigris Prime?;13;6;18;10;
tdb-3862;Video games;1;"When was the top-down online RPG ""Space Station 13"" released?";2003;2000;2010;2006;
tdb-3863;Music;1;"Which song on Daft Punk's ""Random Access Memories"" features Pharrell Williams?";Get Lucky;Doin' It Right;Instant Crush;The Game of Love;
tdb-3866;Video games;1;"Which ""Call Of Duty: Zombies"" map introduced the ""Staffs Of The Ancients""?";Origins;Shangri-La;Revelations;Nuketown;
tdb-3867;Video games;2;Which city hosted the CS:GO Dreamhack Open 2015?;Cluj-Napoca;Cologne;Atlanta;London;
tdb-3869;Video games;2;"The original mascot of the popular Nintendo game, ""Splatoon"" was going to be...";Mario;Inklings;Octolings;Zelda;
tdb-3870;Video games;2;"In the game ""Dead By Daylight,"" which character starts with the perk ""Bond"".";Dwight Fairfield;Claudette Morell;Meg Thomas;Jake Park;
tdb-3871;Video games;3;Which was the first M-rated video game developed by Squaresoft/Square Enix?;Parasite Eve;Final Fantasy VIII;Front Mission;Vagrant Story;
tdb-3872;History;1;What year did World War II end?;1945;1943;1947;1950;
tdb-3873;Comics;2;What's the weakness of american vampires (Scott Snyder's American Vampire)?;Gold;Sunlight;Wood;Silver;
tdb-3875;Film;2;In which movie does Robin Williams' character have to disguise themselves into a woman?;Mrs. Doubtfire;Old Dogs;Jumanji;Awakenings;
tdb-3876;Music;1;'The Safety Dance' was the biggest hit single for which Canadian act?;Men Without Hats;Crash Test Dummies;The Tragically Hip;Broken Social Scene;
tdb-3877;Geography;1;What is the capital of the American state of Arizona?;Phoenix;Montgomery;Tallahassee;Raleigh;
tdb-3878;Geography;2;Which of the following countries is within the Eurozone but outside of the Schengen Area?;Cyprus;Malta;Greece;Portugal;
tdb-3879;General knowledge;3;Which of these banks are NOT authorized to issue currency notes in Hong Kong?;OCBC;HSBC;Standard Chartered;Bank of China;
tdb-3880;Video games;2;"What is the full name of the protagonist from the indie adventure game ""Night in the Woods""?";Margaret Borowski;Marlena Woborski;Milena Catharina;Katia Managan;
tdb-3883;Science and nature;1;What is the standard SI unit for distance?;Metre;Angstrom;Foot;Fathom;
tdb-3884;Music;2;In the song “The Ultimate Showdown of Ultimate Destiny,” who is the only one to survive the battle?;Mr. Rogers;Batman;Chuck Norris;Godzilla;
tdb-3885;Anime and manga;1;"Who is the colossal titan in ""Attack On Titan""?";Bertolt Hoover;Reiner;Eren;Sasha;
tdb-3887;Video games;3;What was the world's first handheld game device?;Mattel Auto Race;Game Boy;Microvision;Game & Watch;
tdb-3888;Video games;2;"In the game ""Undertale"", who was Mettaton's creator?";Alphys;Undyne;Sans;Asgore;
tdb-3889;History;1;What year did World War I begin?;1914;1905;1919;1925;
tdb-3890;Comics;2;What is Hellboy's true name?;Anung Un Rama;Right Hand of Doom;Ogdru Jahad;Azzael;
tdb-3891;Television;1;Who won Big Brother 2014 UK?;Helen Wood;Christopher Hall;Pauline Bennett;"Pavandeep ""Pav"" Paul";
tdb-3893;Geography;1;Which of the following geographic features is a ring-shaped coral reef, island, or series of islets?;Atoll;Peninsula;Isthmus;Delta;
tdb-3894;Video games;2;"How much did the indie game ""Cave Story"" cost when it was first released in 2004?";$0 USD;$5 USD;$10 USD;$15 USD;
tdb-3895;Music;3;The heavy metal band Black Sabbath hail from which English city?;Birmingham;Manchester;London;Newcastle-Upon-Tyne;
tdb-3896;Board games;1;How many dice are used in the game of Yahtzee?;Five;Four;Six;Eight;
tdb-3897;Video games;1;Who is the leader of Team Valor in Pokémon Go?;Candela;Willow;Blanche;Spark;
tdb-3898;Video games;2;"In which order do you need to hit some Deku Scrubs to open the first boss door in ""Ocarina of Time""?";2, 3, 1;1, 2, 3;1, 3, 2;2, 1, 3;
tdb-3899;Music;1;"Finish these lyrics from the 2016 song ""Panda"" by Desiigner: ""I got broads in _______"".";Atlanta;Savannah;Augusta;Marietta;
tdb-3900;History;2;Who was the first President of the People's Republic of China?;Mao Zedong;Liu Shaoqi;Dong Biwu;Li Xiannian;
tdb-3902;General knowledge;1;Of the following months, which has the most amount of days?;December;April;September;November;
tdb-3904;Film;1;Who wrote and directed the 1986 film 'Platoon'?;Oliver Stone;Francis Ford Coppola;Stanley Kubrick;Michael Cimino;
tdb-3905;Geography;2;In which country is located the municipality of Arteijo?;Spain;Morocco;France;Belgium;
tdb-3907;Video games;1;"Which of the following is NOT a summon in the game ""South Park: The Stick of Truth""?";Towelie;Jesus;Mr. Hankey;Mr. Slave;
tdb-3909;Books;1;"Who was the author of the 1954 novel, ""Lord of the Flies""?";William Golding;Stephen King;F. Scott Fitzgerald;Hunter Fox;
tdb-3911;Music;1;Which Nirvana album had a naked baby on the cover?;Nevermind;Bleach;In Utero;Incesticide;
tdb-3912;Music;2;Who is the lead singer of Silverchair?;Daniel Johns;Ben Gillies;Chris Joannou;George Costanza;
tdb-3914;Music;3;"What year did Dire Straits's Song ""Money for Nothing"" release?";1985;1973;1980;1991;
tdb-3915;Sport;3;Prior to 2018, which car company is the only Japanese company which won the 24 Hours of Le Mans?;Mazda;Toyota;Subaru;Nissan;
tdb-3916;General knowledge;3;How many notes are there on a standard grand piano?;88;98;108;78;
tdb-3917;Film;2;"What is the name of the dog that played Toto in the 1939 film ""The Wizard of Oz""?";Terry;Tommy;Teddy;Toto;
tdb-3918;Mythology;2;In Greek Mythology, who killed Achilles?;Paris;Hector;Helen;Pericles;
tdb-3920;Science and nature;2;What is the chemical symbol for lead?;Pb;Ld;Le;Pm;
tdb-3923;Video games;3;"In the SHMUP series, ""Gradius"", what is the name of the antagonist faction you fight against?";Bacterion;Bydo;Belsar;ORN Empire;
tdb-3925;Music;1;"""Hallelujah"" is a song written by which Canadian recording artist?";Leonard Cohen;Kory Lefkowits;Ryan Letourneau;Justin Bieber;
tdb-3928;Video games;2;Who is the main villain of Kirby's Return to Dreamland?;Magolor;Landia;King Dedede;Queen Sectonia;
tdb-3929;Computers;2;Which one of these is not an official development name for a Ubuntu release?;Mystic Mansion;Trusty Tahr;Utopic Unicorn;Wily Werewolf;
tdb-3935;Video games;2;"In the ""Call Of Duty: Zombies"" map ""Origins"", how many steps are there to upgrade a Staff?";4;7;5;3;
tdb-3937;Film;1;In the movie Gremlins, after what time of day should you not feed Mogwai?;Midnight;Evening;Morning;Afternoon;
tdb-3938;Film;3;In the Friday The 13th series, what year did Jason drown in?;1957;1955;1953;1959;
tdb-3940;Sport;1;Which country hosted the 2020 Summer Olympics?;Japan;China;Australia;Germany;
tdb-3941;Comics;1;Which superhero is known for his super speed?;Flash;Superman;Batman;Spiderman;
tdb-3942;Video games;1;In the video game Team Fortress 2, which of these is NOT a primary?;Medigun;Scattergun;Grenade Launcher;Rocket Launcher;
tdb-3943;Science and nature;1;Who discovered the Law of Gravity?;Sir Isaac Newton;Galileo Galilei;Charles Darwin;Albert Einstein;
tdb-3945;Computers;1;How long is an IPv6 address?;128 bits;32 bits;64 bits;128 bytes;
tdb-3947;Geography;2;The following Spanish provinces are located in the northern area of Spain except:;Murcia;Asturias;Navarre;León;
tdb-3949;Geography;2;"What Texas city is nicknamed ""The Yellow Rose of Texas""?";Amarillo;Corpus Christi;Frisco;Houston;
tdb-3950;Geography;2;Bikini Atoll is in which country?;Marshall Islands;Fiji;Christmas Islands;Bahamas;
tdb-3953;Music;2;"In what film was the Michael Jackson song ""Will You Be There"" featured?";Free Willy;Sleepless in Seattle;Men in Black;Bad Boys;
tdb-3955;Video games;1;How many carbon cars are there in Burnout Paradise?;6;4;3;5;
tdb-3956;Video games;2;Which of the following is not a playable race in the MMORPG Guild Wars 2?;Tengu;Sylvari;Charr;Asura;
tdb-3957;Celebrities;2;Which of these celebrities was not a member of the Jackson 5?;Bo Jackson;Tito Jackson;Jermaine Jackson;Marlon Jackson;
tdb-3958;Animals;1;Which class of animals are newts members of?;Amphibian;Fish;Reptiles;Mammals;
tdb-3959;Video games;3;In World of Warcraft, which raid instance features a chess event?;Karazhan;Zul'Aman;Blackwing Lair;Temple of Ahn'Qiraj;
tdb-3960;Video games;2;"What is the name of the prison in ""Half Life 2""?";Nova Prospekt;Great Prospekt;New Prospect;Lesser Prospekt;
tdb-3963;Anime and manga;3;"What is the name of the school in the anime and manga ""Gosick""?";St. Marguerite;St. Augustine;St. Mary;St. Bernadette;
tdb-3966;Mathematics;2;What is the area of a circle with a diameter of 20 inches if π= 3.1415?;314.15 Inches;380.1215 Inches;3141.5 Inches;1256.6 Inches;
tdb-3967;Video games;3;"In the ""PAYDAY"" series, what is the real name of the character known as ""Dallas""?";Nathan Steele;Nate Siemens;Nick Stamos;Nolan Stuhlinger;
tdb-3969;History;3;What was the original name of New York City?;New Amsterdam;New London;New Paris;New Rome;
tdb-3970;History;1;King Henry VIII was the second monarch of which European royal house?;Tudor;York;Stuart;Lancaster;
tdb-3971;Video games;3;"In ""The Witness"", how many lasers must be activated to get into the mountain area?";7;8;5;12;
tdb-3972;Music;2;"Rick Astley's hit song ""Never Gonna Give You Up"" was released in what year?";1987;1985;1986;1988;
tdb-3973;Television;2;"Which track by ""Massive Attack"" is used for the theme of ""House""?";Teardrop;Protection;Angel;Black Milk;
tdb-3975;Television;2;On the NBC show Community what was Star Burns' real name?;Alex;Todd;Neal;Grimus;
tdb-3976;Video games;2;In the Portal series of games, who was the founder of Aperture Science?;Cave Johnson;GLaDOs;Wallace Breen;Gordon Freeman;
tdb-3979;Video games;3;"In what year was the game ""Eliminator"" released?";1998;2000;1999;2001;
tdb-3980;Musicals and theatre;2;In which Shakespearean play will you find the suicide of Ophelia?;Hamlet;Macbeth;Othello;King Lear;
tdb-3984;Geography;3;What is the capital of Mauritius?;Port Louis;Port Moresby;Port Vila;Port-au-Prince;
tdb-3986;Geography;3;What was the original name of Ho Chi Minh City?;Saigon;Hanoi;Dar Es Salaam;Angkor Wat;
tdb-3987;Geography;2;Which is the largest of these 4 islands?;Borneo;Great Britain;Cuba;Madagascar;
tdb-3988;Music;2;Who had a 1976 hit with the song 'You Make Me Feel Like Dancing'?;Leo Sayer;Elton John;Billy Joel;Andy Gibb;
tdb-3990;Video games;1;"In the video game ""Postal 2"", what is the name of Postal Dude's dog?";Champ;Snoopy;Krotchy;Duke;
tdb-3992;Science and nature;1;Naturally occuring uranium primarily consists of which isotope?;238;235;239;233;
tdb-3993;Music;3;Who won the 1989 Drum Corps International championships?;Santa Clara Vanguard;Blue Devils;The Academy;The Bluecoats;
tdb-3995;History;3;During the Spanish Civil War (1936), Francisco Franco fought for which political faction?;Nationalist Spain;Republican Spain;Popular Front;Papal State;
tdb-3996;Geography;2;All of the following are towns/villages in the Pacific Island nation of Kiribati EXCEPT:;Urutora;Rungata;London;Washington;
tdb-3997;Board games;1;How many dots are on a single die?;21;24;15;18;
tdb-3999;Books;2;By what name was the author Eric Blair better known?;George Orwell;Aldous Huxley;Ernest Hemingway;Ray Bradbury;
tdb-4001;Cartoons;2;"What is Dipper's real name from ""Gravity Falls""?";Mason Pines;Mable Pines;Jason Pines;Mark Pines;
tdb-4002;Books;2;"What was the name of the Mysterious Island, in Jules Verne's ""The Mysterious Island""?";Lincoln Island;Vulcania Island;Prometheus Island;Neptune Island;
tdb-4003;Comics;1;In Black Hammer, what city did the heroes save from the Anti-God?;Spiral City;Mega-City One;Rockwood;Star City;
tdb-4005;General knowledge;1;What do the letters in the GMT time zone stand for?;Greenwich Mean Time;Global Meridian Time;General Median Time;Glasgow Man Time;
tdb-4006;Anime and manga;2;"What year did ""Attack on Titan"" Season 2 begin airing?";2017;2018;2019;2020;
tdb-4007;Music;3;What year was Huun Huur Tu's album Altai Sayan Tandy-Uula released?;2004;1993;2006;2010;
tdb-4008;Board games;2;The board game, Nightmare was released in what year?;1991;1992;1989;1995;
tdb-4009;Music;2;In which city did American rap producer DJ Khaled originate from?;Miami;New York;Detroit;Atlanta;
tdb-4010;Science and nature;2;Which continent do sweet potatoes originally come from?;South America;Asia;Africa;Europe;
tdb-4011;Sport;1;Which African American is in part responsible for integrating Major League baseball?;Jackie Robinson;Curt Flood;Roy Campanella;Satchell Paige;
tdb-4012;Cartoons;2;"Who is the ""dumb blonde"" character in Nickelodeon's ""The Loud House""?";Leni;Luan;Luna;Lincoln;
tdb-4013;Video games;1;What is the name of the largest planet in Kerbal Space Program?;Jool;Eeloo;Kerbol;Minmus;
tdb-4014;Science and nature;2;Which of these is NOT a bone found in the human arm?;Tibia;Humerus;Ulna;Radius;
tdb-4015;Anime and manga;2;"In ""JoJo's Bizarre Adventure"", which of the following Stands does NOT have a time-based ability?";20th Century Boy;Made in Heaven;Star Platinum;The World;
tdb-4016;Geography;3;What is the largest city and commercial capital of Sri Lanka?;Colombo;Moratuwa;Negombo;Kandy;
tdb-4017;Anime and manga;3;"The ""To Love-Ru"" Manga was started in what year?";2006;2007;2004;2005;
tdb-4018;Music;3;In the metal band Slipknot, there are 9 members, which member labelled themselves number 6?;Shawn Crahan (Clown);Sid Wilson;Cory Taylor;Mick Thomson;
tdb-4019;Video games;2;Which franchise had a special event hosted in the popular MMORPG Final Fantasy XIV: A Realm Reborn?;Yo-kai Watch;Pokémon;Yu-gi-oh;Buddyfight;
tdb-4020;Video games;2;"In the game ""Terraria"", which of these bosses are pre-hardmode bosses?";Eye of Cthulhu;Plantera;Skeletron Prime;The Destroyer;
tdb-4021;Music;2;Which rapper had an album that went double platinum with no features?;J. Cole;Kendrick Lamar;Drake;Big Sean;
tdb-4022;Books;2;By what nickname is Jack Dawkins known in the Charles Dickens novel, 'Oliver Twist'?;The Artful Dodger;Fagin;Bull's-eye;Mr. Fang;
tdb-4025;Science and nature;1;What is the standard atomic weight of a Plutonium nucleus?;244;94;481;128;
tdb-4027;Geography;2;Which of these countries is located the FURTHEST away from the South China Sea?;Bangladesh;Malaysia;Vietnam;Philippines;
tdb-4029;General knowledge;3;What is the airspeed velocity of an unladen swallow?;24 MPH;15 MPH;20 MPH;200 MPH;
tdb-4032;General knowledge;2;"What name represents the letter ""M"" in the NATO phonetic alphabet?";Mike;Matthew;Mark;Max;
tdb-4033;Music;1;"""Doctor Jones"", ""Turn Back Time"" and ""Barbie Girl"" were UK number ones for which Eurodance group?";Aqua;Vengaboys;Eiffel 65;Sash!;
tdb-4034;Books;1;What is the name of the three headed dog in Harry Potter and the Sorcerer's Stone?;Fluffy;Spike;Poofy;Spot;
tdb-4035;History;1;What year did the Titanic sink?;1912;1930;1917;1941;
tdb-4038;Science and nature;3;The 'Islets of Langerhans' is found in which human organ?;Pancreas;Kidney;Liver;Brain;
tdb-4039;Musicals and theatre;1;"Who wrote the award winning musical ""In The Heights""?";Lin-Manuel Miranda;Steven Sondheim;Francis Scott Key;John Phillips Sousa;
tdb-4040;General knowledge;1;How would one say goodbye in Spanish?;Adiós;Hola;Au Revoir;Salir;
tdb-4042;Video games;3;Which car did not appear in the 2002 Lego Game: Drome Racers?;Wasp;Raptor;Hornet;Behemoth;
tdb-4043;Video games;2;The default playermodel of Garry's Mod is this Half Life 2 character.;Isaac Kleiner;G-Man;Alyx Vance;Gordon Freeman;
tdb-4044;Sport;3;Where was the Games of the XXII Olympiad held?;Moscow;Barcelona;Tokyo;Los Angeles;
tdb-4045;Video games;3;What was the code name given to Sonic the Hedgehog 4 during its development?;Project Needlemouse;Project Bluespike;Project Roboegg;Project Darksphere;
tdb-4046;Video games;1;Which of these is NOT a player class in Team Fortress 2?;Healer;Demoman;Pyro;Spy;
tdb-4048;Geography;3;What is the county seat of King County, Washington?;Seattle;Bellevue;Enumclaw;Skykomish;
tdb-4049;Celebrities;2;Which actress's real name was Frances Ethel Gumm?;Judy Garland;Doris Day;Julie Andrews;Marilyn Monroe;
tdb-4050;Vehicles;2;When was Cadillac founded?;1902;1964;1898;1985;
tdb-4051;Video games;1;What is Gabe Newell's favorite class in Team Fortress 2?;Spy;Heavy;Medic;Pyro;
tdb-4052;Cartoons;1;Wendy O. Koopa appeared in the Super Mario DIC Cartoons, but what was she known as?;Kootie Pie;Sweetie Pie;Wendy Pie;Honey Pie;
tdb-4055;Video games;3;"In ""Magicka"", which two elements are combined to cast the spell, ""Nullify""?";Arcane + Shield;Lightning + Shield;Lightning + Life;Arcane + Life;
tdb-4056;Music;2;Who is the primary lyricist for Canadian progressive rock band Rush?;Neil Peart;Geddy Lee;Alex Lifeson;John Rutsey;
tdb-4057;General knowledge;2;"What was the original name of the search engine ""Google""?";BackRub;CatMassage;SearchPro;Netscape Navigator;
tdb-4058;Video games;2;"In ""Call Of Duty: Zombies"", which map features the ""Fly Trap"" easter egg?";Der Riese;Tranzit;Call Of The Dead;Shi No Numa;
tdb-4059;Video games;1;What is the most expensive weapon in Counter-Strike: Global Offensive?;Scar-20/G3SG1;M4A1;AWP;R8 Revolver;
tdb-4061;Anime and manga;1;"The characters of ""Log Horizon"" are trapped in what game?";Elder Tale;Sword Art Online;Tower Unite;Yggdrasil;
tdb-4063;History;1;"Which modern country is known as ""The Graveyard of Empires""?";Afghanistan;China;Iraq;Russia;
tdb-4065;Comics;2;What's the name of Batman's parents?;Thomas & Martha;Joey & Jackie;Jason & Sarah;Todd & Mira;
tdb-4068;General knowledge;1;In aerodynamics, which force pushes an object upwards?;Lift;Drag;Weight;Thrust;
tdb-4069;Computers;3;Which of these names was an actual codename for a cancelled Microsoft project?;Neptune;Enceladus;Pollux;Saturn;
tdb-4070;Anime and manga;2;Who was the first Legendary Pokemon to be defeated by Ash Ketchum in the Pokémon anime?;Articuno;Darkrai;Latios;Regice;
tdb-4071;Music;1;Which brass instrument has the lowest pitch in an orchestra?;Tuba;Trumpet;Saxophone;Trombone;
tdb-4072;Video games;1;Gordon Freeman is said to have burnt and destroyed what food in the break room microwave?;Casserole;Sub Sandwich;Chicken Soup;Pepperoni Pizza;
tdb-4073;Music;2;What was the release date of the They Might Be Giants album, 'Mink Car?';September 11th, 2001;April 17th, 2003;November 4th, 1999;December 20th, 2002;
tdb-4074;Geography;2;What is the largest Muslim country in the world?;Indonesia;Pakistan;Saudi Arabia;Iran;
tdb-4075;Computers;3;The Harvard architecture for micro-controllers added which additional bus?;Instruction;Address;Data;Control;
tdb-4076;Anime and manga;2;"Which Japanese music group was formed to produce theme music for the anime ""Guilty Crown""?";Egoist;Goose house;Babymetal;Garnidelia;
tdb-4077;History;3;The Battle of Hastings was fought in which year?;1066;911;1204;1420;
tdb-4078;Film;1;What name did Tom Hanks give to his volleyball companion in the film `Cast Away`?;Wilson;Friday;Jones;Billy;
tdb-4079;Film;1;Who played Thanos in Avengers: Infinity War and Avengers: End Game?;Josh Brolin;Tom Hiddleston;Adam Sandler;Sean Gunn;
tdb-4080;History;2;Who was the first wife of King Henry VIII?;Catherine of Aragon;Jane Seymour;Anne Boleyn;Anne of Cleves;
tdb-4081;Video games;1;Who out of these Team Fortress 2 characters, does not use a Shotgun as a secondary weapon?;Engineer;Soldier;Pyro;Heavy;
tdb-4082;Sport;1;In the 2014 FIFA World Cup, what was the final score in the match Brazil - Germany?;1-7;1-5;1-6;2-6;
tdb-4084;Video games;3;Which of these TrackMania environments was NOT in the original game?;Bay;Desert;Snow;Rally;
tdb-4086;Science and nature;2;How old is the universe?;13.8 Billion Years;4.5 Billion Years;7.9 Billion Years;16.2 Billion Years;
tdb-4088;Video games;2;Along with Gabe Newell, who co-founded Valve?;Mike Harrington;Robin Walker;Marc Laidlaw;Stephen Bahl;
tdb-4090;Video games;2;What was the character Kirby originally going to be named?;Popopo;Dedede;Waddle Dee;Prince Puff;
tdb-4092;General knowledge;1;In which year did Ghana gain independence?;1957;1947;1960;1958;
tdb-4093;General knowledge;1;What airline was the owner of the plane that crashed off the coast of Nova Scotia in 1998?;Swiss Air;Air France;British Airways;TWA;
tdb-4094;General knowledge;1;What alcoholic drink is made from molasses?;Rum;Gin;Vodka;Whisky;
tdb-4096;Music;2;What is the name of the 2016 studio album by the French electronic music duo Justice?;Woman;Randy;Safe and Sound;Pleasure;
tdb-4097;History;1;Pol Pot was the former dictator of which country?;Cambodia;Laos;North Korea;Vietnam;
tdb-4098;History;3;Who was the British Prime Minister at the outbreak of the Second World War in 1939?;Neville Chamberlain;Stanley Baldwin;Winston Churchill;Ramsay MacDonald;
tdb-4099;Vehicles;2;Which of these car models are produced by Lamborghini?;Aventador;Huayra;918;Chiron;
tdb-4100;General knowledge;2;"What is the romanized Japanese word for ""university""?";Daigaku;Toshokan;Jimusho;Shokudou;
tdb-4101;Video games;1;What is the protagonist's title given by the demons in DOOM (2016)?;Doom Slayer;Doom Guy;Doom Marine;Doom Reaper;
tdb-4103;Gadgets;1;Which virtual assistant is developed by Amazon?;Alexa;Google Assistant;Siri;Cortana;
tdb-4105;Science and nature;2;What part of the brain takes its name from the Greek for seahorse?;Hippocampus;Cerebellum;Thalamus;Amygdala;
tdb-4107;Sport;1;"In what sport is a ""shuttlecock"" used?";Badminton;Table Tennis;Rugby;Cricket;
tdb-4110;Politics;2;Which of these is NOT one of Donald Trump's children?;Julius;Donald Jr.;Ivanka;Eric;
tdb-4111;Geography;2;How many timezones does Russia have?;11;6;24;16;
tdb-4112;Sport;2;How many games did Arsenal FC go unbeaten during the 2003-2004 season of the English Premier League;38;51;49;22;
tdb-4115;Art;3;Paul Gauguin moved to which country in 1895?;Tahiti;France;Atuona;Lithuania;
tdb-4116;Art;1;"Who painted ""The Starry Night""?";Vincent van Gogh;Edvard Munch;Pablo Picasso;Claude Monet;
tdb-4117;Video games;2;Which country is featured in Ace Combat 5: The Unsung War?;Osea;Aurelia;Australia;Japan;
tdb-4118;Science and nature;2;Along with Oxygen, which element is primarily responsible for the sky appearing blue?;Nitrogen;Helium;Carbon;Hydrogen;
tdb-4119;Celebrities;2;What was the name of Marilyn Monroe's first husband?;James Dougherty;Joe Dimaggio;Kirk Douglas;Arthur Miller;
tdb-4121;Geography;2;What was the most populous city in the Americas in 2015?;São Paulo;New York;Mexico City;Los Angeles;
tdb-4123;Geography;3;Santorini is an island belonging to what European Country?;Greece;Italy;Spain;Turkey;
tdb-4124;Mathematics;2;At what temperature does temp in °C equal temp in °F?;-40;+40;0;+100;
tdb-4126;History;2;Which Nation did NOT have a Colony in modern-day North America?;Portugal;Spain;Sweden;Netherlands;
tdb-4129;Art;2;Which time signature is commonly known as “Cut Time?”;2/2;4/4;6/8;3/4;
tdb-4130;Geography;2;Which of these countries is the smallest by population?;Norway;Slovakia;Finland;Hong Kong;
tdb-4131;Computers;2;Approximately how many Apple I personal computers were created?;200;100;500;1000;
tdb-4132;Video games;3;What is the name of your team in Star Wars: Republic Commando?;Delta Squad;The Commandos;Bravo Six;Vader's Fist;
tdb-4135;Video games;2;"""Rollercoaster Tycoon"" was programmed mostly entirely in...";x86 Assembly;C++;C;ALGOL;
tdb-4136;Anime and manga;3;Which studio animated Afro Samurai?;Gonzo;Kyoto Animation;xebec;Production I.G;
tdb-4137;Books;2;What position does Harry Potter play in Quidditch?;Seeker;Beater;Chaser;Keeper;
tdb-4138;History;3;The Second Boer War in 1899 was fought where?;South Africa;Argentina;Nepal;Bulgaria;
tdb-4139;Science and nature;2;Which of these elements on the Periodic Table is a Noble Gas?;Neon;Potassium;Iodine;Colbalt;
tdb-4140;General knowledge;1;"In ""Shrek"", what comedic actor voices Donkey?";Eddie Murphy;Chris Rock;Richard Pryor;Bernie Mac;
tdb-4141;General knowledge;2;"When did the website ""Facebook"" launch?";2004;2005;2003;2006;
tdb-4142;General knowledge;1;What is the full meaning of RAM?;Random Access Memory;Random Assist Memory;Rand Assist Mandate;Ram;
tdb-4143;Music;3;On which Beatles album would you find the song 'Eleanor Rigby'?;Revolver;Help!;Rubber Soul;Abbey Road;
tdb-4144;Anime and manga;2;"In ""JoJo's Bizarre Adventure: Stardust Crusaders"", what is the last name of the protagonist Jotaro?";Kujo;Cujoh;Joestar;Higashikata;
tdb-4145;Comics;3;"Which of the following rings from the DC Comics' ""Lantern Corps"" are classified as Parasitic?";Indigo (Compassion);Green (Willpower);White (Life);Yellow (Fear);
tdb-4146;Music;3;Which Death Grips album is the only one to feature a band member?;No Love Deep Web;Bottomless Pit;The Money Store;The Powers That B;
tdb-4149;Music;2;Which of these is NOT a name of an album released by American rapper Pitbull?;Welcome to Miami;Dale;Global Warming;Armando;
tdb-4153;Celebrities;1;Which actress married Michael Douglas in 2000?;Catherine Zeta-Jones;Ruth Jones;Pam Ferris;Sara Sugarman;
tdb-4155;Geography;2;Gibraltar, located just south of the Iberian peninsula, is a territory of which West Europe country?;United Kingdom;Spain;Portugal;France;
tdb-4156;Geography;2;Which Oceanian nation is known in Māori as Aotearoa?;New Zealand;Australia;Solomon Islands;New Caledonia;
tdb-4158;Video games;2;What is the AK-47's name in Counter Strike: Source?;CV-47;AK-74;AK;CZ-75;
tdb-4159;Mathematics;2;Which of these probability distributions is NOT discrete?;Normal;Binomial;Poisson;Hyper-geometric;
tdb-4160;Video games;1;In Spyro the Dragon, what is Spyro's dragonfly friend called?;Sparx;Sam;Sparky;Spinkles;
tdb-4161;Computers;1;What does the computer software acronym JVM stand for?;Java Virtual Machine;Java Vendor Machine;Java Visual Machine;Just Virtual Machine;
tdb-4163;Computers;3;What internet protocol was documented in RFC 1459?;IRC;HTTP;HTTPS;FTP;
tdb-4165;Science and nature;1;What is the powerhouse of the cell?;Mitochondria;Ribosome;Redbull;Nucleus;
tdb-4167;Science and nature;2;All the following metal elements are liquids at or near room temperature EXCEPT:;Beryllium;Gallium;Caesium;Mercury;
tdb-4169;Books;2;What is the fourth book of the Old Testament?;Numbers;Genesis;Exodus;Leviticus;
tdb-4170;Video games;2;"What was the game ""Galaga"" was a sequel to?";Galaxian;Galactica;Space Invaders;Galactic Wars;
tdb-4172;Video games;2;Which of the following Pokémon games released first?;Pokémon Crystal;Pokémon Platinum;Pokémon FireRed;Pokémon Black;
tdb-4173;Geography;1;What is the official language in Liechtenstein?;German;French;English;Italian;
tdb-4174;Animals;1;What colour is the female blackbird?;Brown;Black;White;Yellow;
tdb-4175;General knowledge;2;"What does the ""G"" mean in ""G-Man""?";Government;Going;Ghost;Geronimo;
tdb-4177;General knowledge;3;Which of these anatomical terms refers to the tail end of the creature?;Caudal;Ventral;Proximal;Coronal;
tdb-4178;Video games;1;In Fallout: New Vegas, which one of these casinos can you not play in?;Lucky 38;The Tops;Gammorah;Ultra-Luxe;
tdb-4179;Music;1;Which Twitch streamer is the vocalist for Red Vox?;Vinesauce;The8BitDrummer;LIRIK;Sodapoppin;
tdb-4181;Comics;3;When was the Garfield comic first published?;1978;1982;1973;1988;
tdb-4182;Vehicles;1;Which of these automotive brands originated in Sweden?;Volvo;Mercedes;Acura;Lincoln;
tdb-4183;Sport;1;Which team won 2014 FIFA World Cup in Brazil?;Germany;Argentina;Brazil;Netherlands;
tdb-4185;Gadgets;2;Apple's Voice Assistant, Siri, debuted on which iPhone?;iPhone 4S;iPhone 6S;iPhone 3GS;iPhone 5S;
tdb-4187;Music;2;"Which singer was featured in Swedish producer Avicii's song ""Wake Me Up""?";Aloe Blacc;John Legend;CeeLo Green;Pharrell Williams;
tdb-4188;Computers;2;Laserjet and inkjet printers are both examples of what type of printer?;Non-impact printer;Impact printer;Daisywheel printer;Dot matrix printer;
tdb-4189;Sport;2;Which country did Kabaddi, a contact sport involving tackling, originate from?;India;Australia;Turkey;Cambodia;
tdb-4192;Sport;2;Hockey player Wayne Gretzky was born in what Canadian province?;Ontario;British Columbia;Quebec;Alberta;
tdb-4193;Board games;3;The Dice Tower network of board game podcasts and videos is run by which individual?;Tom Vasel;Jason LeVine;Borth Sampson;Uncle Pennybags;
tdb-4194;Mathematics;1;What is the symbol for Displacement?;Δr;dr;Dp;r;
tdb-4196;Anime and manga;1;"In the 2012 animated film ""Wolf Children"", what are the names of the wolf children?";Ame & Yuki;Hana & Yuki;Ame & Hana;Chuck & Anna;
tdb-4197;Music;1;Brian May was the guitarist for which band?;Queen;Pink Floyd;Rolling Stones;The Doors;
tdb-4198;Board games;2;In the Board Game, Settlers of Catan, a die roll of what number causes the Robber to attack?;7;3;10;1;
tdb-4200;Video games;2;In Dota 2, what is Earthshaker's real name?;Raigor Stonehoof;Banehallow Ambry;Carl;Barathrum;
tdb-4201;Science and nature;2;On the periodic table of elements, what is the symbol for Tin?;Sn;Ti;Ni;Na;
tdb-4202;Science and nature;1;How many moons does Pluto have?;Five;Two;Three;One;
tdb-4203;Music;3;Electronic artists Boys Noize and Skrillex have collaborated and released tracks under what name?;Dog Blood;Jack Ü;What So Not;Noisia;
tdb-4204;Geography;3;What is the capital of Wisconsin, USA?;Madison;Milwaukee;Wisconsin Dells;Green Bay;
tdb-4205;Video games;2;In Call of Duty: United Offensive, what two soldiers share a name of a video game character?;Gordon & Freeman;Sam & Fisher;Nathan & Drake;Dig & Dug;
tdb-4209;General knowledge;1;Which company did Valve cooperate with in the creation of the Vive?;HTC;Oculus;Google;Razer;
tdb-4211;Science and nature;1;Which of the following blood vessels carries deoxygenated blood?;Pulmonary Artery;Pulmonary Vein;Aorta;Coronary Artery;
tdb-4212;Video games;2;How many sets of grandmaster witcher gear are in The Witcher 3's Blood and Wine DLC?;5;3;6;4;
tdb-4213;Geography;1;Which of the following Japanese islands is the biggest?;Honshu;Hokkaido;Shikoku;Kyushu;
tdb-4217;Geography;2;What is the capital of the US state Nevada?;Carson City;Las Vegas;Henderson;Reno;
tdb-4218;Video games;3;In the video game Undertale, what Fun Value is required to obtain the Fake Hallway?;66;91;45;39;
tdb-4220;Sport;3;Who won the 1998 Daytona 500?;Dale Earnhardt;John Anderson;Jeff Gordon;Michael Walltrip;
tdb-4221;Books;1;How many Harry Potter books are there?;7;8;5;6;
tdb-4222;Video games;2;"What CoD ""Deathstreak"" is only featured in Call of Duty: Modern Warfare 2?";Copycat;Martrydom;Final Stand;Revenge;
tdb-4226;Video games;1;Which of these is NOT a team available in the game Pokémon Go?;Team Rocket;Team Instinct;Team Valor;Team Mystic;
tdb-4227;Music;3;Chino Moreno is the lead singer of which alternative metal band?;Deftones;Tool;Korn;Type O Negative;
tdb-4228;Computers;3;What is the name given to layer 4 of the Open Systems Interconnection (ISO) model?;Transport;Session;Data link;Network;
tdb-4229;Musicals and theatre;2;Which of the following is not a piece from the 1950's musical West Side Story?;The Back Alley;Maria;Tonight;Mambo;
tdb-4231;General knowledge;1;Which of these holidays is NOT usually celebrated in the month of December?;Thanksgiving;Christmas;Kwanzaa;Hanukkah;
tdb-4233;Film;1;Who directed Marvel's Avengers Endgame?;The Russo Brothers;Zack Synder;Josh Whedon;Kevin Feige;
tdb-4234;Video games;1;"In the 2002 video game ""Kingdom Hearts"", how many Keyblades are usable?";18;13;16;15;
tdb-4236;General knowledge;3;Which product did Nokia, the telecommunications company, originally sell?;Paper;Phones;Computers;Processors;
tdb-4239;General knowledge;1;On a dartboard, what number is directly opposite No. 1?;19;20;12;15;
tdb-4240;Politics;3;What year did the effort to deploy the Common Core State Standards (CCSS) in the US begin?;2009;2012;2006;1997;
tdb-4241;Anime and manga;1;Who was a voice actor for the English dubbing of HOWL'S MOVING CASTLE (2004)?;Christian Bale;Matt Damon;Joseph Gordon-Levitt;Willem Dafoe;
tdb-4244;Vehicles;3;Which of these is NOT a car model produced by Malaysian car manufacturer Proton?;Kelisa;Saga;Perdana;Inspira;
tdb-4246;Video games;2;How many classes are there in Team Fortress 2?;9;10;8;7;
tdb-4247;Television;1;"In the show ""Dragonball Z"", what is the name of Cell's most powerful attack?";Solar Kamehameha;Super Kamehameha;Cell Kamehameha;Android Kamehameha;
tdb-4249;Sport;1;What is the most common type of pitch thrown by pitchers in baseball?;Fastball;Slowball;Screwball;Palmball;
tdb-4250;Music;2;"The song ""Feel Good Inc."" by British band Gorillaz features which hip hop group?";De La Soul;Public Enemy;OutKast;Cypress Hill;
tdb-4251;Sport;1;What year did the New Orleans Saints win the Super Bowl?;2010;2008;2009;2011;
tdb-4252;History;2;In which year did the First World War begin?;1914;1930;1917;1939;
tdb-4253;Science and nature;2;What medication was once commonly used as rat poison?;Coumadin;Aspirin;Eliquis;Tylenol;
tdb-4255;Music;2;Korean girl group TWICE is under which Entertainment Label?;JYP;MBK;YG;Stone Music;
tdb-4256;Geography;3;"What is the Finnish word for ""Finland""?";Suomi;Eesti;Magyarország;Sverige;
tdb-4258;Music;1;What is the name of the album released in 2014 by American band Maroon 5?;V;X;III;IV;
tdb-4259;Video games;2;What is the name the location-based augmented reality game developed by Niantic before Pokémon GO?;Ingress;Aggress;Regress;Digress;
tdb-4260;Film;2;What is the correct spelling of the protagonist of the book in The NeverEnding Story (1984)?;Atreyu;Atrayu;Atraiyu;Atraeyu;
tdb-4261;Geography;3;What is Canada's largest island?;Baffin Island;Prince Edward Island;Vancouver Island;Newfoundland;
tdb-4262;Science and nature;2;What is the name of the Supermassive Black Hole in the centre of the Milky Way?;Sagittarius A*;Messier 87;Alpha Centauri;Andromeda;
tdb-4263;Geography;2;Where is Hadrian's Wall located?;Carlisle, England;Rome, Italy;Alexandria, Egypt;Dublin, Ireland;
tdb-4264;Computers;2;What was the name given to Android 4.3?;Jelly Bean;Lollipop;Nutella;Froyo;
tdb-4265;History;1;What was the official German currency until 2002?;Mark;Frank;Pound sterling;Reichtoken;
tdb-4266;Science and nature;3;What is the unit of electrical inductance?;Henry;Weber;Coulomb;Mho;
tdb-4267;General knowledge;1;The buried remains of which English explorer of Australia were found in London in January 2019?;Matthew Flinders;William Bourke;Abel Tasman;Dirk Hartog;
tdb-4268;Politics;3;Which of the following United States senators is known for performing a 24-hour long filibuster?;Strom Thurmond;Roy Blunt;John Barrasso;Chuck Schumer;
tdb-4269;Art;3;"When was Salvador Dali's painting, ""The Persistence of Memory,"" completed?";1931;1932;1929;1934;
tdb-4270;General knowledge;1;How many furlongs are there in a mile?;Eight;Two;Four;Six;
tdb-4271;Video games;2;"What name does the little headcrab in ""Half Life 2"" have?";Lamarr;Jumperr;Drett;Jerry;
tdb-4272;Geography;1;How many countries does Mexico border?;3;2;4;1;
tdb-4273;Video games;2;What is the only Generation III Pokemon whose name begins with the letter I?;Illumise;Infernape;Ivysaur;Igglybuff;
tdb-4274;Animals;1;Which is the national animal of India?;Tiger;Lion;Horse;Camel;
tdb-4275;Television;1;"In ""Rick And Morty"", who shot ""Mr. Poopybutthole"" in the episode ""Total Rickall""?";Beth;Rick;Jerry;Morty;
tdb-4276;Animals;2;What are the scales on all snakes and most lizards are made of?;Keratin;Ecdysis;Epidermis;Ankyloglossia;
tdb-4278;Music;3;When did the rapper Eazy-E die?;March 26, 1995;July 11, 1992;February 14, 1993;October 21, 1994;
tdb-4279;Comics;1;Who is Batman?;Bruce Wayne;Clark Kent;Barry Allen;Tony Stark;
tdb-4280;Sport;2;Who is regarded as the best Romanian footballer of all time?;Gheorghe Hagi;Cristian Chivu;Nicolae Dobrin;Gheorghe Popescu;
tdb-4281;Science and nature;2;At what depth should you make a decompression stop, or safety stop, on a typical scuba dive?;15 Feet / 5 Meters;25 Feet / 7.5 Meters;50 Feet / 15 Meters;75 Feet / 23 Meters;
tdb-4283;Vehicles;1;The LS3 engine is how many cubic inches?;376;346;364;427;
tdb-4284;Computers;2;All of the following programs are classified as raster graphics editors EXCEPT:;Inkscape;Paint.NET;GIMP;Adobe Photoshop;
tdb-4285;Video games;1;How many games in the Crash Bandicoot series were released on the original Playstation?;5;4;3;6;
tdb-4286;Science and nature;2;Approximately how long is a year on Uranus?;84 Earth years;47 Earth years;62 Earth years;109 Earth years;
tdb-4287;History;1;In 1939, Britain and France declared war on Germany after it invaded which country?;Poland;Czechoslovakia;Austria;Hungary;
tdb-4288;Sport;1;The Rio 2016 Summer Olympics held it's closing ceremony on what date?;August 21;August 23;August 19;August 17;
tdb-4290;General knowledge;3;What was Bank of America originally established as?;Bank of Italy;Bank of Long Island;Bank of Pennsylvania;Bank of Charlotte;
tdb-4291;Comics;2;What is the name of the comic about a young boy, and a tiger who is actually a stuffed animal?;Calvin and Hobbes;Winnie the Pooh;Albert and Pogo;Peanuts;
tdb-4292;History;2;Which dictator killed the most people?;Mao Zedong;Joseph Stalin;Adolf Hitler;Kim Il Sung;
tdb-4293;Geography;3;The Hunua Ranges is located in...;New Zealand;Nepal;China;Mexico;
tdb-4294;Cartoons;2;What is Scooby-Doo's real name?;Scoobert;Scooter;Scrappy;Shooby;
tdb-4295;History;2;Who was the Prime Minister of the United Kingdom for most of World War II?;Winston Churchill;Neville Chamberlain;Harold Macmillan;Edward Heath;
tdb-4296;Video games;1;"Which franchise was NOT featured in the 2015 video game ""Lego Dimensions""?";Breaking Bad;Portal;Doctor Who;Back to the Future;
tdb-4297;Film;1;"Which of the following is not the name of a ""Bond Girl""?";Vanessa Kensington;Pam Bouvier;Mary Goodnight;Wai Lin;
tdb-4300;Celebrities;3;"What was the religion of famous singer ""Freddie Mercury""?";Zoroastrianism;Paganism;Ashurism;Judaism;
tdb-4301;Books;3;Which of these does Charlie NOT read in The Perks of Being a Wallflower?;The Grapes of Wrath;Hamlet;The Great Gatsby;Peter Pan;
tdb-4303;Video games;2;What is the subtitle for Gran Turismo 3?;A-Spec;Championship;Drive;Nitro;
tdb-4304;History;1;How many manned moon landings have there been?;6;1;3;7;
tdb-4305;Music;3;Where was Nicki Minaj born?;Trinidad and Tobago;Haiti;Saint Lucia;Grenada;
tdb-4306;Video games;2;What was the FIRST Valve game to have VR?;The Lab;Dota 2;Destinations;Half-Life 2;
tdb-4307;Animals;1;Which breed of dog is traditionally associated with firefighters?;Dalmatians;German Shepard;Great Dane;Mastiff;
tdb-4309;Sport;2;Which car manufacturer won the 2017 24 Hours of Le Mans?;Porsche;Toyota;Audi;Chevrolet;
tdb-4311;Music;1;"Which famous artist featured on Rowdy Rebel's 2015 song ""Computers""?";Bobby Shmurda;Lil Wayne;Will.I.AM;Kendrick Lamar;
tdb-4312;Geography;3;What is the second-largest city in Lithuania?;Kaunas;Panevėžys;Vilnius;Klaipėda;
tdb-4314;Geography;2;What is the capital of Lithuania?;Vilnius;Tallinn;Helsinki;Riga;
tdb-4315;Computers;1;The Windows OS was delevoped by which company?;Microsoft;Apple;Nokia;IBM;
tdb-4316;Science and nature;3;What element on the periodic table has 92 electrons?;Uranium;Sulfur;Hydrogen;Iron;
tdb-4317;Video games;2;Which of these is NOT the name of a team leader in Pokémon GO?;Leif;Blanche;Spark;Candela;
tdb-4319;Mathematics;2;What is the alphanumeric representation of the imaginary number?;i;e;n;x;
tdb-4320;Video games;1;In Pokemon Red & Blue, what is the name of HM05?;Flash;Strength;Cut;Fly;
tdb-4321;History;3;When was Adolf Hitler appointed as Chancellor of Germany?;January 30, 1933;September 1, 1939;February 27, 1933;October 6, 1939;
tdb-4323;History;2;All of the following are names of the Seven Warring States EXCEPT:;Zhai (翟);Zhao (趙);Qin (秦);Qi (齊);
tdb-4324;Anime and manga;2;"In ""Little Witch Academia"", what is Shiny Chariot's alias at Luna Nova Academy?";Ursula Callistis;Croix Meridies;Miranda Holbrook;Anne Finnelan;
tdb-4325;Video games;1;"In the ""Hitman"" series, what is the name of the main character?";Agent 47;Agent 27;Agent Smith;Agent 67;
tdb-4326;Film;2;"Which of the following actors does not play a role in the movie ""The Usual Suspects?""";Steve Buscemi;Kevin Spacey;Benicio Del Toro;Gabriel Byrne;
tdb-4327;Anime and manga;1;Which of the following originated as a manga?;Akira;Cowboy Bebop;High School DxD;Gurren Lagann;
tdb-4329;General knowledge;1;What is the shortest month of the year?;February;December;April;September;
tdb-4330;Geography;3;The Andaman and Nicobar Islands in South East Asia are controlled by which country?;India;Vietnam;Thailand;Indonesia;
tdb-4331;Television;3;"Which race enjoys a glass of warm baghol in ""Star Trek""?";Klingon;Vulcan;Human;Botha;
tdb-4332;Video games;2;Just Cause 2 was mainly set in what fictional Southeast Asian island country?;Panau;Davao;Macau;Palau;
tdb-4333;Video games;2;"What animal is featured in ""Bloons TD Battles""?";Monkeys;Alligators;Pigeons;Lizards;
tdb-4334;Geography;2;The land of Gotland is located in which European country?;Sweden;Denmark;Norway;Germany;
tdb-4335;Video games;3;What is the homeworld of the Elites from Halo?;Sanghelios;Te;Doisac;Eayn;
tdb-4336;Geography;3;The Svalbard Archipelago is a dependency of which country?;Norway;Denmark;Iceland;Russia;
tdb-4338;Sport;2;Which Formula 1 driver switched teams in the middle of the 2017 season?;Carlos Sainz Jr.;Daniil Kvyat;Jolyon Palmer;Rio Haryanto;
tdb-4339;Cartoons;1;"Which of these characters from ""SpongeBob SquarePants"" is not a squid?";Gary;Orvillie;Squidward;Squidette;
tdb-4341;Video games;1;Which of the following Zelda games did not feature Ganon as a final boss?;Majora's Mask;Ocarina of Time;Skyward Sword;Breath of the Wild;
tdb-4342;Geography;1;Which country does Austria not border?;France;Slovenia;Switzerland;Slovakia;
tdb-4343;Books;1;"Which classic book opens with the line ""Call me Ishmael""?";Moby Dick;A Tale of Two Cities;Kidnapped;Wuthering Heights;
tdb-4345;Vehicles;1;What UK Train does NOT go over 125MPH?;Sprinter;Class 43;Javelin;Pendolino;
tdb-4346;Sport;2;Who won the 2015 College Football Playoff (CFP) National Championship?;Ohio State Buckeyes;Alabama Crimson Tide;Clemson Tigers;Wisconsin Badgers;
tdb-4347;History;2;"Which Nazi General was known as the ""Desert Fox""?";Erwin Rommel;Gerd von Rundstadt;Wilhelm Keitel;Heinz Guderian;
tdb-4348;Musicals and theatre;1;"Who wrote the musical ""Hamilton""?";Lin-Manuel Miranda;Andrew Lloyd Webber;Nell Benjamin;Tom Kitt;
tdb-4349;History;3;Which day did World War I begin?;July 28;January 28;June 28;April 28;
tdb-4350;Video games;3;"Which Kingdom Hearts game featured the cast of ""The World Ends With You""?";Dream Drop Distance;Birth By Sleep;365/2 Days;Re:Chain of Memories;
tdb-4351;Sport;1;Who won the premier league title in the 2015-2016 season following a fairy tale run?;Leicester City;Tottenham Hotspur;Watford;Stoke City;
tdb-4352;Video games;3;The voice actor for which Portal 2 character was not a TV or film actor prior to the game?;GLaDOS;Cave Johnson;Wheatley;Atlas / P-Body;
tdb-4353;Music;1;What genre of music did the band Type O Negative play?;Gothic Metal;Thrash Metal;Hard Rock;Pop Rock;
tdb-4354;Film;2;What was the name of the protagonist in the movie Commando (1985)?;John Matrix;Ben Richards;Douglas Quaid;Harry Tasker;
tdb-4356;Video games;2;"How many zombies need to be killed to get the ""Zombie Genocider"" achievement in Dead Rising (2006)?";53,594;53,593;53,595;53,596;
tdb-4357;General knowledge;1;Which restaurant's mascot is a clown?;McDonald's;Whataburger;Burger King;Sonic;
tdb-4358;History;2;In what year did William the Conqueror take control of England?;1066;1123;1205;901;
tdb-4359;Video games;2;How many normal endings are there in Cry Of Fear's campaign mode?;4;5;3;6;
tdb-4360;Television;1;"What is the name of Chris's brother in ""Everybody Hates Chris""?";Drew;Jerome;Greg;Joe;
tdb-4361;Film;2;The killer in the 1981 film 'My Bloody Valentine' wears what sort of outfit?;Mining gear;Clown costume;Santa suit;Police uniform;
tdb-4363;History;3;Which country did the Eureka Rebellion, an 1856 battle against colonial rule, take place in?;Australia;India;Canada;Brazil;
tdb-4364;Video games;2;When was Club Penguin launched?;October 24, 2005;October 21, 2005;March 29, 2006;November 22, 2004;
tdb-4365;History;1;Which of these countries remained neutral during World War II?;Switzerland;United Kingdom;France;Italy;
tdb-4366;Sport;3;Which of these Russian cities did NOT contain a stadium that was used in the 2018 FIFA World Cup?;Vladivostok;Rostov-on-Don;Yekaterinburg;Kaliningrad;
tdb-4367;Animals;2;Which of these species is not extinct?;Komodo dragon;Japanese sea lion;Tasmanian tiger;Saudi gazelle;
tdb-4368;Musicals and theatre;2;"When was the play ""Macbeth"" written?";1606;1605;1723;1628;
tdb-4369;History;2;"Which country had an ""Orange Revolution"" between 2004 and 2005?";Ukraine;Belarus;Latvia;Lithuania;
tdb-4372;Film;1;The 2016 Disney animated film 'Moana' is based on which culture?;Polynesian;Native American;Japanese;Nordic;
tdb-4374;Television;1;In the TV show 'M*A*S*H', what was the nickname of Corporal Walter O'Reilly?;Radar;Hawkeye;Hot Lips;Trapper;
tdb-4375;General knowledge;1;What is the name of the main Character from the Series: Dead Space?;Isaac Clarke;Ellen Ripley;Commander Shepard;Captain Kirk;
tdb-4377;History;1;Who was among those killed in the 2010 Smolensk, Russia plane crash tragedy?;The Polish President;Pope John Paul II;Bang-Ding Ow;Albert Putin;
tdb-4378;Science and nature;1;What is the largest animal currently on Earth?;Blue Whale;Orca;Colossal Squid;Giraffe;
tdb-4379;Board games;2;"In poker, ""EV"" means what?";Expected Value;Equity Value;Equivalent Variation;Equity Variation;
tdb-4380;General knowledge;2;What year was Walt Disney born?;1901;1902;1903;1900;
tdb-4383;Video games;2;"What is the first primary weapon the player gets in ""PAYDAY: The Heist""?";AMCAR-4;Brenner 21;Reinbeck;M308;
tdb-4386;Music;2;Ellie Goulding's earliest album was named?;Lights;Halcyon;Bright Lights;Halcyon Days;
tdb-4387;Video games;1;"What power does Max Caulfield from ""Life is Strange"" have?";Rewinding Time;Invisibility;Telepathy;Super Strength;
tdb-4388;Books;3;According to Bram Stoker's novel, in which British coastal town did Dracula come ashore?;Whitby;Scarborough;Brighton;Portsmouth;
tdb-4390;Geography;1;The Space Needle is located in which city?;Seattle;Los Angles;Toronto;Vancouver;
tdb-4391;Animals;1;Hippocampus is the Latin name for which marine creature?;Seahorse;Dolphin;Whale;Octopus;
tdb-4392;History;2;When was the Grand Patriotic War in the USSR concluded?;May 9th, 1945;September 2nd, 1945;August 9th, 1945;December 11th, 1945;
tdb-4393;Animals;2;What type of animal is a natterjack?;Toad;Bird;Fish;Insect;
tdb-4395;Board games;3;"Which of these cards from ""Magic: The Gathering"" has a flavor text that begins with ""Oi oi oi""?";Uthden Troll;Lotleth Troll;Albino Troll;Harvester Troll;
tdb-4397;Video games;1;In the game Nuclear Throne, which character starts with the least HP?;Melting;Crystal;Rebel;Yung Venuz (Y.V.);
tdb-4399;General knowledge;1;What country does sushi & karaoke come from?;Japan;China;South Korea;Vietnam;
tdb-4400;General knowledge;2;Which river flows through the Scottish city of Glasgow?;Clyde;Tay;Dee;Tweed;
tdb-4402;Science and nature;1;What did Gregory Mendel use to test genetic crossovers?;Peas;Cats;Flowers;Parrots;
tdb-4403;Video games;3;What Pokémon's Base Stat Total does not change when it evolves?;Scyther;Pikachu;Sneasel;Larvesta;
tdb-4404;Geography;2;Which of these is NOT an island that is part of the Philippines?;Java;Luzon;Mindanao;Palawan;
tdb-4405;Anime and manga;1;"The two main characters of ""No Game No Life"", Sora and Shiro, together go by what name?";Blank;Immanity;Disboard;Warbeasts;
tdb-4406;Anime and manga;3;"In ""One Piece"", what does ""the Pirate King"" mean to the captain of the Straw Hat Pirates?";Freedom;Promise;Adventure;Friendship;
tdb-4407;General knowledge;1;What is Cuba's official, most widely spoken language?;Spanish;Portuguese;French;Italian;
tdb-4411;Music;1;The four strings on a violin are the G string, D string, A string, and...;E string;C string;B string;F string;
tdb-4412;Video games;2;Of the following space shooter games, which came out first?;Space Invaders;Galaxian;Galaga;Sinistar;
tdb-4413;Video games;1;Which of the following is not a faction in Tom Clancy's The Division?;CDC;Cleaners;Last Man Batallion;Rikers;
tdb-4414;Board games;3;When Magic: The Gathering was first solicited, which of the following was it originally titled?;Mana Clash;Magic;Magic Clash;Mana Duels;
tdb-4417;Video games;1;"Who is the writer of the game ""Half-Life""?";Marc Laidlaw;Gabe Newell;Robin Walker;Chet Faliszek;
tdb-4418;Geography;2;What is the capital of Belarus?;Minsk;Warsaw;Kiev;Vilnius;
tdb-4419;Mythology;2;Which of these Roman gods doesn't have a counterpart in Greek mythology?;Janus;Vulcan;Juno;Mars;
tdb-4420;Film;2;"Which actor plays the role of the main antagonist in the 2011 movie ""Tower Heist?""";Alan Alda;Eddie Murphy;Alec Baldwin;Kevin Nealon;
tdb-4423;Music;2;Who was walking like an Egyptian in 1981?;The Bangles;R.E.M.;The Ocean Blue;The Connells;
tdb-4426;Computers;1;"What does the ""MP"" stand for in MP3?";Moving Picture;Music Player;Multi Pass;Micro Point;
tdb-4427;Animals;3;What is the Gray Wolf's scientific name?;Canis Lupus;Canis Aureus;Canis Latrans;Canis Lupus Lycaon;
tdb-4430;Music;2;"According to their 1974 hit, what were Brownsville Station doing ""In The Boys' Room""?";Smokin';Hangin';Lovin';Peein';
tdb-4435;Sport;1;Which country produced football players such as Cafu, Roberto Carlos and Pelé?;Brazil;Argentina;Portugal;Spain;
tdb-4436;General knowledge;2;On average, Americans consume 100 pounds of what per second?;Chocolate;Potatoes;Donuts;Cocaine;
tdb-4437;Sport;1;Which driver has been the Formula 1 world champion for a record 7 times?;Michael Schumacher;Ayrton Senna;Fernando Alonso;Jim Clark;
tdb-4438;Music;2;Which of these is not a song on the album Graduation by Kanye West?;Waves;I Wonder;Big Brother;The Glory;
tdb-4439;Music;2;"Which music artist made the songs ""Heart"", ""It's a Sin"", and ""West End Girls""?";Pet Shop Boys;The Human League;New Order;Ultravox;
tdb-4440;Music;1;"Who performed ""I Took A Pill In Ibiza""?";Mike Posner;Avicii;Robbie Williams;Harry Styles;
tdb-4441;History;2;The Korean War started in what year?;1950;1945;1960;1912;
tdb-4442;Video games;2;Which of these is not the name of a city in the Grand Theft Auto series?;San Andreas;San Fierro;Las Venturas;Vice City;
tdb-4443;Geography;1;"Which US state is also known as the ""Lone Star State""?";Texas;Alabama;Tennessee;Kentucky;
tdb-4444;Geography;3;Which of these African countries displays a gun on their flag?;Mozambique;Uganda;Ethiopia;Nigeria;
tdb-4445;Gadgets;3;Which of the following is the standard THX subwoofer crossover frequency?;80 Hz;70 Hz;90 Hz;100 Hz;
tdb-4446;Video games;1;Who is able to grab the survivors with his tongue in Left 4 Dead?;Smoker;Jockey;Hunter;Boomer;
tdb-4448;Geography;1;Which country is the home of the largest Japanese population outside of Japan?;Brazil;China;Russia;The United States;
tdb-4449;Video games;2;Which of these Counter-Strike maps is a bomb defuse scenario?;Prodigy;747;Havana;Oilrig;
tdb-4450;Music;1;"Whose signature guitar technique is called the ""windmill""?";Pete Townshend;Jimmy Page;Eddie Van Halen;Jimi Hendrix;
tdb-4451;Video games;1;Which eSports team came first place in The International Dota 2 Championship 2016?;Wings Gaming;Digital Chaos;Evil Geniuses;Fnatic;
tdb-4452;Video games;2;In what year did Microsoft release the original Xbox console in North America?;2001;1998;2003;1996;
tdb-4453;Film;2;Before getting the shotgun, what did the titular hobo in 'Hobo with a Shotgun' want to purchase?;a lawnmower;a revolver;a guitar;a suit;
tdb-4455;Television;1;Which of the following won the first season of American Idol in 2002?;Kelly Clarkson;Justin Guarini;Ruben Studdard;Chris Daughtry;
tdb-4456;Video games;1;"Who made the video game, ""Bendy and the Ink Machine""?";TheMeatly;Scott Cawthon;Jeff Kaplan;Konami;
tdb-4458;General knowledge;1;"In the English language, what is the name of the ""&"" character?";Ampersand;Eightslash;And Sign;Obelus;
tdb-4459;General knowledge;1;What is the name of the antagonist group in Danganronpa Another Episode: Ultra Despair Girls?;Warriors of Hope;The Monokubs;Warriors of Despair;The Ultimate Despair;
tdb-4460;Anime and manga;1;Who is the true moon princess in Sailor Moon?;Sailor Moon;Sailor Venus;Sailor Mars;Sailor Jupiter;
tdb-4462;Sport;3;Who is Manchester United's leading appearance maker?;Ryan Giggs;David Beckham;Wayne Rooney;Eric Cantona;
tdb-4463;Computers;2;Which coding language was the #1 programming language in terms of usage on GitHub in 2015?;JavaScript;C#;Python;PHP;
tdb-4464;Geography;2;What is the capital of the State of Washington, United States?;Olympia;Washington D.C.;Seattle;Yukon;
tdb-4465;Geography;3;In which country is Tallinn located?;Estonia;Finland;Sweden;Poland;
tdb-4466;Video games;2;"When was the video game publisher ""Ubisoft"" founded?";March 1986;April 1990;June 2001;August 1956;
tdb-4469;General knowledge;2;What was the destination of the missing flight MH370?;Beijing;Kuala Lumpur;Singapore;Tokyo;
tdb-4470;Board games;2;Which of the following is not a color of mana in Magic: The Gathering?;Yellow;White;Green;Blue;
tdb-4471;Video games;3;In the game Enter the Gungeon, which one of these is not a playable character?;The Wizard;The Bullet;The Robot;The Cultist;
tdb-4472;Video games;3;"In ""Team Fortress 2"", what is the fastest taunt kill that can be pulled off?";Showdown;Hadouken;Organ Grinder;Skewer;
tdb-4473;Video games;3;When was Steam first released?;2003;2004;2011;2007;
tdb-4474;Video games;2;In Night In The Woods, what is Mae Borowski mother's name?;Candy;Jenny;Margaret;Kate;
tdb-4477;Board games;3;What do you declare in Rīchi Mahjong when you've drawn your winning tile?;Tsumo;Ron;Rīchi;Kan;
tdb-4478;General knowledge;2;What is the real name of viral internet meme Grumpy Cat?;Tardar Sauce;Lil Bub;Maru;Colonel Meow;
tdb-4480;Sport;1;What was the final score of the Germany vs. Brazil 2014 FIFA World Cup match?;7 - 1;0 - 1;3 - 4;16 - 0;
tdb-4481;Computers;2;Which programming language was developed by Sun Microsystems in 1995?;Java;Python;Solaris OS;C++;
tdb-4482;Video games;3;Which of these Pokemon is NOT exclusively female?;Clefairy;Salazzle;Mandibuzz;Illumise;
tdb-4483;Anime and manga;3;"In the anime, ""Hunter X Hunter"", what is the main protagonist's name?";Gon;Gin;Gan;Gen;
tdb-4484;General knowledge;3;"Before the 19th Century, the ""Living Room"" was originally called the...";Parlor;Open Room;Sitting Room;Loft;
tdb-4485;History;3;When was Finland's 100th year of being independent?;2017;2016;2018;2015;
tdb-4486;Computers;2;What five letter word is the motto of the IBM Computer company?;Think;Click;Logic;Pixel;
tdb-4487;Video games;2;Which is not a playable character in the 2005 video game Killer7?;Frank Smith;Mask de Smith;Dan Smith;Coyote Smith;
tdb-4488;History;1;When did the Battle of the Somme begin?;July 1st, 1916;August 1st, 1916;July 2nd, 1916;June 30th, 1916;
tdb-4489;Video games;3;Why was the character Trevor Philips discharged from the Air Force?;Mental Health Issues;Injuries;Disease;Danger to Others;
tdb-4490;Video games;1;The Touhou Project series of games is often associated with which genre?;Shoot 'em up;Strategy;FPS;Casual;
tdb-4491;History;2;Which of these countries was sea charted in 1500 by the Portuguese maritime explorations?;Brazil;India;Mozambique;Madagascar;
tdb-4492;History;2;Who was the leader of the Communist Party of Yugoslavia?;Josip Broz Tito;Karadjordje Petrovic;Milos Obilic;Aleskandar Petrovic;
tdb-4496;Film;3;In the 1976 film 'Taxi Driver', how many guns did Travis buy from the salesman?;4;2;6;1;
tdb-4499;Cartoons;2;"The stop motion comedy show ""Robot Chicken"" was created by which of the following?";Seth Green;Seth MacFarlane;Seth Rogen;Seth Rollins;
tdb-4500;Cartoons;1;The song 'Little April Shower' features in which Disney cartoon film?;Bambi;Cinderella;Pinocchio;The Jungle Book;
