# Le domande di Super Quiz, in italiano.
#   id;categoria;difficolta;domanda;giusta;sbagliata1;sbagliata2;sbagliata3;curiosita
# La difficolta' va da 1 a 3. L'identificativo e' lo stesso della
# banca inglese: la stessa domanda ha lo stesso numero, cosi' il
# conto di quelle gia' uscite vale per tutte e due le lingue.
# Puoi aggiungerne di tue mettendo un domande.it.csv nella cartella
# dati (/var/lib/dmd), con lo stesso formato. Quelle tue non vengono
# mai toccate dagli aggiornamenti.
#
# Fonte: OpenQuizzDB (openquizzdb.org) - CC BY-SA 4.0
# 1301 domande.
3-3;Harry Potter;1;"Dove vive la famiglia Dursley nella saga di ""Harry Potter""?";4 Privet Drive;4 Privet Road;4 Privet Avenue;4 Privet Square;Il cugino di Harry Potter, Dursley, è un ragazzo ribelle, violento e arrabbiato.
3-5;Harry Potter;1;"Qual è il cognome di Hermione nella saga di ""Harry Potter""?";Granger;Greengrass;Grindelwald;Gaunt;Hermione è la migliore amica di Harry Potter e Ron Weasley e risiede, durante i suoi anni scolastici, a Hogwarts, a casa dei Grifondoro.
3-6;Harry Potter;1;"Nella saga di ""Harry Potter"", un Babbano è qualcuno nato in una famiglia...";Senza magia;Senza soldi;Senza segreti;Senza figli;Negli esseri umani, i poteri magici vengono ereditati, trasmessi da alleli dominanti o recessivi.
3-11;Harry Potter;2;"Che forma assume lo spaventapasseri di Ron nella saga di ""Harry Potter""?";Un ragno;Un drago;Un lupo;Uno scorpione;Diciannove anni dopo la caduta di Voldemort, Ron e Hermione hanno due figli: Rose e suo fratello minore Hugo.
3-13;Harry Potter;2;"Quale attore interpreta Draco Malfoy in ""Harry Potter""?";Tom Felton;Rupert Grint;Robbie Coltrane;Jeff Rawle;Tom Felton ha iniziato una carriera musicale all'inizio del 2007 sotto lo pseudonimo di Feltbeats, guadagnando 3 milioni di fan su Instagram.
3-15;Harry Potter;2;"Qual è il nome del drago appartenente a Hagrid nella saga di ""Harry Potter""?";Norbert;Errol;Crockdur;Aragog;Hagrid, nato da un umano e un gigante, è stato uno dei primi personaggi creati da J. K. Rowling.
3-17;Harry Potter;2;"Quale materia insegna il professor Snape nella saga di ""Harry Potter""?";Pozioni;Incantesimo;Metamorfosi;Difesa;Un personaggio oscuro, orgoglioso, amareggiato e amareggiato, Snape ha una personalità complessa, ambigua e in qualche modo indecifrabile.
3-18;Harry Potter;2;"Qual è il primo nome di Hagrid, il mezzo gigante della saga di ""Harry Potter""?";Rubeus;Albus;Severus;Remus;Hagrid è un guardiacaccia e insegna Cura delle creature magiche dal volume 3 della saga.
3-20;Harry Potter;2;Chi ha dato a Harry Potter il Nimbus 2000 ad alte prestazioni?;M. McGonagall;S. Rogue;D. Malefoy;A. Dumbledore;Minerva McGonagall è a capo di Hogwarts e anche un'insegnante di Trasfigurazione.
3-21;Harry Potter;3;"Qual è la formula per la maledizione mortale nella saga di ""Harry Potter""?";Avada Kedavra;Mortibus Rem;Machina Fino;Post Mortem;Avada Kedavra provoca la morte istantanea, in un lampo di luce verde e un rumore simile a una folata di vento.
3-26;Harry Potter;3;"Qual è il nome della madre di Draco Malfoy in ""Harry Potter""?";Narcissa;Dolores;Lily;Bellatrix;I Malfoy e i Neri sono legati dal matrimonio tra Narcissa e Lucius, dove il giovane Draco è l'unico erede.
3-27;Harry Potter;3;A Hogwarts, a che piano si trova la sala on demand?;Settimo piano;Secondo piano;Undicesimo piano;Ventesimo piano;Un gran numero di passaggi nascosti, scale e ritratti di pittura in movimento rendono l'edificio piuttosto misterioso.
3-28;Harry Potter;3;Qual è il primo regalo di Natale che Hagrid offre a Harry Potter?;Flauto;Baguette;Gufo;Chiave;Hagrid, membro dell'Ordine della Fenice, fu cresciuto a Hogwarts nella Casa dei Grifondoro, dove arrivò nel 1940.
3-29;Harry Potter;3;Qual è il segno zodiacale del giovane Harry Potter, nato nel 1980?;Leone;Vergine;Bilancia;Toro;Harry James Potter è nato il 31 luglio 1980 e quindi ha lo stesso compleanno di J. K. Rowling.
8-2;Tutankhamon;1;Che professione faceva Howard Carter, figlio del pittore di animali Samuel John Carter?;Archeologo;Fisico;Giornalista;Decoratore;Howard Carter è meglio conosciuto per aver scoperto la tomba di Tutankhamon nel 1922.
8-3;Tutankhamon;1;Quanti sarcofagi hanno protetto la mummia di Tutankhamon?;Tre;Due;Quattro;Cinque;Alla fine dei settanta giorni, Tutankhamon sarà sepolto, secondo i riti funebri reali.
8-4;Tutankhamon;1;Di che materiale è fatta la maschera mortuaria di Tutankhamon?;Oro;Bronzo;Intonaco;Denaro;Sul volto di Tutankhamon è ripiegata una maschera d'oro fine i cui tratti ricordano il volto della regina Tiyi.
8-5;Tutankhamon;1;Quale materiale prezioso ha evocato il dio Sole per gli egiziani?;Oro;Platino;Titanio;Palladio;Nella mitologia egizia, Ra (o Ra) è il dio del disco solare e il creatore dell'universo.
8-8;Tutankhamon;1;Con quale tecnica gli egiziani aprirono all'anima il mondo sotterraneo?;Imbalsamazione;Dissezione;Cremazione;Appeso;Nell'antico Egitto, gli imbalsamatori sono anche chiamati taricheutes, che significa carne conservata, corpo imbalsamato.
8-9;Tutankhamon;1;Nell'antico Egitto quale dimora era essenziale per la vita eterna?;Sarcofago;Battistero;Mausoleo;Colombarium;Molto spesso scolpito nella pietra e posto sopra il terreno, il sarcofago è talvolta sepolto.
8-11;Tutankhamon;2;Qual è il peso della maschera funeraria in oro massiccio dalla bara di Tutankhamon?;11 kg;8 kg;5 kg;2 kg;Questa scultura, scoperta nel 1925, è un vero capolavoro dell'oreficeria egizia.
8-12;Tutankhamon;2;Sulla maschera di Tutankhamon, quale animale respinge i nemici con il suo respiro?;Cobra;Cavallo;Dragon;Scorpione;Nella mitologia egizia, Wadjet è una dea cobra protettiva del Basso Egitto.
8-13;Tutankhamon;2;Cosa simboleggia la falsa barba della maschera funebre di Tutankhamon?;Immortalità;Potenza;Gloria;Posterità;Nell'antico Egitto, la barba finta è uno degli attributi che il faraone condivide con gli dei.
8-14;Tutankhamon;2;Quale materiale prezioso simboleggia le ossa del faraone defunto?;Denaro;Oro;Platino;Bronzo;Le mostre dedicate a Tutankhamon registrano molto regolarmente un notevole successo popolare.
8-15;Tutankhamon;2;Quale mecenate ha finanziato lo scavo di Howard Carter della tomba di Tutankhamon?;Lord Carnarvon;Thomas Young;Harry Burton;Geoffrey Martin;Lord Carnarvon si sposò nel 1895 con la ricchissima Almina Wombwell, figlia naturale del banchiere Alfred de Rothschild.
8-16;Tutankhamon;2;Chi fu riservato per la prima volta all'imbalsamazione sotto l'antico impero egiziano?;Ai faraoni;Agli scribi;Ai sacerdoti;Agli animali;L'imbalsamazione si riferisce a tutte le tecniche volte a preservare i corpi dei defunti.
8-17;Tutankhamon;2;Quanti gradini scendono alla porta d'ingresso della tomba di Tutankhamon?;Sedici;Trenta;Quattro;Cinquanta;Da lì, un corridoio conduce ad una porta che chiude l'ingresso alla prima stanza, chiamata anticamera da Carter.
8-18;Tutankhamon;2;Come si chiamava la prima stanza della tomba di Tutankhamon?;Anticamera;Vestibolo;Riserva;Dormitorio;Quando è stato scoperto, l'anticamera conteneva più di 700 stanze ammucchiate insieme.
8-19;Tutankhamon;2;Come è stata quasi carbonizzata la mummia di Tutankhamon?;Unguenti;Soffre;Natron;Bronzo;È infatti dagli unguenti versati al momento della sepoltura che la mummia era quasi carbonizzata.
8-20;Tutankhamon;2;Quante figlie morte prematuramente avrebbe avuto il faraone Tutankhamon?;Due;Tre;Quattro;Cinque;L'esame delle loro mummie nel 2011 ha rivelato che uno dei feti è morto a cinque o sei mesi di gravidanza.
8-21;Tutankhamon;3;Chi ha scoperto la tomba di Tutankhamon nel 1922?;Howard Carter;Somers Clarke;Henry Salt;Alfred Lucas;Nel 1924 fece molte interviste negli Stati Uniti dove fu visto come una vera star.
8-22;Tutankhamon;3;Quale designazione egiziana è usata per la tomba di Tutankhamon?;KV62;MC23;DS36;ZX44;La visita alla tomba KV62 è soggetta ad un prezzo specifico che può variare a seconda della stagione.
8-23;Tutankhamon;3;Quante opere e mobili conteneva la tomba di Tutankhamon?;2.099;1.245;3.627;4.830;La camera del tesoro conteneva modelli di navi, numerose statue e due mummie di feti.
8-24;Tutankhamon;3;Quale nome porta il copricapo più emblematico dei faraoni?;Nemes;Pakol;Causia;Kippa;Il nemes è un copricapo in tessuto, abbastanza complesso, composto da più parti.
8-25;Tutankhamon;3;Quale dea protettrice del faraone si trova sulla maschera di Tutankhamon?;Nekhbet;Kekou;Miysis;Hathor;Nel suo ruolo di protettrice del faraone, Nekhbet è associata alla dea cobra Ouadjet, simbolo del Basso Egitto.
8-26;Tutankhamon;3;Quale minerale veniva spesso utilizzato per i gioielli funerari tra gli egiziani?;Ametista;Zircone;Granato;Opale;Il colore dell'ametista rimane stabile solo fino a 250 ° C. Oltre a ciò, la maggior parte delle ametiste scolorirà.
8-28;Tutankhamon;3;Quale minerale ha permesso agli egiziani di disidratare i tessuti umani?;Natron;Nickel;Litio;Bismuto;Gli egizi hanno osservato la somiglianza nella materia tra il natron purificato, riscaldato ed essiccato e la parte solubile in acqua.
8-29;Tutankhamon;3;Cosa abbiamo fatto scivolare sotto i volti delle mummie per ripristinare la loro forma?;Argilla;Gesso;Ocra;Carbone;Una mummia è un cadavere che è stato preservato dalla distruzione e dalla decomposizione.
18-1;Star Trek;1;"In ""Star Trek"", quale flotta è responsabile della difesa dei confini della Federazione?";Flotta Stellare;FedCon;Cardassia;Klingon;La missione principale della Flotta Stellare è raccogliere quante più informazioni possibili sull'Universo.
18-2;Star Trek;1;"Quale parola era usata alla fine degli anni '60 per riferirsi ai fan della serie ""Star Trek""?";Trekkies;Spockies;Anni Sessanta;Friendies;A volte il termine trekkie viene sostituito da trekker, che per alcuni ha una connotazione meno peggiorativa.
18-3;Star Trek;1;Quale attore rimane inseparabile dalle prime avventure del capitano James T. Kirk?;William Shatner;DeForest Kelley;Leonard Nimoy;James Doohan;"William Shatner ha scritto diversi libri della serie ""Star Trek"", pubblicata in francese dalle edizioni Fleuve Noir."
18-4;Star Trek;1;"Nell'universo di ""Star Trek"", quale fisico è anche un ottimo timoniere?";Sulu;McCoy;Uhura;Chekov;Potrebbe essere che Hikaru Sulu sia una distorsione di Hikari utsuru, che evoca il movimento alla velocità della luce.
18-5;Star Trek;1;"Qual è il gadget tecnologico più iconico della saga di ""Star Trek""?";Teletrasporto;Planitron;Telecran;Cubo cosmico;Il teletrasporto viene normalmente eseguito da una piattaforma di teletrasporto a una determinata posizione.
18-8;Star Trek;1;"In ""Star Trek"", quale membro dell'equipaggio è di origini afroamericane?";Uhura;Chekov;Cappella;McCoy;Nel corso del tempo, il suo nome viene completato e diventa Nyota Upende Uhura, che significa star-amore-libertà in swahili.
18-9;Star Trek;1;"Chi ha sostituito Leonard Nimoy negli ultimi lungometraggi di ""Star Trek""?";Zachary Quinto;Chris Pine;Jonathan Frakes;Avery Brooks;"Il 16 ottobre 2011, l'attore ha parlato per la prima volta della sua omosessualità in un'intervista al ""New York Magazine""."
18-10;Star Trek;1;"Qual è il soprannome dell'ingegnere della Scottish Enterprise nella saga di ""Star Trek""?";Scotty;Jimmy;Benny;Vinny;Montgomery Scott, soprannominato Scotty, ha due amori: la sua Enterprise, che coccola con cura, e il whisky.
18-11;Star Trek;2;"Chi è lo scrittore dietro la creazione dell'universo di ""Star Trek""?";Gene Roddenberry;David Jacobs;Ed Burns;William Stuart;L'asteroide 4659 Roddenberry e un cratere da impatto su Marte, Roddenberry Crater, sono entrambi chiamati in suo onore.
18-14;Star Trek;2;"Chi ha sostituito William Shatner negli ultimi lungometraggi di ""Star Trek""?";Chris Pine;Zachary Quinto;Patrick Stewart;Brent Spiner;"Nel 2017, Chris Pine si unirà a un franchise di supereroi per il blockbuster ""Wonder Woman""."
18-16;Star Trek;2;"Quanti film basati sulla serie originale di ""Star Trek"" sono usciti sugli schermi prima del 2018?";Sei;Otto;Dieci;Dodici;"""Star Trek, the Movie"" è l'adattamento cinematografico del terzo episodio della seconda stagione della serie televisiva."
18-19;Star Trek;2;"In ""Star Trek"", quale specie aliena è originaria del pianeta Kronos?";Klingons;Romulani;Borgs;Talosiani;I Klingon sono generalmente umanoidi più grandi e più forti degli umani a causa della potente muscolatura.
18-21;Star Trek;3;"Il primo pilota della serie ""Star Trek"" è stato rifiutato perché il secondo in comando era...";Una donna;Troppo vecchio;Troppo giovane;Nero;"La serie ""Star Trek"" ha suscitato un entusiasmo diffuso tra un vasto pubblico con la creazione di molte fanzine."
18-22;Star Trek;3;"In ""Star Trek"", quale razza di creature è in parte organica e in parte meccanica?";Borgs;Klingons;Romulani;Andoriani;L'assimilazione di un gran numero di persone ha permesso ai Borg di raggiungere un livello tecnologico sorprendente.
18-23;Star Trek;3;"Che nome è stato dato alla più grande convention di ""Star Trek"" in Europa?";FedCon;SpaceCraft;EuroTrek;AlphaKirk;Nel 2011, FedCon ha battuto il record mondiale per la maggior parte delle persone che indossavano un costume di Star Trek, con 691 persone.
18-24;Star Trek;3;"Qual è il nome di battesimo del membro del team aziendale Chekov in ""Star Trek""?";Pavel;Nyota;Hikaru;Janice;L'accento russo di Pavel Chekov tradisce le sue origini slave e il suo amore per la vodka.
18-26;Star Trek;3;"In ""Star Trek"", in quante parti è divisa la galassia?";Quattro;Sei;Due;Otto;"L'universo di ""Star Trek"" ritrae un futuro in cui l'umanità ha sradicato malattie, razzismo, povertà e guerra sulla Terra."
18-27;Star Trek;3;"Quale androide si trova in ""Star Trek: The Next Generation""?";Dati;Kapa;Worf;Soong;Questa serie televisiva americana, composta da 178 episodi di 45 minuti, è andata in onda tra il 1987 e il 1994.
18-29;Star Trek;3;"In ""Star Trek"", quale specie ha una temperatura corporea prossima a -30 ° C?";Breens;Borgs;Klingons;Romulani;Per viaggiare viaggiano quindi in tuta refrigerata perché una temperatura superiore a -18 ° C può ucciderli.
18-30;Star Trek;3;"Chi ha illustrato molti dei poster della saga di ""Star Trek""?";Bob Peak;Clark Hulings;Gerald Brom;Ben Stahl;"Il pittore e illustratore americano Bob Peak è noto anche per i poster di ""My Fair Lady"" e ""Apocalypse Now""."
23-2;Tennis;1;Qual è la nazionalità di Roger Federer, uno dei più grandi giocatori di tennis di tutti i tempi?;Svizzera;Belga;Francese;Tedesco;Roger Federer è l'unico giocatore nella storia del tennis ad avere vinto cinque tornei del Grande Slam di fila.
23-5;Tennis;1;Nel tennis, quando una palla rimbalza fuori dal campo, si dice che sia ...;Fuori;Nullo;Falso;Bianca;Quando la palla cade nella rete, sul lato del giocatore che colpisce la palla, il punto viene assegnato anche all'avversario.
23-7;Tennis;1;Qual è il colore della palla usata nel tennis?;Giallo;Rosso;Verde;Blu;Rivestiti di feltro, le palle devono essere gialle o bianche nelle competizioni ufficiali.
23-8;Tennis;1;Nel tennis, quando si gioca in doppio, quale area del campo viene aggiunta?;I corridoi;I quadrati;Le linee;I fondi;Per la partita di doppio, vengono aggiunte due corsie di 1,37 metri, aumentando così la larghezza del campo a 10,97 metri.
23-10;Tennis;1;Qual è la prima azione intrapresa all'inizio di una partita di tennis?;Servizio;Smash;Rubato;Sollevare;Il servizio deve essere barrato diagonalmente in modo che la palla cada nel quadrato di servizio.
23-11;Tennis;2;Quale di questi tennisti professionisti è il più anziano?;Andre Agassi;Marat Safin;Rafael Nadal;Roger Federer;Andre Agassi ha vinto 60 titoli di singolare nell'ATP Tour, inclusi 8 tornei del Grande Slam.
23-12;Tennis;2;In quale anno Rafael Nadal ha vinto il suo primo Grand Slam?;2005;2004;2003;2002;Rafael Nadal è considerato da molti specialisti come il miglior giocatore di argilla nella storia del tennis.
23-14;Tennis;2;In tutti e quattro i tornei del Grande Slam, ogni turno viene giocato in quanti set vincenti?;Tre;Due;Quattro;Cinque;Per raggiungere il Grande Slam nel tennis è quello di vincere, lo stesso anno, i quattro maggiori tornei del circuito internazionale.
23-15;Tennis;2;Per gli uomini, chi è il più giovane vincitore del torneo Roland Garros?;Michael Chang;Jim Courier;Thomas Muster;Boris Becker;La migliore classifica ATP di Michael Chang nei singoli è stata la seconda al mondo il 9 settembre 1996.
23-16;Tennis;2;Nel tennis, qual è il punteggio del gioco quando il server ottiene 3 punti e il ricevitore 2?;40-30;30-40;3-2;2-3;I punteggi possibili per vincere un set sono: 6/0, 6/1, 6/2, 6/3, 6/4 e 7/5.
23-17;Tennis;2;Quale di questi tennisti è stato naturalizzato in America dal 1992?;Ivan Lendl;Boris Becker;John McEnroe;Pete Sampras;Lendl ha segnato la storia del tennis con il suo gioco di base, più offensivo di quelli dei suoi predecessori.
23-18;Tennis;2;Chi è diventato a 19 il più giovane vincitore del torneo US Open?;Pete Sampras;Andre Agassi;Boris Becker;Roger Federer;Pete Sampras è l'unico giocatore dell'era Open ad aver completato sei stagioni nelle classifiche mondiali.
23-20;Tennis;2;Nel suo centro, la rete da tennis deve avere un'altezza minima di quanti centimetri?;91 cm;101 cm;111 cm;121 cm;La rete dovrebbe essere di colore scuro e la striscia di rete bianca con una dimensione da 10 a 13 cm.
23-21;Tennis;3;Chi è stato il primo numero uno al mondo nel creare il ranking ATP?;Ilie Nastase;Jimmy Connors;Björn Borg;Adriano Panatta;Sul campo, Ilie Nastase non ha esitato a divertire il pubblico o ad attaccare verbalmente l'arbitro.
23-22;Tennis;3;Chi detiene il record di 48 racchette spezzate in una partita di tennis?;Marat Safin;John McEnroe;Lleyton Hewit;Tommy Haas;Marat Safin è l'unico giocatore russo con Ievgueni Kafelnikov ad aver vinto un torneo del Grande Slam.
23-25;Tennis;3;Chi è l'ultimo giocatore a battere Justine Henin in un torneo ufficiale?;Kuznetsova;Dementieva;Safina;Jankovic;Nonostante un relativo handicap di dimensioni e peso, Justine Henin è stata una delle protagoniste degli anni dal 2003 al 2008.
23-26;Tennis;3;In quale anno era Wimbledon, il più antico torneo di tennis del mondo creato?;1877;1897;1887;1867;Il torneo di Wimbledon è sin dai suoi inizi organizzato da All England Lawn Tennis e Croquet Club, un club sportivo inglese.
23-27;Tennis;3;Quale ex tennista è stato soprannominato il Terribile?;Ivan Lendl;John McEnroe;Pete Sampras;Boris Becker;Il pubblico, in particolare il francese, sosteneva il piccolo Ivan Lendl, rimproverandolo ostile.
23-29;Tennis;3;Con quale marca di racchetta gioca Roger Federer, professionista dal 1998?;Wilson;Lacoste;Babolat;Testa;Federer ha giocato nel 2012 con la racchetta Wilson Pro Staff Six.One, caratterizzata dalla sua piccola superficie sorprendente.
23-30;Tennis;3;Quale tennista ha involontariamente causato la morte di un arbitro da una delle sue palle?;Stephan Edberg;Mats Wilander;Jimmy Connors;John McEnroe;Stephan Edberg è con John McEnroe uno dei soli due giocatori ad essere il numero uno in singolare e singolo maschile.
24-1;Castelli;1;Nei giardini di quale castello possiamo ammirare una bella limonaia?;Versailles;Chenonceau;Fontainebleau;Sigilli;L'Orangerie ha 1.500 arbusti nella scatola in inverno, principalmente aranci ma anche allori, melograni o mirto.
24-3;Castelli;1;All'inizio del Medioevo, in quale materia furono costruiti i primi castelli forti?;Legno;Paglia;Ferro;Pietre;Il castello è un'innovazione europea apparsa nel IX secolo dopo la caduta dell'impero carolingio.
24-5;Castelli;1;Qual è il nome del fossato, di solito pieno d'acqua, che circonda un forte castello?;Douves;Camicia;Contrescarpe;Latrine;L'uso di ingranaggi, come torri e bulli, è stato quindi reso difficile o impossibile.
24-8;Castelli;1;Qual era la residenza preferita dei re di Francia al Rinascimento?;Blois;Amboise;Fontainebleau;Meudon;Il castello reale attorno a un cortile ha un panorama dell'architettura francese dal Medioevo all'era classica.
24-10;Castelli;1;Cosa si trova generalmente dietro il ponte levatoio di un castello?;Erpice;Assassini;Douves;Torretta;Il fondo dell'erpice è spesso pieno di punte per scoraggiare chiunque a cercare di passare sotto mentre scende.
24-11;Castelli;2;In quale dipartimento puoi visitare il castello di Chenonceau, con un aspetto molto femminile?;Indre-et-Loire;Vaucluse;Dordogne;Finistère;Il castello di Chenonceau è uno dei castelli comunemente chiamati i castelli della Loira.
24-12;Castelli;2;Come si chiama una piccola torre in un castello?;Torretta;Tourette;Tourine;Touronne;"Le torrette o ""tournelles"" fungevano da torre di avvistamento, in difesa di un punto debole o di una postern."
24-13;Castelli;2;Quale castello è presumibilmente sepolto Leonardo da Vinci?;Amboise;Blois;Sully-Sur-Loire;Saumur;De Vinci sviluppò idee che erano molto più avanti del suo tempo, come l'aeroplano, l'elicottero, il sottomarino e l'automobile.
24-15;Castelli;2;Quale castello fu ispirato da Hergé a creare il castello di Moulinsart?;Cheverny;Langeais;Villandry;Chaumont-Sur-Loire;Il castello, costruito in uno stile molto classico, è stato progettato da Jacques Bougier, architetto di una parte del castello di Blois.
24-16;Castelli;2;Vicino a quale città Luigi XIV costruì la sua futura residenza?;Versailles;Angers;Fontainebleau;Chambord;Il re e la corte vi risiedevano permanentemente dal 1682 al 1789, ad eccezione degli anni della Reggenza dal 1715 al 1723.
24-17;Castelli;2;In quale città si può visitare il castello dei duchi di Bretagna?;Nantes;Rennes;Brest;Angers;Divenne proprietà della città di Nantes nel 1915, il castello è stato utilizzato per turismo e musei dal 1924.
24-19;Castelli;2;Quale castello apparteneva al Grand Condé nel XVII secolo era un luogo di festa?;Chantilly;Versailles;Chenonceau;Fontainebleau;I giardini del castello di Chantilly sono una delle creazioni più straordinarie di André Le Nôtre.
24-20;Castelli;2;In quale città della Francia si trova il castello di Enrico IV, classificato come monumento storico?;Pau;Tolosa;Bordeaux;Mont-de-Marsan;"Il castello di Pau porta in sé i segni tormentati della storia moderna, sotto la benevola figura del ""verde galante""."
24-22;Castelli;3;Quale piccola porta decrepita a volte viene praticata in un muro del castello?;Poterne;Erpice;Escarpe;Bretèche;Collocata sul fondo delle cortine, a livello dei fossati, era generalmente sotto la protezione degli assassini di una torre vicina.
24-23;Castelli;3;Quale muro collega due torri nell'architettura militare medievale?;Courtine;Poterne;Erpice;Escarpe;Nell'architettura militare bastionata, una cortina muraria è un bastione che collega due bastioni.
24-24;Castelli;3;Quale struttura di pietra posta nella parte superiore di una torre consente una miccia?;Piombatoia;Bastillon;Merlon;Gabion;Questo sistema di difesa attivo, che sostituisce i tabelloni, viene utilizzato per lanciare vari materiali per difendere il piede delle fortificazioni
24-26;Castelli;3;Nel porto di quale città puoi vedere il castello di If?;Marsiglia;Nizza;Tolone;Nantes;Questa costruzione quadrata a tre piani misura 28 metri per lato, fiancheggiata da 3 torri e forata da ampie feritoie.
24-27;Castelli;3;Quale castello classificato include tre dungeon costruiti in tre momenti diversi?;Falaise;Olivet;Caen;Vire;Le fasi di costruzione sono chiaramente identificabili, ogni dungeon corrisponde a un periodo distinto.
24-28;Castelli;3;Quale castello è composto da 17 torri erette sotto il regno di Saint-Louis?;Angers;Tolone;Rambures;Falaise;La fortezza, chiamata anche il castello dei duchi di Angiò, è eretta su un ardesia di ardesia del promontorio che domina il Maine.
24-29;Castelli;3;Quale castello della Somme è costruito quasi interamente in mattoni?;Rambures;Bertangles;Raincheval;Folleville;Il castello di Rambures fu risparmiato da Luigi XIII durante le ordinanze di Richelieu.
24-30;Castelli;3;Quale castello di Mayenne con otto torri fu costruito in un solo anno?;Lassay;Courbeveille;Fresnay;Terchant;Le due torri degli angoli sud-est e sud-ovest sono circolari, mentre le altre sei sono fiancheggiate dal muro delle cortine.
165-1;Cultura generale;1;Quale soprannome è stato dato a Victoria Beckham tra le Spice Girls?;Posh;Push;Pesh;Pish;La carriera solista di Victoria Posh Beckham (abbastanza rapidamente interrotta) è la più disastrosa delle Spice Girls.
165-2;Cultura generale;1;Quale boy band era Justin Timberlake prima di fare carriera da solista?;NSYNC;Take That;G-Squad;Backstreet Boys;I membri del gruppo NSYNC erano Lance Bass, Chasez, Joey Fatone, Chris Kirkpatrick e Justin Timberlake.
165-4;Cultura generale;1;Negli X-Men, quale sostanza è lo scheletro di Wolverine?;Adamantium;Vibranio;Cavorite;Neutronium;L'Adamantium, la lega metallica immaginaria più resistente di tutti i metalli immaginari conosciuti, non si ossida né arrugginisce.
165-6;Cultura generale;1;In che anno è uscita la prima versione del film E.T.?;1982;1984;1986;1980;Per undici anni consecutivi, il blockbuster americano E.T. l'extra-terrestre rimarrà ai vertici del botteghino globale.
165-7;Cultura generale;1;Qual è il colore del triangolo su un gamepad per PlayStation 2?;Verde;Blu;Rosso;Malva;La PS2 è una console per videogiochi di sesta generazione commercializzata da Sony Computer Entertainment.
165-8;Cultura generale;1;Chi è diventato il primo artista prodotto dagli utenti Internet in Francia?;Grégoire;Matthieu;Antoine;Simon;Il primo album di Grégoire, uscito nel 2008 e trasformato in disco diamantato, è stato prodotto da 347 utenti Internet.
165-9;Cultura generale;1;Quale attore interpreta Spider-Man nella serie di film realizzati da Sam Raimi?;Tobey Maguire;Val Kilmer;Ben Foster;Jason Statham;Tobey Maguire non sarà più scelto per interpretare il personaggio di Peter Parker in Spiderman 4.
165-11;Cultura generale;2;In quale anno il primo prototipo della 205 è uscito dai laboratori Peugeot?;1981;1977;1969;1992;Il modello di punta del costruttore, il 205, lo salverà da una situazione finanziaria delicata dopo l'acquisto di Chrysler Europa.
165-12;Cultura generale;2;Quale società di produzione audiovisiva appartiene a Christophe Dechavanne?;Coyote;Réservoir Prod;Case Productions;Visu Tele;Il gruppo Coyote è uno dei maggiori produttori indipendenti nel panorama audiovisivo francese.
165-13;Cultura generale;2;Con quale film Clint Eastwood ha realizzato una biografia di Charlie Parker?;Bird;Parker;Dizzy;Charlie;Il film di alta qualità è uno dei pochissimi dedicati al jazz e alla musica di un regista stesso musicista.
165-14;Cultura generale;2;Jon Voight, interprete del film Macadam Cowboy, ha una famosa ragazza chiamata ...;Angelina Jolie;Kate Moss;Katie Holmes;Jennifer Aniston;Originario della Germania e della Slovacchia, Jon Voight ha frequentato corsi di scenografia presso l'Università Cattolica di New York.
165-15;Cultura generale;2;Nel magico mondo dei Pokémon, chi sono i nemici giurati di Sacha e dei suoi amici?;Team Rocket;Team Alpha;Team Miaouss;Team Draco;Il Team Rocket è un'organizzazione criminale fittizia, di proprietà di Giovanni, della serie animata Pokémon mon.
165-16;Cultura generale;2;The Marriage of Figaro è un ope-food di cui grande compositore?;Mozart;Puccini;Verdi;Toscanini;Dopo la prima rappresentazione data a Vienna nel maggio 1786, furono proposte altre otto rappresentazioni.
165-18;Cultura generale;2;Quale sexy spogliarellista era la compagna di Marilyn Manson per diversi anni?;Dita Von Teese;Ursula Martinez;Carol Doda;Tori Welles;La firma di Dita, una ballerina di burlesque, è nata dal suo incontro con Catherine D'Lish, la sua migliore amica.
165-19;Cultura generale;2;Quale attore ha incontrato il suo agente Johnny Depp, quindi sconosciuto al grande pubblico?;Nicolas Cage;Bruce Willis;Morgan Freeman;Clint Eastwood;Johnny Depp è diventato famoso grazie alla serie televisiva 21 Jump Street e al suo ruolo di Jack Sparrow.
165-20;Cultura generale;2;Qual è la durata fissata per il mandato dei delegati europei?;Cinque anni;Quattro anni;Tre anni;Sei anni;Un terzo degli eurodeputati è costituito da donne, una percentuale più elevata rispetto alla maggior parte dei parlamenti nazionali.
165-22;Cultura generale;3;Chi ha creato i personaggi di Heads slaps su Internet?;Michel Beaudet;Michel Beaudry;Michel Beaulieu;Michel Beaupré;Il sito creato dall'ex-pubblicitario Michel Beaudet conosce, sin dalla sua creazione, il 16 agosto 2006, un grande successo.
165-23;Cultura generale;3;Qual è il nuovo nome del software gratuito di messaggistica istantanea Gaim?;Pidgin;Connect;iShare;Komunnity;Gaim è stato rinominato Pidgin nel 2007 a causa di reclami di AOL e del suo marchio AIM.
165-25;Cultura generale;3;In quale città furono uccisi i tristi pacifisti della Bloody Sunday del 1972?;Derry;Dublino;Belfast;Limerick;Ogni anno, l'ultima domenica di gennaio, una marcia commemorativa si svolge nel distretto di Bogside.
165-26;Cultura generale;3;Quale cesto di vimini può lanciare la palla verso la pelota basca?;Chistera;Bertsu;Makhila;Talo;Gioco universale, eredità di altre civiltà, la pelota basca raccoglie diversi giochi tradizionali dal gioco del palmo.
165-27;Cultura generale;3;In quale città è stato fondato il marchio di abbigliamento Oxbow nel 1985?;Pont-Audemer;Bordeaux;Biarritz;Chambord;"Il marchio di abbigliamento Oxbow, ora ""French Surf House"", vuole pioniere nel posizionamento di una moda sportiva."
165-30;Cultura generale;3;Chi ha incarnato in modo impressionante il commissario Valencia in TV?;Bernard Tapie;Frédéric Diefenthal;Jean Reno;Richard Berry;Bernard Tapie è stato per lo più parlato in una serie di operazioni finanziarie, tra cui il Credit Lyonnais.
168-1;Trucco;1;Quale altro nome più trendy diamo oggi al lucidalabbra?;Gloss;Correttore;Arrossire;Ombretto;Il gloss esiste in versioni colorate o no, iridescente o no. Colorato, può eventualmente sostituire il rossetto.
168-4;Trucco;1;Quale base può essere utile se la pelle tende a brillare durante il giorno?;Opacizzante;Appiccicoso;Stagnante;Lucente;D'altra parte, le carte opacizzanti consentono di assorbire l'eccesso di sebo prima, ad esempio, di un ritocco.
168-6;Trucco;1;Con cosa apri gli occhi arricciando e allungando le ciglia?;Mascara;Arrossire;Gloss;Ombretto;Il mascara si posa guardando verso il basso, posizionando il pennello alla base delle ciglia e risalendo lungo le ciglia.
168-7;Trucco;1;Quale oggetto viene utilizzato per ridisegnare la curva del sopracciglio?;Matita;Gomma;Forbici;Penna;Per riempire eventuali buchi nel sopracciglio, disegna piccole linee con una matita, imitando i peli.
168-8;Trucco;1;Quale marchio un tempo veniva usato nel linguaggio quotidiano per parlare di mascara?;Rimmel;Sephora;Clarins;Bourjois;Rimmel è un prodotto cosmetico creato nel 1880 da Eugène Rimmel e utilizzato per evidenziare gli occhi.
168-9;Trucco;1;Quale oggetto trucco impedisce efficacemente alla rotazione del rossetto?;Fodera per labbra;Eyeliner;Lucidalabbra;Vernice;Scegli una matita labbra neutra più leggera del rossetto, perché idealmente dovrebbe essere invisibile.
168-11;Trucco;2;Nel trucco, come si chiama anche arrossire?;Arrossire;Rimmel;Gloss;Fluido;Il rossore più comune e più facile da applicare è sorridere eccessivamente e mettere il rossore sugli zigomi.
168-12;Trucco;2;Quale prodotto costituisce teoricamente il tocco finale del trucco?;Rossetto;Fondazione;Mascara;Arrossire;Se gli occhi sono già fortemente truccati, è meglio scegliere tonalità di rossetto neutre, naturali e discrete.
168-14;Trucco;2;Quale matita è specificamente progettata per truccare l'interno dell'occhio?;Kajal;Gloss;Mascara;Rimmel;Dopo l'uso di kajal con solfuro di piombo si osserva ancora un avvelenamento da piombo.
168-18;Trucco;2;Quale prodotto viene utilizzato principalmente per idratare e soprattutto proteggere le labbra?;Balsamo;Gel;Sapone;Burro;L'unguento femminile deriva dal fatto che i vecchi unguenti erano aromatizzati con mela API.
168-19;Trucco;2;Come si qualifica il trucco fatto con il tatuaggio?;Permanente;Indecente;Deludente;Crescere;Questa pigmentazione della pelle ha la particolarità di essere duratura: viene mantenuta per diversi anni.
168-21;Trucco;3;Quale prodotto di trucco ha l'effetto di imitare l'abbronzatura e dare una luminosità migliore?;Terra indiana;Sale irlandese;Acqua italiana;Balsamo inglese;L'errore più comune è quello di mettere il suolo indiano su tutto il viso, l'ideale è applicarlo sui luoghi in cui il sole batte.
168-22;Trucco;3;Qual è stato il primo sito di vendita online di cosmetici in Francia nel 2019?;Yves Rocher;Clarins;Clinique;L'Oréal;Yves Rocher è una società di proprietà del gruppo Yves Rocher e conta 1.700 negozi, di cui 650 in Francia.
168-23;Trucco;3;In quale anno James Bruce Mason brevettò il rossetto orientabile?;1923;1938;1947;1952;Prima di questa data, nel 1915, Maurice Lévy, un inventore americano, registrò il brevetto per il tubo del sistema scorrevole.
168-24;Trucco;3;Nell'antico Egitto, cosa potevano invocare gli ombretti verdi?;Protezione;Distruzione;Dominazione;Meditazione;Gli ombretti verdi (wadju) potrebbero invocare la protezione di Hathor, la dea delle festività e dell'amore.
168-25;Trucco;3;Quale marchio ha sviluppato i primi smalti colorati opachi di lunga durata?;Revlon;Maybelline;Benefit;Kiko;Nel 1950, i colori delle vernici create nel 1932 verranno abbinati questa volta alle collezioni di moda americane.
168-26;Trucco;3;Nell'antichità, quale virtù veniva concessa all'ombretto nero?;Disinfezione;Sudorazione;Illuminazione;Eruzione;Grazie al solfuro di piombo e al cloro in esso contenuto, l'ombretto nero, chiamato mesdemet, fungeva anche da disinfettante.
168-27;Trucco;3;Quale falsa talpa veniva usata una volta per mettere in risalto il candore della carnagione?;Vola;Vespa;Calabrone;Ape;I romani e gli egiziani usavano già le mosche per camuffare piccoli bottoni.
168-29;Trucco;3;Quale marchio vuole essere il trucco per il teatro e per la città?;Bourjois;Estée Lauder;NYX;Revlon;Azienda di lunga data di Chanel, il marchio Bourjois commercializza profumi, trucco e cosmetici.
173-1;Cavalli;1;Quale posizione adottano i cavalli per un sonno leggero?;In piedi;Sul fianco destro;Sul fianco sinistro;Sulla pancia;Come la maggior parte dei grandi erbivori, il cavallo dorme poco (da 3 a 5 ore al giorno) a causa della sua vulnerabilità ai predatori.
173-4;Cavalli;1;Che cibo apprezza davvero il cavallo?;Avena;Fieno;Foraggio;Muesli;L'avena è un cereale di paglia e viene ampiamente utilizzato nei mangimi per animali (soprattutto equini).
173-8;Cavalli;1;Quale marca di auto è emblematica di un carro di cavalli?;Ferrari;Peugeot;Alfa Romeo;Lamborghini;"Già nel 1947, il logo iniziale ""Scudetto"" era riservato ai modelli preparati dalla Scuderia Ferrari, la squadra corse."
173-10;Cavalli;1;Qual è il nome del cavallo alato della mitologia greca?;Pegaso;Argus;Merengo;Fungus;Pegaso ascende al cielo dopo la sua nascita e si mette al servizio di Zeus che lo accusa di portare un fulmine verso l'Olimpo.
173-13;Cavalli;2;In che stato è un cavallo che si piega le orecchie sul collo?;Faché;Terrorizzato;Felice;Stanco;Lo studio dei gesti del cavallo, i movimenti delle orecchie e gli atteggiamenti della testa aiutano a determinare il suo stato d'animo.
173-14;Cavalli;2;Di che colore è Stewball nella canzone di Hugues Aufray?;Bianco;Nero;Grigio;Castagna;La canzone celebra la vittoria di un cavallo bianco con macchie di castagno su una cavalla grigia durante una corsa di cavalli.
173-15;Cavalli;2;"Quanto pesa il neonato puledro di un cavallo ""ordinario""?";45 kg;15 kg;30 kg;60 kg;Nello stato domestico, il puledro rimane con sua madre fino allo svezzamento, di solito all'età di sei mesi, quando l'allevatore li separa.
173-17;Cavalli;2;Cosa vediamo di solito per conoscere l'età di un cavallo?;Denti;Le crine;Le gambe;Zoccoli;Poiché i denti del cavallo spingono costantemente, il movimento masticatorio spesso non è sufficiente per utilizzare il tavolo odontoiatrico.
173-19;Cavalli;2;"Cosa significa la frase ""non essere sotto lo zoccolo di un cavallo""?";Essere rari;Stai attento;Essere avaro;Essere veloce;"In origine, nel diciassettesimo secolo, l'espressione conteneva ""nel passo di un cavallo"", il passo che voleva significare la parola ""traccia""."
173-20;Cavalli;2;Su quante dita poggiate a terra il cavallo cammina?;Uno;Due;Tre;Quattro;Il cavallo è un perissodattilo, un ordine di mammiferi ungulati a un numero dispari di dita, in questo caso solo uno.
173-22;Cavalli;3;Approssimativamente quante razze di cavalli hai attualmente?;300;200;400;500;Nel 2008, secondo i dati della FAO, 58 milioni di cavalli sono segnalati in tutto il mondo nei cinque continenti.
173-23;Cavalli;3;A quale frequenza media il cuore di un cavallo batte a riposo?;40 ppm;60 ppm;80 ppm;100 ppm;Malattie cardiache, circolatorie, nervose e maligne hanno effetto solo sui cavalli domestici.
173-24;Cavalli;3;Come si chiama la sporgenza a forma di V sotto il piede del cavallo?;La forcella;Il tallone;L'angolo;Il pugno;La forcella del cavallo è una proiezione a V con punta anteriore, composta da un corno tubolare più morbido.
173-26;Cavalli;3;Quale di questi colori del vestito non esiste nei cavalli?;Camouflage;Torta;Isabelle;Castagna;Un certo numero di abiti da cavallo consistono in una miscela di peli bianchi o neri su uno dei tre abiti base.
173-27;Cavalli;3;Quale razza di cavalli ha sempre una veste di castagna e una coda bianca?;Haflinger;Fiordo;Shetland;Frisone;Dal suo allevamento per il lavoro su terreni accidentati, l'Haflinger, originario del Tirolo, ha ereditato una grande robustezza.
173-29;Cavalli;3;Da quale distanza i cavalli possono riconoscere gli odori?;600 m;450 m;300 m;150 m;Il cavallo esegue un flehmen, un particolare comportamento del profumo che consente tra l'altro di rilevare pémonones.
173-30;Cavalli;3;Cosa serve per massaggiare un cavallo apparentemente nervoso?;Le orecchie;La parte posteriore;La coda;Pancia;I contatti tattili sono pochi tra i cavalli, ad eccezione della madre con il suo puledro.
174-1;Citta' del mondo;1;In quale città della Francia, andouillette, salsiccia e Guignol ti fanno pensare?;Lione;Marsiglia;Nizza;Cannes;Lione si trova in un crocevia geografico, a nord del corridoio naturale della valle del Reno.
174-2;Citta' del mondo;1;Quale città, capitale della Grecia, comprende il porto del Pireo?;Atene;Patrasso;Larissa;Heraklion;Atene è una delle città più antiche del mondo, con una presenza umana attestata dal Neolitico.
174-3;Citta' del mondo;1;Quale città nel sud-ovest della Francia proviene da famose prugne AOC?;Agen;Marmande;Tonneins;Nérac;Il nome Agen è sicuramente associato alla prugna, la cui area di produzione si trova principalmente nel Lot-et-Garonne.
174-6;Citta' del mondo;1;Allo stesso tempo città e provincia, da quale paese è Bangkok la capitale?;Thailandia;Malesia;Birmania;Laos;Il boom economico asiatico degli anni '80-'90 ha portato molte multinazionali a stabilirsi a Bangkok.
174-7;Citta' del mondo;1;In quale città dell'Africa l'esploratore Savorgnan de Brazza ha dato il suo nome?;Brazzaville;Kinshasa;Libreville;Nairobi;La città fu fondata il 3 ottobre 1880 nel sito delle ex cittadine pre-coloniali nominate da Nkuna.
174-8;Citta' del mondo;1;Quale capitale è anche il centro politico e culturale della Cina?;Pechino;Shanghai;Hong Kong;Tokyo;Situata vicino alla Grande Muraglia, Pechino ospita famosi monumenti come la Città Proibita e il Tempio del Cielo.
174-19;Citta' del mondo;2;In quale città troviamo il maggior numero di taxi nel mondo?;New York;Londra;Tokyo;Brasilia;I taxi sono gestiti da società private, autorizzate dalla New York Taxi and Limousine Commission.
174-21;Citta' del mondo;3;Dove è costruita la città di Chicago?;Lago;Océan;Vulcano;Faille;Chicago è il secondo più grande centro industriale negli Stati Uniti e appartiene alla cintura industriale.
174-25;Citta' del mondo;3;Come si chiama il quartiere arabo o la Medina di Algeri?;Casbah;Bled;Souk;Torah;La storia della Kasbah di Algeri risale all'antichità, dove fu prima un porto punico, poi berbero e infine romano.
174-26;Citta' del mondo;3;In quale paese è Rangoon la città più grande in termini di numero di abitanti?;Birmania;Laos;Malesia;Filippine;Il nome della capitale del paese (Rangoon / Rangoon) può essere tradotto come la fine della discordia o la fine del conflitto.
174-27;Citta' del mondo;3;In quale paese è Hammerfest, la città più settentrionale d'Europa?;Norvegia;Svezia;Finlandia;Scozia;Situato nella Contea di Finnmark, Hammerfest è considerata la città più a nord del mondo.
174-28;Citta' del mondo;3;Quale capitale della Liberia si trova ai margini dell'Oceano Atlantico?;Monrovia;Nimba;Grand Bassa;Lofa;Monrovia svolge un ruolo importante nell'economia del paese fornendo la maggior parte delle esportazioni di minerale di ferro.
175-2;Animali in cifre;1;Quanti impulsi al minuto ha il cuore di un riccio in letargo?;18;28;38;8;Non confondere i ricci con altri mammiferi che trasportano le penne, come i porcospini.
175-3;Animali in cifre;1;Quanti chilometri è udibile la scimmia urlante?;3 km;6 km;9 km;12 km;Questa scimmia urla ogni mattina, e quando combatte con altre scimmie urlatrici, urlano anche con urla.
175-4;Animali in cifre;1;In quale anno è stato l'ultimo dodo vivente visto a Mauritius?;1681;1723;1832;1908;Oltre alla sua incapacità di volare, il dodo non aveva sviluppato alcuna paura per gli umani, rendendolo una facile preda.
175-5;Animali in cifre;1;Quanti bisonti ha macellato Buffalo Bill in soli 18 mesi?;4.000;3000;2.000;1.000;Il cappello stetson e la bandana furono resi popolari da Buffalo Bill mentre non tutti i cowboy lo indossavano.
175-6;Animali in cifre;1;A che altezza vivono gli stambecchi alpini in generale?;3.500 m;2.300 m;1900 m;4.600 m;La preda dello stambecco alpino comprende pareti ripide, pareti rocciose ripide o pareti ripide.
175-8;Animali in cifre;1;Qual è, in centimetri, la lunghezza della lingua di un formichiere adulto?;60 cm;50 cm;70 cm;80 cm;Il più grande rappresentante del gruppo è il formichiere gigante o grande formichiere, un animale che misura più di un metro di lunghezza.
175-9;Animali in cifre;1;Qual è la percentuale di roditori tra i mammiferi?;40%;30%;20%;10%;Questi animali sono caratterizzati dalla loro coppia unica di incisivi che li servono a rosicchiare, scavare gallerie o difendersi.
175-11;Animali in cifre;2;Quanti chili di carne può mangiare una iena durante un pasto?;14 kg;4 kg;24 kg;34 kg;È impossibile distinguere, per semplice osservazione, una iena da una femmina, poiché entrambi sono simili.
175-13;Animali in cifre;2;Quanto costa in media una regina di termiti al giorno?;30;60;90;120;Da una coppia di termiti nascono larve che danno sterili lavoratori o pupe che daranno adulti sessuati.
175-14;Animali in cifre;2;Quanto velocemente può raggiungere un leopardo in pace in soli due secondi?;60 km / h;80 km / h;100 km / h;40 km / h;Il leopardo occupa un posto importante in alcune culture africane in cui questo re degli animali è l'attributo dei capi.
175-16;Animali in cifre;2;Quanto velocemente può raggiungere un falco pellegrino quando è in preda?;240 km / h;200 km / h;160 km / h;120 km / h;Le sue prede sono spesso uccelli, ma alcuni individui possono anche attaccare piccoli animali terrestri.
175-17;Animali in cifre;2;Quanti millilitri di sangue può bere un pipistrello vampiro in una notte?;20 ml;40 ml;60 ml;80 ml;Il pipistrello vampiro è originario delle zone tropicali del continente americano (Messico, Cile, Brasile e Argentina).
175-18;Animali in cifre;2;Con quale fattore il peso di un orso polare si moltiplica due mesi dopo la nascita?;25;35;45;55;Perfettamente adattato al suo habitat, l'orso polare ha uno spesso strato di grasso e una pelliccia che lo isola dal freddo.
175-20;Animali in cifre;2;Quante uova produce il coccodrillo del Nilo in buona salute?;100;70;40;130;Alla chiusura delle uova, il coccodrillo del bambino è di circa 30 cm e ha lo stesso corpo di sua madre, maschio o femmina.
175-21;Animali in cifre;3;Qual è la lunghezza massima del salto che può fare un puma?;12 m;10 m;8 m;6 m;Ai fini della caccia o in caso di minaccia, è in grado di arrampicarsi sugli alberi ed essere molto agile.
175-22;Animali in cifre;3;Quanto fa una zanzara formata normalmente con i denti?;47;34;29;11;Gli adulti si nutrono di nettare di fiori e partecipano all'impollinazione delle piante, proprio come le farfalle.
175-23;Animali in cifre;3;Qual è la lunghezza in centimetri di un intestino di koala?;300 cm;200 cm;100 cm;400 cm;Il koala è strettamente correlato all'eucalipto o albero della gomma, dal quale mangia solo le foglie di alcune specie.
175-25;Animali in cifre;3;Qual è la velocità massima raggiunta dal pesce spada a vela?;109 km / h;99 km / h;89 km / h;119 km / h;Possedendo strisce verticali sui fianchi, il pesce vela è considerato il pesce più veloce.
175-26;Animali in cifre;3;Quanti animali dello zoo di Berlino sono sopravvissuti durante la seconda guerra mondiale?;91;344;892;1,712;Le prime donazioni di animali allo Zoo di Berlino, fondato nel 1844, furono realizzate da Federico Guglielmo IV, re di Prussia.
175-27;Animali in cifre;3;Su un migliaio di tartarughe marine, quanti riescono a raggiungere l'età per riprodursi?;15;100;250;640;Le tartarughe marine, sebbene vulnerabili, sono presenti in tutti gli oceani del mondo, ad eccezione dell'Oceano Artico.
175-29;Animali in cifre;3;Nel senso più ampio del termine, quante specie di canguri ci sono?;63;51;44;37;Un animale emblematico dell'Australia, il grande canguro è più popolare nelle campagne che nelle città.
175-30;Animali in cifre;3;Quante specie sono state scoperte finora?;9 600;8 700;7.200;6 400;Coleotteri, coccinelle, lucani, scarafaggi, cacari e charanges sono allopoei.
177-2;Cartoni animati;1;Chi non finisce di morire nelle prime stagioni di South Park?;Kenny;Stan;Kyle;Eric;Il ragazzino con il cappuccio arancione è lo zimbello di Cartman, uno dei quattro eroi dei cartoni animati di Trey Parker e Matt Stone.
177-3;Cartoni animati;1;Con quali ragazzi della sua band di solito fa squadra Scoubidou?;Sammy;Fred;Roger;Logan;Il detective era tornato presto, accompagnato da guest star come Batman e Robin o Laurel e Hardy.
177-4;Cartoni animati;1;Chi è il figlio maggiore della famiglia Simpson?;Bart;Lisa;Maggie;Marge;Fin dalla sua nascita nel 1989, il fumetto di Matt Groenig è stato un successo mondiale, tradotto nel grande schermo nel 2007.
177-5;Cartoni animati;1;Che animale è il cappuccino, il piccolo compagno di Candy?;Procione;Criceto;Chat;Coniglio;La ragazza si ritrova all'orfanotrofio detenuto da Miss Pony e Candy si innamora del principe delle colline.
177-6;Cartoni animati;1;Come descrivere la giostra di Margotte, Zebulon et Pollux?;Incantato;Frequentato;Cerchiato;Spaventato;La serie animata di Serge Danot è apparsa nel 1963 sul primo canale dell'ORTF.
177-7;Cartoni animati;1;Chi è rotondo come un palloncino e più giallo di un limone?;Pac-Man;Pengo;Digger;Fruttato;Questo eroe è stato uno dei primi videogiochi a avere il suo cartone animato, prima di Super Mario Bros e Zelda.
177-10;Cartoni animati;1;Chi è il migliore amico di Tom Sayer a San Pietroburgo?;Huckleberry Finn;Jim Hollis;Benjamin Rogers;Muff Potter;Un vero vagabondo da solo, accompagna Tom Sayer con lui in numerose avventure sul fiume Mississippi.
177-11;Cartoni animati;2;Quale oggetto Gigi riesce a trasformare in una giovane donna?;Ciondolo;Cappello;Ombrello;Cintura;12 anni, Gigi è una principessa inviata sulla Terra dai suoi genitori per dare speranza ad alcuni umani.
177-13;Cartoni animati;2;Quale eroina della serie TV di 10 anni usa Omnitrix?;Ben 10;Astro;Kenny;Yogi;L'omnitrix è il braccialetto che si attacca al suo polso e gli consente di mutare in dieci superpoteri.
177-14;Cartoni animati;2;Con quale oggetto Sophie comunica con Finot in Inspector Gadget?;Guarda;Telefono;Bambola;Anello;Ultra-sofisticato, l'orologio offre a Sophie l'opportunità di parlare e vedere il suo cane venire insieme per aiutare Gadget.
177-16;Cartoni animati;2;Perché Calimero è l'unico pulcino nero che lo circonda?;È sporco;È malato;È furioso;È bruciato;Nel 1961, Calimero è stato il protagonista di una pubblicità per la lavanderia italiana dove ha trovato il suo colore originale una volta pulito.
177-18;Cartoni animati;2;Quale animale è Saturnin, eroe della serie creata da Jean Tourane?;Un anatroccolo;Un procione;Una zebra;Un elefante;Il piccolo uccello temperamentale, il cui mondo in miniatura è identico a quello degli umani, ha iniziato la sua carriera nel 1965.
177-19;Cartoni animati;2;Quale processo di animazione ha creato il pagliaccio Kiri?;Burattini;Plastilina;Carta di cartone;Mosaici;Di città in città, la sua roulotte guida i suoi compagni Pip'lett, Laura, Ratibus e Bianca in molte avventure.
177-20;Cartoni animati;2;Quale eroina dei cartoni animati è stata la protagonista di Fleischer Studios con Popeye?;Betty Boop;Manny;Dora Marquez;Charlotte;Apparso nel 1930, la bruna sensuale è uno dei personaggi animati emblematici del periodo tra le due guerre.
177-21;Cartoni animati;3;Qual è il canale giovanile il cui motto è stato La TV che muove tutta la famiglia?;Gulli;HD1;Cstar;W9;In occasione del lancio della DTT in Francia nel 2005, Lagardère e France Télévisions uniti.
177-23;Cartoni animati;3;Quale serie televisiva animata è il giovane Yugo l'eroe?;Wakfu;Code Lyoko;Molusco;Star Butterfly;Accompagnato dai suoi cinque amici, il bambino cercherà di fermare le ambizioni di Nox che battono l'energia creativa del mondo.
177-24;Cartoni animati;3;Chi è probabilmente il più famoso sceriffo dello spazio?;X-Or;Jiban;Bioman;Ulisse;Questa serie giapponese trasmessa nel 1983 ha per suo marito Gordan che si trasforma in X-Gold chiedendo la trasmutazione.
177-25;Cartoni animati;3;Qual è la volpe e il nemico di Aglae e Sidonie?;Croquetou;Agenor;Saturnin;Hugo;Nella fattoria, la scrofa Aglae e l'oca Sidonie sono aiutate dal gallo Agenor a travestire Craquetou in meno di cinque minuti.
177-26;Cartoni animati;3;Quale animale era il signor Ed nella serie di nomi per bambini negli Stati Uniti?;Cavallo;Leone;Ane;Gufo;Il signor Ed, il cavallo parlante che appartiene all'architetto Wilbur Post, usa questo dono in abbondanza dicendo tutto ciò che pensa.
177-28;Cartoni animati;3;Quanti sono gli eroi delle Petites Canailles apparsi nel 1962?;Cinque;Sei;Sette;Otto;Questi ragazzi sacri con una personalità molto diversa si chiamano Alfafa, Buck, Darla, Porky e Spanky.
177-30;Cartoni animati;3;Quale piccolo animale è Hamtaro nel manga creato da Ritsuko Kawai?;Criceto;Cavallo;Anatroccolo;Procione;Il cartone è firmato Ritsuko Kawai e apparso sugli schermi di Midi the zouzous di France 5 nel 2003.
180-1;Buon Natale;1;Per un cristiano, il cui compleanno è Natale il giorno di Natale?;Gesù;Marie;Joseph;Giuda;Prima della cristianizzazione dell'Occidente, Noel corrispondeva al giorno di nascita di Sol Invictus.
180-2;Buon Natale;1;Cosa mangi la maggior parte del tempo a Natale da un'usanza introdotta da Carlo VII?;Turchia;Bouillabaisse;Coq au vin;Paupiettes;In Francia, in Belgio e nel Regno Unito, il tacchino di Natale è tradizionalmente farcito con le castagne.
180-4;Buon Natale;1;Nel 1931, per quale ditta Haddon Sundblom disegnò Babbo Natale in rosso?;Coca-Cola;IBM;McDonald's;Walt Disney;Questo illustratore americano è meglio conosciuto per le sue pin-up e gli spot natalizi di Babbo Natale per The Coca-Cola Company.
180-6;Buon Natale;1;Con chi Gaspard e Balthazar sono venuti per rendere omaggio a Gesù?;Melchior;Athos;Erode;Michée;I Magi sono solo evocati dal Vangelo secondo Matteo, gli altri tre vangeli canonici che ignorano questo episodio.
180-8;Buon Natale;1;Se senti Buon Natale, in quale paese desideri Buon Natale?;Italia;Spagna;Portogallo;Grecia;In Francia, tre quarti dei francesi ritengono che il Natale sia prima di tutto una festa di famiglia o commerciale.
180-11;Buon Natale;2;I tre saggi portarono oro, incenso e cos'altro?;Mirra;Coriandolo;Ambra;Muschio;Il profumo di mirra a volte è associato con l'eritema ed è menzionato sette volte nella canzone delle canzoni.
180-12;Buon Natale;2;Quante dita ha il guanto di maglia di Thérèse in Babbo Natale è una cianfrusaglia?;Tre;Quattro;Cinque;Sei;Babbo Natale è una schifezza è originariamente (1979) un'opera teatrale eseguita dalla troupe di Splendid.
180-13;Buon Natale;2;Quale stagione natalizia è il Natale nel continente australiano?;Estate;Primavera;Inverno;Autunno;Il Natale è una festa cristiana che celebra la nascita di Gesù di Nazareth, chiamata Natività, ogni anno.
180-14;Buon Natale;2;Da quante renne è la slitta di Babbo Natale tirata fuori la maggior parte del tempo?;Otto;Sei;Dodici;Dieci;Le renne di Babbo Natale sono quelle che, tradizionalmente, disegnano il cavaliere di Babbo Natale quando distribuisce i doni.
180-15;Buon Natale;2;Quale regione della Francia deriva dalla tradizione dell'albero di Natale?;Alsazia;Bretagna;Provenza;Borgogna;Gli alberi di Natale possono essere venduti tagliati o in vaso, permettendo il reimpianto alla fine dei festeggiamenti.
180-18;Buon Natale;2;Qual è il primo regalo di Natale che Hagrid offre a Harry Potter?;Flauto;Baguette;Gufo;Chiave;Hagrid, membro dell'Ordine della Fenice, fu cresciuto a Hogwarts nella Casa dei Grifondoro, dove arrivò nel 1940.
180-19;Buon Natale;2;Quale città in Francia è ora famosa per il suo mercatino di Natale?;Strasburgo;Lione;Arras;Rennes;Il mercatino di Natale di Strasburgo, seguito dalla maggior parte dei commercianti della città, risale al 1570.
180-20;Buon Natale;2;Quale bombetta senza stivali di pelle ci ha lasciato il 25 dicembre?;Charlie Chaplin;Buster Keaton;Harold Loyd;James Dean;Perfezionista, l'indipendenza finanziaria di Charlie Chaplin gli ha permesso di dedicare anni allo sviluppo delle sue opere.
180-21;Buon Natale;3;In quale comune della Francia è installata dal 1962 la segreteria ufficiale di Babbo Natale?;Libourne;Pontoise;Courbevoie;Rochefort;Circa sessanta folletti postini sono al lavoro per rispondere alle lettere e alle e-mail di bambini desiderosi di scrivergli.
180-22;Buon Natale;3;Quanto distinguiamo tra le specie di abete nel mondo?;46;6;460;4.600;Gli abeti, parenti stretti dei cedri, appartengono alla famiglia delle Pinacee e alla sottofamiglia Abietoideae.
180-24;Buon Natale;3;Qual era il colore di Babbo Natale prima che diventasse rosso?;Verde;Arancione;Giallo;Grigio;L'immaginario francese lo mostra intorno al 1870-1890 come un vecchio vestito con un cappotto prevalentemente verde e talvolta blu.
180-25;Buon Natale;3;In quale regione della Francia mangi i tredici dessert di Natale?;Provenza;Alsazia;Alvernia;Bretagna;I dolci possono essere preparati con vino cotto o vino moscato, mentre alla fine appaiono tutti i liquori.
180-26;Buon Natale;3;In quale anno Tino Rossi ha cantato per la prima volta Little Papa Christmas?;1946;1950;1934;1962;Scritto da Raymond Vincy, questa canzone è stata eseguita per la prima volta nel 1946 nel film Destins.
180-27;Buon Natale;3;In Irlanda, cosa rimane sul tavolo prima di partire per la messa di Natale?;Whisky e carote;Mele e limoni;Gin e arance;Pane e sale;Il simbolo ufficiale dell'Irlanda è l'arpa celtica, ma il trifoglio irlandese è spesso usato come un altro simbolo (rugby).
180-29;Buon Natale;3;Quale papa avrebbe istituito la festa della Natività a Roma il 25 dicembre 354?;Libertà;Marcellin;Eusebio;Pontiano;Vescovo di Roma subentrato a Giulio I, Papa Liberio sarà il primo a designare Roma come Sede Apostolica.
184-1;Animali alla rinfusa;1;Perché gli orsi polari giacciono nella neve quando corrono?;Per aggiornare;Riposare;Dormire;Mangiare;Gli orsi polari possono diventare troppo caldi sotto la loro pelliccia molto spessa e il loro strato di grasso isolante.
184-2;Animali alla rinfusa;1;Quale parte del corpo permette ai cavallucci marini di nuotare?;Pinna dorsale;Pinne ventrali;Testa;Coda;Sebbene siano pesci, i cavallucci marini nuotano molto lentamente con movimenti ondulati.
184-3;Animali alla rinfusa;1;Perché non possiamo sentire le grida del pipistrello?;Troppo acuto;Troppo debole;Troppo serio;Troppo forte;I pipistrelli emettono e ricevono gli ultrasuoni che il nostro orecchio non riesce a percepire (max 20.000 hertz).
184-5;Animali alla rinfusa;1;Quale compito pesante e doloroso ricade sulla regina delle formiche?;Lay uova;Difendere il nido;Cerco di mangiare;Uccidi i maschi;La regina è l'unica formica nel nido a covare uova, che sono in realtà larve tratteggiate da cui nasceranno le future formiche.
184-7;Animali alla rinfusa;1;Perché i necrophores si combattono?;Cadaveri;Femmine;Territorio;Oro;Un paio di necrophores seppelliscono un animale morto nel terreno e depongono uova le cui larve vengono nutrite.
184-10;Animali alla rinfusa;1;Cosa mostra il lupo più debole dopo una lotta per la gerarchia?;La sua pancia;La sua lingua;I suoi denti;Il suo cazzo;Il lupo inferiore non è quindi ferito, ma dovrà in futuro presentarsi al compagno dominante, secondo la loro pronunciata gerarchia.
184-11;Animali alla rinfusa;2;Qual è la causa più comune di morte tra gli elefanti in libertà?;Usura dei denti;Tromba rotta;Malattia;Morso di serpenti;Quando l'ultimo molare è consumato masticando, l'elefante non può più nutrirsi abbastanza e muore tristemente per la fame.
184-12;Animali alla rinfusa;2;Con quale parte del suo corpo la talpa si muove sotto terra?;Vibrisses;Occhi;Muso;Orecchie;Le talpe si orientano quasi esclusivamente usando una sorta di baffi e uccidono il loro cibo in questo modo.
184-13;Animali alla rinfusa;2;A parte il cavallo, a quale altro animale è collegato il tapiro?;Rinoceronte;Elefante;Maiale;Criceto;I tapiri, della famiglia degli ungulati, usano il loro tronco come una mano e possono quindi ritrarlo quando questo li disturba.
184-17;Animali alla rinfusa;2;In che modo la lince di solito segna il suo territorio?;Erezioni;Escrementi;Capelli;Topi morti;Oltre a raschiare, le linci a volte usano anche le loro urine come segni di odore per definire la loro area.
184-18;Animali alla rinfusa;2;Tagliare per la gara, quanto velocemente può correre un ostacolo?;120 km / h;90 km / h;60 km / h;150 km / h;L'animale più veloce può mantenere questa velocità solo per poche centinaia di metri, dando una possibilità alle gazzelle.
184-19;Animali alla rinfusa;2;In che modo i sowbug si proteggono dagli attacchi?;Concludendo;In volo;Seppellendosi;Volando via;Il corpo di un woodlouse, in questo caso immobile, è composto da diversi anelli solidi che ricordano l'armatura di un cavaliere.
184-21;Animali alla rinfusa;3;Dopo quanto tempo un bambino prende la carne per la prima volta?;Sei mesi;Un mese;Un anno;Sei anni;Nei primi sei mesi, le tigri che non conoscono il padre sono allattate dalla madre.
184-23;Animali alla rinfusa;3;Di quale funzione vitale può davvero rinunciare il fennec?;Bere;Mangiare;Dormire;Vedi;Il liquido che il fennec assorbe grazie alla sua dieta è sufficiente per lui ed è quindi mirabilmente adattato alla vita nel deserto.
184-25;Animali alla rinfusa;3;In generale, quante ore al giorno è un panda gigante impegnato a mangiare?;Sedici;Dodici;Otto;Quattro;Il panda gigante mangia solo giovani germogli di bambù, ma questi non sono molto nutrienti.
184-27;Animali alla rinfusa;3;Perché a volte le martore uccidono i polli?;Sangue;Zampe;Fegato;Cosce;Le martore bevono solo sangue e lasciano il resto, preferendo mangiare conigli, uova, lattuga o insetti.
184-28;Animali alla rinfusa;3;Di cosa è fatta la campana del serpente a sonagli?;Corno;Legno;Calcare;Pietre;I sei - dieci anelli di corno situati alla fine della coda del serpente a sonagli provengono dalle mute precedenti.
184-29;Animali alla rinfusa;3;Durante quale stagione dell'anno possiamo sentire il gufo urlare?;Primavera;Estate;Autunno;Inverno;Il gufo urla in aprile e maggio per attirare l'attenzione di una donna che rimarrà fedele al suo fianco per tutta la vita.
184-30;Animali alla rinfusa;3;Quante piume sono composte dalla pelliccia del riccio maschio?;16.000;12.000;8.000;4.000;In caso di pericolo, il riccio può impostare le sue numerose penne e rannicchiarsi su se stesso per proteggere i nemici.
185-1;Sport invernali;1;Nello sci, qual è il livello di difficoltà associato a una pista verde?;Facile;Medio;Difficile;Molto difficile;I colori traccia vengono assegnati in base alla pendenza, alla lunghezza, alla larghezza e all'esposizione al sole e al vento.
185-5;Sport invernali;1;Quale di questi colori non consente di conoscere la difficoltà di una pista da sci?;Malva;Verde;Blu;Rosso;Tuttavia, nessuno standard definisce come vengono assegnati i colori alle piste da sci, poiché la scelta è lasciata agli operatori.
185-6;Sport invernali;1;Cosa è necessario per utilizzare i sollevatori meccanici?;Pacchetto;Impronta;Bonnet;Cartella;Il prezzo include spesso un pacchetto comune che va da un giorno ad una settimana nelle stazioni sciistiche per lo sci alpino.
185-7;Sport invernali;1;Cosa indosserai per un'escursione sulla neve soffice?;Racchette;Rulli;Stivali;Espadrillas;La racchetta, fissata sotto la scarpa da camminata, aumenta la superficie di contatto con la neve e spesso consente di non affondare.
185-8;Sport invernali;1;A parte i colpi, in che tipo di neve c'è il monosci?;Polvere;Nero;In grani;Bagnato;Il monosci è ancora praticato ad alto livello nel freeride e in alta montagna e continua a competere con lo sci e lo snowboard.
185-9;Sport invernali;1;Cosa stiamo facendo sulle piste da sci tra le 17:00 e le 9:00?;Danno;Essiccazione;Ormeggio;Spruzzatura;Un battipista è un veicolo cingolato progettato per migliorare la qualità della neve per la pratica degli sport da tavola.
185-10;Sport invernali;1;Che sport si pratica sul ghiaccio con pesanti pietre di granito levigato?;Curling;Bob;Scheletro;Luge;L'obiettivo del curling è di posizionare le pietre il più vicino possibile a un bersaglio circolare disegnato sul ghiaccio, chiamato casa.
185-12;Sport invernali;2;Quali mappe ti permettono di trovarti in montagna durante le escursioni?;IGN;DKV;PMU;APK;L'IGN fu creato con decreto nel 1940 (firmato da Albert Lebrun e Philippe Pétain) e succedette al servizio geografico dell'esercito.
185-13;Sport invernali;2;Con quale colore brillante le macchine governatrici segnalano la loro presenza?;Arancione;Verde;Blu;Malva;I termini resurfacer e surfacer si riferiscono ai veicoli utilizzati per rielaborare le superfici ghiacciate.
185-14;Sport invernali;2;Quale di questi formaggi non è necessario per la creazione di una fonduta savoiarda?;Roquefort;Emmental;Contea;Beaufort;Alcune varianti della ricetta consentono l'aggiunta di una piccola quantità di alcol di ciliegio (kirsch) per migliorare il gusto.
185-15;Sport invernali;2;Quale sostanza viene utilizzata per ottenere una perfetta planata dei suoi sci?;Scoreggia;Jojoba;Cérumen;Paraffina;Complessivamente, ci sono due categorie principali di questo rivestimento specifico: cera per glide e cera trattenere.
185-16;Sport invernali;2;Qual è la percentuale di pendenza massima che può avere una traccia blu?;25%;15%;35%;45%;I brani non decorati, chiamati Skiroute, sono per la loro parte indicati da un rombo generalmente di colore rosso.
185-18;Sport invernali;2;Quale tecnica viene utilizzata per scalare un pendio senza un sollevamento meccanico?;Montato in anatra;Montato in coniglio;Montato in zebra;Montato negli orsi;Sebbene sia progettato per sollevare gli sciatori sulla montagna, gli ascensori possono essere utilizzati anche in discesa.
185-21;Sport invernali;3;Quale stazione francese è considerata la culla dello sci nordico?;Autrans;Les Arcs;Isola 2000;Chamrousse;Lo sci nordico si riferisce a diverse discipline sciistiche di ispirazione scandinava legate alle attività nordiche.
186-1;Intorno alla neve;1;Quale sostanza viene spesso utilizzata per sciogliere rapidamente la neve sulle strade?;Sale;Zucchero;Pepe;Farina;In Francia, le strade sono classificate in quattro livelli di priorità, mentre le strade di livello 1 sono trattate 24 ore al giorno, se necessario.
186-2;Intorno alla neve;1;Quale giovane artista ha cantato Jour de neige in televisione nel 1988?;Elsa;Jakie Quartz;Lio;Patricia Kaas;I produttori hanno accompagnato il singolo di questo titolo più ritmato dell'album in versione club destinato alle discoteche.
186-4;Intorno alla neve;1;Qual è il nome del migliore amico di Sebastien in TV?;Bello;Sidonie;Prunelle;Aglaé;Questa serie fu scritta e prodotta da Cécile Aubry e andò in onda il 26 settembre 1965 sul primo canale ORTF.
186-5;Intorno alla neve;1;Chi ha scritto il romanzo francese La neige en deuil offerto a molti studenti?;Henri Troyat;Bernard Clavel;Jean Vautrin;Jean-Paul Sartre;Questa finzione (e il film) è ispirata a un vero evento: l'incidente della Principessa Malabar sui fianchi del Monte Bianco nel 1950.
186-7;Intorno alla neve;1;Quale generale africano ha attraversato le Alpi con elefanti?;Hannibal;Asdrubale;Didon;Hannon;La maggior parte dei 27 elefanti di Annibale sono effettivamente morti nelle transenne delle Alpi o nell'umidità delle paludi.
186-8;Intorno alla neve;1;In Europa, qual è il primo fiore che di solito cresce alla fine dell'inverno?;Croco;Acacia;Dahlia;Ficus;Con il suo grande fiore viola, il Crocus sativus, da cui viene estratto lo zafferano, ha bisogno di molto calore per fiorire.
186-9;Intorno alla neve;1;Quale attrezzatura è necessaria per iniziare una gara di discesa con gli sci?;Casco;Ginocchiere;Brassard;Occhiali;La discesa è lo sport più antico dello sci alpino, ora chiamato la disciplina regina della sua categoria.
186-11;Intorno alla neve;2;Qual è la forma iniziale del prisma di cristallo di ghiaccio?;Esagonale;Sferico;Cubico;Lineare;Il cristallo di ghiaccio risulta dalla cristallizzazione graduale del vapore acqueo contenuto nell'aria senza passare attraverso la fase liquida.
186-12;Intorno alla neve;2;Chi ha scritto il nuovo titolo Les neiges du Kilimandjaro?;Hemingway;Mauriac;Camus;Steinbeck;La notizia pubblicata nel 1936 fu tradotta in Francia da Marcel Duhamel e adattata al film sotto lo stesso titolo di Henry King.
186-13;Intorno alla neve;2;Quale campione italiano ha vinto la medaglia di slalom e slalom alle Olimpiadi di Calgary?;Alberto Tomba;Max Julien;Markus Wasmeier;Ingemar Stenmark;Tomba è diventato quattro anni dopo ad Albertville il primo sciatore alpino a mantenere un titolo olimpico vincendo il gigante.
186-14;Intorno alla neve;2;Quale popolo nordico deve, tra le altre cose, l'invenzione della slitta?;Vichinghi;Celti;Romani;Scozzese;Sembra che i vichinghi avessero già usato le slitte con due pattini in quel momento, proprio come le slitte attuali.
186-15;Intorno alla neve;2;Chi nel 1986 riuscì ad attraversare il Polo Nord sparando alla sua stessa slitta?;Jean-Louis Étienne;Louis Marot;Guy Bernardin;Henri Joutel;Si diresse con il sole e la sua posizione fu seguita dal Centro nazionale per gli studi spaziali con un faro di Argos.
186-16;Intorno alla neve;2;In quale disciplina Franck Piccard ha vinto una medaglia d'oro alle Olimpiadi di Calgary?;Super Géant;Combinato;Stile libero;In discesa;Nato nel 1964, Franck Piccard è stato uno dei quattro membri della squadra dei migliori cannoni addestrati e allenati da Serge Guillaume.
186-18;Intorno alla neve;2;Qual è la principale attività economica delle frontiere dei Pirenei e delle Alpi?;Turismo;Sollevamento;Formaggio;Salumeria;Oltre alle stazioni di sport invernali, ci sono un certo numero di centri benessere, hotel ed escursionisti.
186-20;Intorno alla neve;2;Quali macine stai cercando al fort des Rousses, nel Giura?;Comté;Brie nero;Emmental;Chaumes;Le cantine a volta del forte Rousses, a una temperatura costante di 8 gradi, contengono più di 75 000 ruote di contea (Juraflore).
186-22;Intorno alla neve;3;Quale nome era il primo marchio di snowboard?;Winterstick;Burton;Santa Cruz;Plan-B;Nel 1965, l'americano Sherman Poppen inventò lo Snurfer fissando due sci insieme, guidati da una corda fissata nella parte anteriore del velivolo.
186-23;Intorno alla neve;3;Quale scrittore francese pubblicò The other side nel 1983?;Gay-Lussac;Gauvin;Genevoix;Gauthier;Bruno Gay-Lussac viene dal chimico Louis Joseph Gay-Lussac e Louis Hachette, fondatore delle edizioni con lo stesso nome.
186-24;Intorno alla neve;3;Come si chiama una piccola slitta di legno con un solo pattino al centro?;Paret;Bob;Scheletro;Kitesurf;Precedentemente, questo mezzo di viaggio era usato dai bambini della valle di Manigod (Alta Savoia, nel canton Thénes).
186-25;Intorno alla neve;3;Quale fotografo di Chamonix è famoso per la sua collezione di sciate e foto di montagna?;Pierre Tairraz;René Tanguy;John Thomas;Marc Trivier;La vocazione del ragazzo è parte di una tradizione familiare che accompagna con le generazioni l'evoluzione della fotografia.
186-27;Intorno alla neve;3;Quale villaggio di Savoia è oggi famoso per i suoi diavoli scolpiti nel bosco?;Bessans;Bonneval;Bramans;Modano;Oggi, il diavolo di Bessans appare sulla fiamma postale e sul trono del villaggio nella fontana della piazza del municipio.
186-28;Intorno alla neve;3;Chi ha composto la versione originale della popolare canzone Étoile des neiges?;Franz Winkler;Jakob Dont;Paul Pisk;Marcel Tyberg;Molti artisti registreranno questo tubo in francese dal 1950: Line Renaud, Patrice e Mario, o André Claveau.
186-29;Intorno alla neve;3;In quale anno è stato celebrato il bicentenario della salita del Monte Bianco?;1986;1966;2006;1946;Il vertice, oggetto di fascino in molte opere culturali, ha rappresentato per molti secoli un obiettivo.
186-30;Intorno alla neve;3;Qual è la più antica fabbrica di sci in Francia negli anni '20?;Duret;Atomico;Dynastar;Nordica;Specialista in sci e monosci, Duret offre ora diversi prodotti artigianali: specie legnose nobili, carbonio, titanal.
188-2;Gladiatori;1;In quale vasto edificio pubblico erano organizzati i combattimenti dei gladiatori?;Anfiteatro;Operare;Gallodrome;Forum;A differenza dei circhi e dei teatri dell'antica Grecia, gli anfiteatri sono monumenti nati nel mondo romano.
188-5;Gladiatori;1;Quale direttrice era la proprietaria della scuola di gladiatori di Capua?;Batiato;Caius;Titus;Scarpus;La scuola di Capua era composta principalmente da Traci (inclusi Spartacus) e Galli (incluso Crixus).
188-6;Gladiatori;1;Chi è probabilmente il più popolare dei gladiatori traci?;Spartacus;Ambiorix;Asdrubale;Jugurtha;Spartacus fu il principale leader dei ribelli durante la Terza Guerra Servile in Italia tra il 73 e il 71 a.C.
188-9;Gladiatori;1;Quale anno prima di Cristo risale il più antico combattimento gladiatorio menzionato nei testi?;264;148;327;432;Questo scontro fu presto seguito da molti altri e fu così, nel 105 aC, che i giochi divennero pubblici.
188-10;Gladiatori;1;Quale di questi famosi gladiatori gallici apparteneva a Lentulus Batiatus?;Crixus;Amador;Gannicus;Dessaline;Dalla parte di Spartacus, Crixus fu uno dei leader della ribellione degli schiavi che portò alla Terza guerra servile.
188-13;Gladiatori;2;Quale imperatore romano commise sotto il suo regno non meno di 10.000 gladiatori?;Auguste;Marc Aurèle;Adriano;Titus;"Con il regno di Augusto, nato Caius Octavius, iniziò per l'Impero un periodo di stabilità noto come ""Pax Romana""."
188-15;Gladiatori;2;Quanti tipi di gladiatori costituiscono la maggior parte del corpus iconografico?;Sei;Otto;Dieci;Dodici;Alcuni autori credono che la lanista, a un certo punto, abbia preso in considerazione i bisogni della scuola ma anche le attitudini fisiche.
188-16;Gladiatori;2;Quale liberazione ha liberato i gladiatori dal loro obbligo di combattere?;Spedizione;Amnistia;Calunnia;Sursis;Questa liberazione fu accompagnata dalla concessione simbolica di una bacchetta specifica che li rese famosi.
188-17;Gladiatori;2;Per garantire la vittoria, cosa usavano spesso i gladiatori?;Magia;Droga;Barare;Argento;Una pratica consisteva nell'incisione di testi superficiali su stecche di piombo arrotolate e poi nel seppellirli.
188-18;Gladiatori;2;In quale onore Giulio Cesare ha combattuto i gladiatori?;Julia;Sophia;Carla;Maria;Questi giochi funebri organizzati in onore di sua figlia Giulia, tuttavia, non mancavano di fondali politici.
188-19;Gladiatori;2;In quale anno siamo stati in grado di assistere alle ultime battaglie gladiatorie a Roma?;418;632;844;229;Nel 404, l'imperatore Onorio aveva già bandito le lotte dei gladiatori in seguito a una grande rissa nel Colosseo.
188-21;Gladiatori;3;Quale dio dei combattenti veniva spesso invocato dai gladiatori?;Ercole;Perseo;Apollon;Pan;L'Ercole dei Romani a volte è raffigurato come meno violento del suo alter ego greco nelle storie in cui si verifica.
188-22;Gladiatori;3;Com'era la categoria a cui appartenevano i gladiatori?;Armatura;Batiata;Andala;Guerriglia;L'origine dei combattimenti tra gladiatori si trova nell'Italia meridionale, dove il combattimento in armi era destinato a onorare un morto.
188-23;Gladiatori;3;Che tipo di gladiatore si oppone classicamente al sovrano?;Secutor;Mirmillon;Provocatore;Tracia;Il mirmillon, il primo avversario del cassiere, aveva una grossa cresta sul casco che era troppo facilmente appeso alla rete della cassiera.
188-25;Gladiatori;3;Che tipo di gladiatore di solito iniziava nei pomeriggi del combattimento?;Provocatore;Secutor;Statutario;Mirmillon;I gladiatori equipaggiati con un provocatore hanno la stessa armatura e combattono contro un avversario identico armato.
188-26;Gladiatori;3;Quale principale avversario del gladiatore a braccio piccolo è il mirmillon?;Tracia;Hoplomaque;Andabate;Venator;Gli scritti di Cicerone sono i primi documenti a testimoniare l'esistenza dei traci, verso la metà del primo secolo prima della nostra era.
188-27;Gladiatori;3;Quale misterioso gladiatore sarebbe stato armato di un pizzo strangolante?;Laquearius;Andabate;Hoplomaque;Asdrubale;Vercingetorige fu giustiziato con un laccio da strangolatore nell'agosto del 46 a. J. - C., nelle prigioni di Roma, poi gettato nelle fogne.
188-28;Gladiatori;3;Quale gladiatore possedeva per combattere un pugnale e una lancia?;Hoplomaque;Provocatore;Tracia;Mirmillon;L'hoplomaque è, con Thrace, l'unico gladiatore che indossa due gambali molto alti invece di uno solo nella gamba sinistra.
188-30;Gladiatori;3;Quale gladiatore stava combattendo a cavallo, accecato da un elmo chiuso?;Andabate;Hoplomaque;Provocatore;Statutario;I gladiatori che hanno perso la vista durante un combattimento potrebbero diventare eabate per evitare di essere uccisi.
191-1;Arrampicata;1;Quanto è necessario essere in grado di fingere di essere in grado di arrampicare?;Uno;Due;Tre;Quattro;L'arrampicata sportiva viene praticata su piste completamente attrezzate, dove sono stati precedentemente predisposti punti di ancoraggio.
191-2;Arrampicata;1;Quale nodo importante abbiamo bisogno di sapere come fare l'arrampicata?;Naso in otto;Arco della sedia;Nodo piano;Papillon;Il nodo in otto è relativamente semplice da smontare, non danneggia troppo la fune e forma un nodo più grande del semplice nodo.
191-3;Arrampicata;1;Quale tecnica di downhill viene praticata su una corda con un sistema di frenata?;Promemoria;Tirolese;Assicurare;Ostruzione;L'invenzione della tecnica di discesa in corda doppia nel 1876 fu attribuita a Jean Charlet-Straton, una guida di Chamonix.
191-5;Arrampicata;1;Quale di queste citazioni indica un livello di difficoltà ufficiale in salita?;7C;2-4;C2;B +;Lo scalatore che raggiunge la prima salita di una corsia è solitamente colui che dà le prime probabilità della corsia.
191-6;Arrampicata;1;Nell'arrampicata, quale sistema costituisce un punto di ancoraggio nella roccia?;Chiusura;Grigri;Moschettone;Relè;Questa ancora può servire come punto di protezione in una lunghezza o progressione, o servire come relè.
191-7;Arrampicata;1;Quale attrezzatura afferra la pelvi dello scalatore come un'imbracatura?;Baudrier;Anello cinturino;Chiusura;Crash pad;L'imbracatura è ampiamente utilizzata nella pratica di vari sport come l'arrampicata, l'alpinismo, il canyoning e la speleologia.
191-8;Arrampicata;1;Quale polvere bianca viene utilizzata per evitare di sudare le mani?;Magneti;Farina;Talco;Zucchero di ghiaccio;Il carbonato di magnesio può contenere una piccola percentuale di silice che, inalata, può avere effetti avversi sui polmoni.
191-10;Arrampicata;1;Quale di queste citazioni è considerata la più alta per un alpinista esperto?;9a;7c +;1a;e7;La difficoltà è stimata per una risalita in testa, senza l'ausilio di punti sosta e senza sosta sulla corda.
191-12;Arrampicata;2;Qual è la nazionalità del marchio Petzl, tra l'altro noto per i suoi proiettori?;Francese;Americano;Inglese;Austriaco;Il marchio Petzl offre attrezzature per alpinismo, arrampicata, speleologia, via ferrata, canyoning e trail running.
191-14;Arrampicata;2;Quale parte della parete di arrampicata è chiamata il d-verse?;Appoggiato;Giusto;Verticale;Sul bordo;Nel 1983, François Savigny inventò i ramponi rimovibili, prima in arenaria e poi in cemento resinoso.
191-15;Arrampicata;2;In quale sistema di sicurezza possiamo passare una corda quando saliamo?;Moschettone;Tampone;Piolet;Crash pad;L'uso del moschettone rampicante era infatti una conseguenza logica dell'uso dei chiodi inventati da Hans Fiechtl.
191-16;Arrampicata;2;Qual è l'altro nome a volte dato dagli alpinisti?;Pof;Jumar;Lombo;Clip;Il pof o colofonia è una resina che i musicisti mettono sui capelli degli archi. Nell'arrampicata, il pof impermeabilizza e attacca.
191-18;Arrampicata;2;Quali regole devi seguire per mantenere il tuo equilibrio in arrampicata?;Tre punti;Mano piena;Quadrato interno;Tempo zero;Consiste nel mantenere costantemente almeno tre punti di supporto durante la progressione (due piedi una mano o due mani un piede).
191-22;Arrampicata;3;Quale scalatore di alto livello viene comunemente chiamato Spiderman francese?;Alain Robert;Patrick Edlinger;Charles Albert;Jeff Mercier;Alain Robert è specializzato nell'arrampicata da solista e poi nella costruzione di arrampicata, anche in assoli da solista.
191-26;Arrampicata;3;Qual è il nome del percorso più famoso realizzato da Fred Rouhling?;Akira;Silenzio;Dreamtime;Hubble;Nel 1995, Fred Rouhling ha aperto Akira e ha offerto la valutazione intempestiva di 9b, che porterà a molte reazioni degli scalatori.
191-27;Arrampicata;3;Quale nodo dovrebbe essere usato per calarsi in corda doppia con un moschettone ovale?;Mezzo Verricello;Naso in otto;Arco della sedia;Nodo piano;Questo nodo può essere utilizzato per garantire uno scalatore o la sostituzione di uno scivolo quando si è perso.
191-28;Arrampicata;3;In quale modalità di arrampicata stiamo salendo su una pista non testata?;In vista;Flash;Trad;Urbano;Questa modalità di arrampicata per scalatori esperti è considerata più difficile che salire o arrampicare dopo il lavoro.
191-29;Arrampicata;3;Dal 1875, come si chiamava l'arrampicata?;Arrampicata;Vairon;Valdrague;Vantance;Questo nome deriva da diversi corridoi rocciosi del monte Salève, vicino a Ginevra, dove, dal 1862, gli scalatori si sono trovati amichevoli.
191-30;Arrampicata;3;Quale norma europea governa le strutture di arrampicata artificiale?;EN 12572;RG 165;BD 432;KC 8855;La Francia ha sviluppato un secondo standard, sperimentalmente nel 2005: lo standard XP P 90-312.
192-2;Mike Horn;1;Come si chiamava la moglie di Mike Horn, incontrata nel 1990 e ora deceduta?;Cathy;Marie;Sophie;Sandra;Nata in Nuova Zelanda, infermiera di formazione, Cathy ha incontrato il suo futuro amante in un caffè Château-d'Oex nel 1990.
192-7;Mike Horn;1;Quanti anni è durata la spedizione Pangea guidata da Mike Horn?;4 anni;3 anni;2 anni;5 anni;Dal 2008 al 2012, la spedizione Pangea ha viaggiato in tutto il mondo con centinaia di giovani dai 15 ai 20 anni che si sono succeduti a vicenda.
192-9;Mike Horn;1;Quanti numeri di lo stato selvaggio ha fatto Mike Horn prima di decidere di fermarsi?;Otto;Sei;Quattro;Dieci;Verranno scelti Michaël Youn, M.Pokora, Laure Manaudou, Ch. Dechavanne, Shy'm, Adriana Karembeu, Black M e Franck Gastambide.
192-12;Mike Horn;2;Come si chiama la prima figlia dell'esploratore Mike Horn?;Annika;Jessica;Francesca;Tatiana;Jessica, la seconda figlia di Mike e Cathy (che soccomberà al cancro al seno nel 2015), nascerà il prossimo anno.
192-18;Mike Horn;2;Quale isola del grande Nord Mike Horn del Canada ha attraversato con la sua famiglia?;Bylot;Hans;Cameron;Matty;Dal 1925, il Canada ha rivendicato parte dell'Artico tra 60 ° W e 141 ° di longitudine ovest, estendendosi fino al Polo Nord.
192-19;Mike Horn;2;Come viene chiamato anche Gasherbrum che ho inciso da Mike Horn nel 2007?;K5;K6;K7;K2;Gasherbrum I, noto anche come K5 o Hidden Peak, è l'undicesima montagna più alta del mondo.
192-21;Mike Horn;3;Quando ha ricevuto Mike Horn il premio Laureus come miglior atleta alternativo dell'anno?;2001;2003;2005;2007;Da solo per 18 mesi, Mike Horn conoscerà ogni tipo di avventura con Latitude Zero, il suo tour mondiale all'equatore.
192-22;Mike Horn;3;Quale picco in Himalaya ha raggiunto Mike Horn nel 2014?;Makalu;Manaslu;Annapurna;K2;Il Makalu è un picco himalayano che culmina a 8.485 metri sul livello del mare, al confine tra Tibet, Cina e Nepal.
192-23;Mike Horn;3;In quale sport il padre di Mike Horn ha fatto carriera?;Rugby;Calcio;Tennis;Golf;Dopo aver insegnato sport e giocare a rugby, suo padre morì all'età di quarantadue anni quando Mike aveva diciotto anni.
192-24;Mike Horn;3;Qual era il grado di Mike Horn nelle forze speciali sudafricane?;Tenente;Capitano;Sergente;Generale;Tornando alla vita civile, si è laureato nel campo della scienza del movimento umano presso l'Università di Stellenbosch.
192-25;Mike Horn;3;In quale paese Mike Horn ha creato il No Limit Activity Activity Centre?;Svizzera;Canada;Finlandia;Norvegia;Allo stesso tempo (1995), Mike Horn divenne un esperto per la formazione delle guide alpine svizzere.
192-29;Mike Horn;3;Quale profondo canyon di padre Mike Horn discese in hydrospeed?;Colca;Apurimac;Cotahuasi;Manseriche;In fondo al canyon (oltre 1 000 metri di degradato con Cabanaconde), il villaggio di Sangalle funge da rifugio per gli escursionisti.
195-1;Numeri;1;Quanti lavori ha eseguito Hercules per Eurystheus, King of Tiryns?;12;10;100;40;L'ebraico corrisponde a Ercole Romano, Fenice Melqart, Cerchio Artificiale e Kakasbo in Asia Minore.
195-3;Numeri;1;Qual è la differenza tra la 87 e la 86 piazza?;173;87;86;1;Ogni numero reale strettamente positivo è il quadrato di esattamente due numeri, uno strettamente positivo, l'altro strettamente negativo.
195-4;Numeri;1;Quante migliaia di passeggeri potrebbero tenere il Titanic a bordo?;3.000;2.000;1.000;4.000;Lo scafo del Titanic era dotato di sedici compartimenti stagni per proteggere la nave dai corsi d'acqua.
195-5;Numeri;1;In quale anno Carlo Magno fu incoronato imperatore a Roma?;800;900;700;600;Sovrano riformatore, culturalmente cosciente, protegge le arti e le lettere ed è all'origine del rinascimento carolingio.
195-6;Numeri;1;In misura, qual è il valore in millimetri di un pollice?;25 mm;32 mm;16 mm;45 mm;Il pollice è un'unità risalente al Medioevo, ora utilizzata per taglie di pneumatici o schermi di computer.
195-8;Numeri;1;Nella mitologia greca, quanti Argonauti hanno accompagnato Jason?;50;40;100;500;La piaga degli Argonauti ha dato origine a numerosi motivi ispirati abbastanza liberamente da diverse fonti di mito.
195-9;Numeri;1;In quale anno si è svolto il primo Festival di Cannes?;1946;1956;1966;1976;Il Festival è stato fondato nel 1946 su progetto di Jean Zay, Ministro dell'Istruzione Nazionale e delle Belle Arti del Fronte Popolare.
195-10;Numeri;1;Quanti anni ha trascorso Robinson Crusoe nella sua isola?;28;24;20;16;Robinson Crusoe è un romanzo inglese scritto da Daniel Defoe la cui storia è ispirata molto liberamente alla vita di Alexander Selkirk.
195-11;Numeri;2;Nel calcolo, quanti byte sono in un kilobyte?;1 024;256;512;32;Il termine è usato come unità di misura del computer per indicare la capacità di memorizzazione della memoria.
195-12;Numeri;2;In quale anno Michel Preud'homme ha vinto il Premio Lev Yachine?;1994;1992;1990;1988;Michel Preud'homme ha ricoperto la carica di allenatore dello Standard de Liège, dopo essere stato il direttore sportivo dello stesso club.
195-13;Numeri;2;Quanto il sito di Carnac ha i menhir nei suoi allineamenti?;2 934;2 394;1 934;1 394;Il sito Carnac si trova al limite settentrionale di Mor Braz, tra il Golfo di Morbihan a est e la penisola di Quiberon a ovest.
195-14;Numeri;2;Quanti sono finora noti i satelliti naturali attorno a Giove?;69;59;49;39;Giove è il secondo pianeta del Sistema Solare, dopo Saturno, con il maggior numero di satelliti naturali osservati.
195-15;Numeri;2;Quanto dista la linea di partenza dal primo ostacolo alla barriera dei 400 metri?;45 m;37 m;29 m;18 m;I migliori atleti di sesso maschile terminano la gara in circa 47 secondi e le atlete in circa 53 secondi.
195-16;Numeri;2;Quante partite ha giocato la squadra nazionale belga con Guy Thys?;100;80;120;140;Nato ad Anversa e figlio di Ivan Thys, Guy Thys è stato l'allenatore della squadra nazionale di calcio belga di maggior successo.
195-17;Numeri;2;Qual è la percentuale di silicio utilizzato nella composizione della corteccia terrestre?;25%;19%;8%;32%;Il silicio è comparativamente presente solo in quantità relativamente piccole nella materia che costituisce il vivente.
195-18;Numeri;2;Da quanti anni Ferdinand Marcos è stato presidente delle Filippine?;21;17;25;19;Marcos potrebbe essere considerato un esperto per l'erogazione di fondi: avrebbe allontanato miliardi di dollari dal Tesoro delle Filippine.
195-19;Numeri;2;Quanti spettatori possono oggi accogliere le arene di Verona?;22.000;19.000;16.000;13 000;Quasi tutte le sere da marzo a settembre, gli spettacoli hanno luogo e hanno il tema delle antiche lotte dei gladiatori.
195-20;Numeri;2;Quanti pezzi contenevano il palazzo imperiale nella Città Proibita?;9.999;8.888;7.777;6.666;La cifra di 9.999 è spiegata dal fatto che solo le loro divinità potevano costruire un palazzo con 10.000 pezzi.
195-21;Numeri;3;Qual è la lunghezza totale del Golden Gate Bridge a San Francisco?;1 280 m;1 146 m;1 073 m;996 m;Il Golden Gate Bridge fu, fino al 1964, il ponte sospeso più lungo del mondo e rimane un famoso monumento di San Francisco.
195-22;Numeri;3;Quante canzoni di Elvis Presley erano al primo posto nella hit parade americana?;18;16;14;12;Elvis ha contribuito a diffondere il nascente genere rockabilly, un energico mix di musica country e rhythm and blues.
195-23;Numeri;3;Nella mitologia greca, quanto ha visto il gigante Argos?;100;80;60;40;Ci sono sempre cinquanta che dormono e cinquanta che guardano, così che è impossibile ingannare la sua vigilanza.
195-24;Numeri;3;Quante volte l'area della Cina è più grande di quella del Giappone?;39;29;19;9;Dal 1945, il Giappone ha formato un arcipelago di 6.852 isole, le quattro più grandi delle quali sono Hokkaido, Honshu, Shikoku e Kyushu.
195-25;Numeri;3;Qual è la lunghezza della catena montuosa delle Ande a 6.962 metri?;7.100 km;6.700 km;8.300 km;9.700 km;La Cordigliera delle Ande inizia in Venezuela e attraversa poi Colombia, Ecuador, Perù, Bolivia, Cile e Argentina.
195-26;Numeri;3;Quanto dura il tunnel ferroviario giapponese di Seikan?;53 km;42 km;37 km;29 km;Il tunnel di Seikan è leggermente più lungo del tunnel sotto la Manica e ha una sezione di 23,3 km sotto il fondo del mare.
195-28;Numeri;3;Quanti soldati ha l'esercito sepolto dell'Imperatore Qin?;8.000;6.000;4.000;10.000;I colori minerali sono stati applicati dopo la cottura sulle statue, rendendo così possibile distinguere le diverse unità.
195-29;Numeri;3;In quale anno Nicolas Appert ha scoperto il barattolo di latta?;1795;1829;1847;1902;L'inscatolamento può essere definito come un processo di conservazione che consiste nella sterilizzazione a caldo delle merci deperibili.
195-30;Numeri;3;Qual è il numero di isole presenti in tutta la Finlandia?;180.000;160.000;140.000;120.000;La maggior parte delle isole si trova nel sud-ovest, nell'arcipelago di Aland e lungo la costa meridionale del Golfo di Finlandia.
196-1;Alan Turing;1;Quale macchina ha fatto crittografare Alan Turing durante la seconda guerra mondiale?;Enigma;Delilah;ENIAC;Deep Blue;Enigma è una macchina elettromeccanica portatile utilizzata per la crittografia e la crittografia delle informazioni.
196-4;Alan Turing;1;Quale programma di Turing scrisse nel maggio del 1952 per realizzare il suo famoso test?;Gioco di scacchi;OXO;Signore;Gioco d'oca;Non avendo un computer abbastanza potente per eseguirlo, Alan Turing simulava i calcoli della macchina.
196-5;Alan Turing;1;Il lavoro di quel fisico fu ispirato da Alan Turing nel 1928?;Albert Einstein;Lev Landau;Arthur Compton;Werner Heisenberg;Il lavoro di Einstein sfidava gli assiomi di Euclide e le leggi della meccanica celeste di Galileo e Newton.
196-6;Alan Turing;1;In quale sistema operativo per computer è stato implementato l'algoritmo di crittografia Enigma?;UNIX;Windows;Mac OS;Android;Questo comando integrato era usato da laboratori civili e militari che credevano di proteggere le loro comunicazioni.
196-9;Alan Turing;1;Quale di queste lingue informatiche non è completa con Turing?;SQL;C;Java;Python;Si dice che un linguaggio completo di Turing rappresenti tutte le funzioni computabili nel senso di Turing e Church.
196-11;Alan Turing;2;Che cosa ha senso imitare una macchina che fa il test di Turing?;Conversazione;Disegno;Movimento;Silhouette;Il test di Turing è una proposta di test di intelligenza artificiale basata sulla capacità di una macchina di imitare la conversazione umana.
196-13;Alan Turing;2;Perché Alan Turing ha fatto causa nel 1952?;La sua omosessualità;La sua conoscenza;I suoi soldi;La sua religione;Per evitare la prigione a seguito di una notizia legata alla sua omosessualità, Alan Turing ha scelto la castrazione chimica prendendo gli estrogeni.
196-15;Alan Turing;2;Quale franco-americano ha realizzato il film franco-britannico del 1982 Enigma?;Jeannot Szwarc;Olias Barco;Alexandre Aja;Didier Caron;Il film Enigma presenta un bellissimo poster con, tra gli altri, Martin Sheen, Brigitte Fossey, Sam Neill e Michael Lonsdale.
196-16;Alan Turing;2;Chi ha pubblicato il romanzo Ovvio Indecenza sulla vita di Turing?;David Lagercrantz;Björn Larsson;Ulf Durling;Patrick Boman;Lagercrantz è noto per aver scritto una biografia di Zlatan Ibrahimovic e il romanzo poliziesco What not not kill me.
196-17;Alan Turing;2;In quale città era Alan Turing, nato il 23 giugno 1912?;Londra;Sydney;Stoccolma;Bruxelles;Era nato per l'ufficiale dell'amministrazione coloniale Julius Mathison Turing e sua moglie Ethel Sarah Turing (nata Stoney).
196-18;Alan Turing;2;Molto giovane, per quanto tempo Alan Turing ha imparato a leggere da solo?;3 settimane;2 mesi;6 giorni;1 anno;All'inizio, il giovane Turing mostrò segni del suo genio e una prima affinità per i numeri e la risoluzione dell'enigma.
196-21;Alan Turing;3;Da quale anno è stato assegnato annualmente il Premio Turing?;1966;1976;1986;1996;Il premio è assegnato a persone che hanno dato un contributo scientifico significativo nel campo della ricerca sui computer.
196-23;Alan Turing;3;Quale codificatore vocale è stata creata da Alan Turing?;Delilah;Enigma;Frontera;Kaneda;Turing scoprì nel 1943 il progresso delle tecnologie elettroniche avviando una missione di crittanalista.
196-24;Alan Turing;3;A quali modelli sarà interessato Alan Turing alla fine della sua vita?;Morfogenesi;Termogenesi;Biogenesi;Endurogenesi;La morfogenesi è l'insieme di leggi che determinano la forma, la struttura dei tessuti, degli organi e degli organismi.
196-25;Alan Turing;3;In quale anno la regina Elisabetta II concesse a Turing postumo?;2013;2003;1993;1983;Dopo la decifrazione della macchina Enigma, Alan Turing sarà riconosciuto come eroe di guerra solo 55 anni dopo la sua morte.
196-26;Alan Turing;3;Quante pagine contiene il manoscritto di Turing venduto nel 2015?;56;132;247;398;Alan Turing aveva pubblicato i suoi articoli, tra cui alcuni pensieri sulla notazione di Leibniz al matematico Robin Gandy.
196-27;Alan Turing;3;Quale matematico di Cambridge ha contribuito a migliorare la bomba di Turing?;Gordon Welchman;John Herivel;Harry Hinsley;Hugh Foss;Una volta prodotto, la bomba divenne lo strumento fondamentale più automatizzato per gli attacchi di messaggi crittografati Enigma.
196-28;Alan Turing;3;Qual è il primo progetto dettagliato di un computer realizzato da Turing?;ACE;KDE;PGA;RAR;Turing, tuttavia, non sarà in grado di andare d'accordo con gli ingegneri elettronici NPL incaricati di costruire questa macchina.
196-29;Alan Turing;3;Quale macchina ha aiutato Turing a progettare un computer?;Colosso;Megalox;Gigante;Mastodonte;Costruito in undici mesi, Colossus consisteva di 1.500 e 2.400 tubi a vuoto e fatto 5.000 operazioni al secondo.
196-30;Alan Turing;3;Chi era il direttore di Hut 8 in assenza di Alan Turing?;Hugh Alexander;Raymond Keene;Stuart Conquest;William Potter;Dopo la seconda guerra mondiale, Hugh Alexander fu per vent'anni il capo della sezione H (crittanalisi) del GCHQ.
197-1;The Cure;1;Chi incarna senza dubbio la figura emblematica del gruppo The Cure?;Robert Smith;Roger O Donnell;Simon Gallup;Reeves Gabrels;All'età di cinque anni, Lol Tolhurst diventerà amico di Robert Smith e in seguito creerà la prima versione di The Cure.
197-2;The Cure;1;Quale movimento musicale è ancora associato a The Cure?;Nuova ondata;Rock;Pop;Danza;Nei primi anni '80, molte importanti band new wave sorsero dalle città di provincia nel sud dell'Inghilterra.
197-5;The Cure;1;Chi è l'unico membro presente dall'origine del gruppo The Cure?;Robert Smith;Roger O Donnell;Simon Gallup;Reeves Gabrels;Robert Smith è stato anche membro della giuria dell'International Songwriting Competition (ISC).
197-6;The Cure;1;Quale album è considerato la band più nera di The Cure?;Pornografia;Bloodflowers;Wish;Disintegrazione;Nonostante la sua atmosfera opprimente e gotica, questo album raggiungerà la Top 10 in Inghilterra e in Nuova Zelanda.
197-7;The Cure;1;In quale città della contea di Sussex si trova The Cure?;Crawley;Basildon;Chichester;Littlehampton;Crawley è fortemente influenzato dall'influenza dell'aeroporto di Londra Gatwick che occupa l'intera parte settentrionale della città.
197-8;The Cure;1;Quale strumento di accompagnamento è presente in The Cure?;Basso;Sassofono;Piano;Tromba;Il basso è, soprattutto a causa della particolare esecuzione di Simon Gallup, un componente essenziale della musica di The Cure.
197-9;The Cure;1;A quale etichetta musicale saranno conservati i Cure fino al 2001?;Fiction Records;Geffen Records;City Slang;Too Pure;Chris Parry, ex manager di Jam e direttore artistico di Polydor, voleva fondare la propria etichetta indipendente.
197-10;The Cure;1;Chi, per così dire, scrive i testi di tutte le canzoni di The Cure?;Robert Smith;Simon Gallup;Reeves Gabrels;Jason Cooper;Secondo Thierry Desaules, i testi dell'album Pornography sono semplicemente sublimi e di grande poesia.
197-12;The Cure;2;In che anno ha pubblicato la Cure Three Imaginary Boys?;1979;1981;1983;1985;The Melody Maker parlerà di questo album: The Eighties Start Here (Gli anni '80 iniziano qui).
197-14;The Cure;2;Chi diventerà il direttore delle clip di The Cure?;Tim Pope;Vincent Moon;Jonathan Glazer;Spike Jonze;Tim Pope ha anche prodotto spot pubblicitari, episodi di serie televisive, documentari e un cortometraggio.
197-16;The Cure;2;Quale membro del gruppo The Cure ha dovuto essere ricoverato in ospedale a seguito di un lutto?;Simon Gallup;Reeves Gabrels;Jason Cooper;Roger O'Donnell;Roberto Soave, Shelley, un bassista di Orphan, sarà responsabile del Wish Tour durante i concerti nel novembre 1992.
197-18;The Cure;2;Dopo la Fiction Records, con quale etichetta ha firmato The Cure nel 2003?;Geffen Records;Epic Records;Lava Records;Pablo Records;In occasione della fine del contratto con la Fiction Records arriva la compilation Greatest Hits che include due nuovi titoli.
197-21;The Cure;3;Quale di queste proposte non significa un album dal vivo di The Cure?;Dublino;Parigi;Inserimento;Concerto;Nel 2018, The Cure ha pubblicato ufficialmente 5 album live, 12 album in studio e 11 VHS / DVD, senza contare le numerose compilation.
197-24;The Cure;3;In quale anno i Cure sono apparsi per la prima volta in Sud America?;1987;1989;1985;1983;In questo momento, The Cure è stato insignito del titolo di miglior gruppo straniero dell'anno in Brasile dopo otto concerti.
197-25;The Cure;3;Chi si è unito a The Cure poco prima del tour mondiale Kissing Tour?;Roger O'Donnell;Tim Kingsbury;Chris Pitman;Andy Bown;Nell'introduzione, un cortometraggio di cinque minuti mostra primi piani della bocca e degli occhi di Robert Smith.
197-27;The Cure;3;Quale emettitore radio è apparso nella banda FM inglese nel 1990?;Cure FM;Smith FM;Wish FM;Day FM;Questa stazione, ospitata dai membri stessi dei Cure, aveva lo scopo di promuovere Mixed Up, un disco di remix.
197-28;The Cure;3;Chi ha regalato The Cure the Godlike Genius Award nel 2009?;Tim Burton;Robert De Niro;Sean Penn;Stephen Frears;The Cure ha ricevuto questo premio per l'intero NME Awards per mano di Tim Burton, che è stato ispirato dal gruppo.
197-30;The Cure;3;In quale anno The Cure ha ricevuto il Brit Award come migliore band britannica?;1991;1993;1995;1997;The Cure ha anche ricevuto un MTV Video Music Award, un Juno Award, un NME Award e diversi Grammy Awards.
199-1;Vulcani attivi;1;Quale vulcano si trova nel nord della Sicilia?;Stromboli;Vésuve;Pinatubo;Villarrica;La parte attualmente attiva del vulcano era formata meno di cinquemila anni fa ed è in eruzione quasi continua.
199-3;Vulcani attivi;1;Quale vulcano è rispettosamente chiamato Don Gregorio dalla gente del posto?;Popocatepetl;Aracar;Goreli;Dempo;Secondo la tradizione locale, il Popocatepetl sarebbe nato il 12 marzo, una data che raggiunse il Concilio Vaticano II nel giorno della festa di San G
199-4;Vulcani attivi;1;Quale vulcano ha venticinque cines che puntano sui suoi fianchi?;Villarrica;Mahawu;Pinatubo;Sundoro;La sua ultima grande eruzione, nel 1971, ha aperto una fessura di 4 km di larghezza, dalla quale scorrevano 30 milioni di metri cubi di lava.
199-5;Vulcani attivi;1;Quale vulcano sottomarino ha lo stesso nome di un famoso porto della Francia?;Le Havre;Marsiglia;Dunkerque;Brest;Quando scoppiò a metà luglio 2012, Le Havre produsse grandi quantità di pomice che formavano zattere.
199-7;Vulcani attivi;1;L'eruzione di quello che il vulcano ha causato sulla Terra un raffreddamento generale di 0,6°C?;Pinatubo;Misti;Rasshua;Kurub;Il pedaggio umano, che ammonta a meno di 1 000 morti, è stato relativamente limitato grazie all'evacuazione efficace delle popolazioni.
199-8;Vulcani attivi;1;Quale vulcano italiano ad un'altitudine di 1.281 metri confina con il Golfo di Napoli?;Vesuvio;Stromboli;Pinatubo;Villarrica;Il Vesuvio è all'origine della distruzione delle città di Pompei, Ercolano, Oplonti e Stabies, sepolto il 24 agosto 79.
199-9;Vulcani attivi;1;Quale vulcano con tre cime è molto vicino a Novarupta?;Tridente;Tenorio;Tecapa;Tanaga;R. F. Griggs di nome Trident si trova nel Katmai National Park e Reserve, tra il Monte Katmai e il Monte Mageik.
199-10;Vulcani attivi;1;Quale di questi vulcani si trova su un'isola dell'Alaska?;Cleveland;Kambalny;Poas;Pinatubo;Poiché la regione fu attraversata dall'Occidente alla fine del diciannovesimo secolo, Mount Cleveland ha vissuto 19 eruzioni.
199-11;Vulcani attivi;2;Quale vulcano potrebbe coprire nuovamente la città di Quito con le ceneri?;Reventador;Cotopaxi;Ambae;Epi;La storia del Reventador è una miscela di fasi di costruzione e distruzione di un cono, per collasso laterale.
199-14;Vulcani attivi;2;Quale vulcano in Costa Rica ha avuto 39 episodi di eruzione tra il 1828 e il 2018?;Poas;Olca;Sirung;Pago;Il cratere principale dello stratovulcano oggi ospita un lago acido che emette regolarmente fumi sulfurei tossici.
199-16;Vulcani attivi;2;Quale eruzione del 1912 causò un indebolimento del monsone in Asia?;Novarupta;Hekla;Sumaco;Mauna Iki;Durante questa eruzione vulcanica di indice esplosivo di 6, un picco vulcanico si forma a nord-ovest.
199-17;Vulcani attivi;2;Quale vulcano degli Stati Uniti è il vulcano più alto del mondo?;Mauna Loa;Marapi;Tecapa;Vanua Lava;Il Mauna Loa sorge a 17 chilometri sopra la sua base, che sprofonda nel fondo dell'oceano.
199-18;Vulcani attivi;2;Quale vulcano attivo a Sulawesi non ha un cratere?;Lokon;Yucamane;Ulawun;Tongkoko;I due vulcani di Lokon e Empung sorgono a circa 800 metri sopra la piana di Tondano.
199-19;Vulcani attivi;2;Quale vulcano si trova a cavallo del confine tra Bolivia e Cile?;Olca;Surtla;Mat Ala;Pago;Consiste di diverse bocche eruttive allineate con flussi di lava lunghi fino a cinque chilometri.
199-20;Vulcani attivi;2;Per gli hawaiani, quale vulcano è la casa di Pélé?;Kilauea;Popocatepetl;Yasur;Calbuco;Il vulcano è stato monitorato e studiato dalla creazione dell'Osservatorio Vulcanologico delle Hawaii nel 1912.
199-23;Vulcani attivi;3;Quale vulcano Vanuatu ha una bassa quota di 361 metri?;Yasur;Alayta;Colo;Guallatiri;Per molti turisti è possibile salire sulla cima del vulcano e osservare le eruzioni permanenti.
199-24;Vulcani attivi;3;Quale vulcano delle Ande peruviane si traduce come lingua di fuoco in quechua?;Sabancaya;Sarigan;Nabukelevu;Lopevi;Il vulcano Sabancaya si trova nella regione di Arequipa, a sud del Perù, nella zona vulcanica centrale delle Ande.
199-26;Vulcani attivi;3;Quale vulcano fa parte della riserva nazionale di Llanquihue in Cile?;Calbuco;Nissiros;Lewotolo;Salak;La prima salita fu fatta nel 1859 da Jean Renous, che fu anche il primo a raggiungere la vetta del vulcano Osorno.
201-2;Supereroine;1;Quale supereroe ha il potere di essere teletrasportato su grandi distanze?;Lampeggia;Chiave;Notturno;Thundra;La popolarità di questo personaggio alternativo, scomparso dopo un anno, ha portato al ritorno nel 2009 della versione originale.
201-4;Supereroine;1;Quale ibrido mistico può fluttuare naturalmente nell'aria?;Cléa;Mega Mindy;Tigra;Elsa Bloodstone;Il personaggio di Cléa ebbe adattamenti alternativi dopo Marvel 1602, Earth X, Ultimate Marvel e Marvel Apes.
201-8;Supereroine;1;Quale gatto-donna possiede resistenza e agilità sovrumana?;Tigra;Miss Hulk;Kamala Khan;Jolt;Il suo stato di moglie-gatto rende lo spirito di Tigra più difficile da controllare per qualcuno con potere telepatico.
201-10;Supereroine;1;Quale Atlante dell'Universo Marvel può sollevare fino a quattordici tonnellate in aria?;Andromeda;Lampeggia;Cifra;Cacciatrice;Grande guerriera, la sua arma preferita è il tridente, ma conosce perfettamente tutte le tecniche di combattimento di Atlantide.
201-12;Supereroine;2;Quale donna può sopravvivere nel freddo gelido dello spazio senza una tuta?;Ganymède;Kamala Khan;Sif;Gwen Tennyson;Una guerriera di prim'ordine, usa un grosso bastone in azione con il quale, concentrandosi, può erogare potenti esplosioni.
201-13;Supereroine;2;Chi può trasformare il suo corpo fisico in elettricità vivente?;Jolt;Miss Hulk;Cybersix;Carol Danvers;In origine, Jolt ha un'agilità ipercinetica che le dà una velocità accelerata e una potenza di salto fenomenale.
201-14;Supereroine;2;Quale supereroe è stato mutato da una trasfusione di sangue?;Miss Hulk;Thundra;Ganymède;Cacciatrice;Con la sua pelle verde che resiste a proiettili e laser, Miss Hulk è stanca molto poco e non teme il freddo, il fuoco o le malattie.
201-16;Supereroine;2;"Chi nel 2012 è diventato l'eroina principale di ""Journey into Mystery""?";Sif;Cléa;Jessica Cruz;Kamala Khan;Sif ha le caratteristiche degli Asgardiani: resistenza, forza e resistenza superiori agli esseri umani.
201-19;Supereroine;2;Chi ottiene i suoi poteri dalla gemma di suo padre attaccata al suo collo?;Elsa Bloodstone;Ganymède;Cifra;Lampeggia;Sessanta chili, occhi azzurri, capelli biondi, la bella e feroce Elsa è la figlia del famoso cacciatore di mostri Ulisse Bloodstone.
201-21;Supereroine;3;Quale donna artificiale è scappata per sfuggire al suo creatore?;Cybersix;Jolt;Ultra Girl;Gwen Tennyson;Cybersix si rifugiò in una città cupa, Meridiana, dove è cresciuta da ragazzo morto: Adrian Seidelman.
201-23;Supereroine;3;Quale supereroe può costruire tutto ciò che la sua mente desidera?;Jessica Cruz;Cifra;Clea;Darna;Membro della Lanterna Verde, Jessica può viaggiare indietro nel tempo grazie al suo anello, una caratteristica che ha ereditato da Volthoom.
201-26;Supereroine;3;Quale supereroe dai capelli rossi è uno stereotipo della super cagna?;Thundra;Ganymède;Lampeggia;Wonder Girl;Come Mantis, Power Girl e altri supereroi rilasciati hanno seguito il movimento di liberazione femminile degli anni '60.
201-27;Supereroine;3;Che nome aveva Sharon Ventura prima di essere nominata Miss Chose?;Miss Marvel;Carol Danvers;Cléa;Miss Hulk;Come risultato di una mutazione dovuta alle radiazioni cosmiche, assunse lo stesso aspetto di La Chose e fu soprannominata Miss Thing.
201-29;Supereroine;3;Quale ginnasta di talento fa parte dell'universo Ben 10?;Gwen Tennyson;Darna;Sif;Polaris;Ha i suoi avversari, che sono più contrari a lei di altri: Hex e l'Incantatrice.
201-30;Supereroine;3;Quale supereroe di Marte Ravelo era precedentemente chiamato Varga?;Darna;Cybersix;Polaris;Carol Danvers;La serie ha subito molti adattamenti nel suo paese, in serie di animazione come sotto forma di serie TV e film dal vivo.
202-3;Ceramica;1;In ceramica, che tipo di materiale utilizza per conservare i liquidi?;Grès;Intonaco;Céladon;Maledizione;L'uva, più nobile della terracotta, è al secondo posto nella produzione di ceramiche ad alta temperatura.
202-5;Ceramica;1;Quale materiale ai silicati è molto usato in ceramica?;Argilla;Maledizione;Limon;Sabbia;L'argilla idratata è malleabile, può essere modellata, diventa solida dopo l'essiccazione e il resto in modo permanente.
202-7;Ceramica;1;La ceramica di quale civiltà è universalmente nota per la porcellana?;Cinese;Greco;Francese;Peruviano;I grandi vasi blu e bianchi, che apparvero durante la dinastia mongola Yuan, si svilupperanno completamente sotto il Ming.
202-8;Ceramica;1;In ceramica, quale tecnica di formattazione utilizza solo le dita?;Modellazione;Scatto;Versare;Prova;Per la cottura, i diversi pezzi ottenuti vengono messi in forno a una temperatura di 1.
202-9;Ceramica;2;Quale civiltà pre-inca è meglio conosciuta per la ceramica?;Nazca;Patayan;Pipils;Valdivia;Poco colorati durante il periodo iniziale, sono di grande ricchezza policroma in seguito, tra il medio e il tardo Nazca.
202-14;Ceramica;1;Quale di questi termini è direttamente contrario a quello della terracotta?;Terra cruda;Argilla;Vecchia Terra;Terra chimica;Precedentemente alla terracotta, troviamo in tutte le civiltà una ceramica e mattoni fatti di fango.
202-15;Ceramica;2;Di che colore abbiamo con l'ossido di cobalto?;Blu;Rosso;Verde;Giallo;Il cobalto più puro è venuto a spese del Medio Oriente attraverso la Spagna, quella dell'Europa centrale che ha dato blues meno profondi.
202-16;Ceramica;2;Quale tecnica della ceramica sovrappone lunghe pozzanghere di argilla?;Colombin;Mirette;Rotolamento;Prenota;Il vasaio protegge i piccioni premendoli l'uno contro l'altro e leviga la superficie mentre la moneta sale.
202-17;Ceramica;2;Quale città del nord della Francia ha un museo dedicato alla pratica della ceramica?;Rouen;Caen;Le Havre;Dieppe;Questo museo, creato nel 1864 e con l'etichetta museo della Francia, si trova nell'hotel Hocqueville, vicino a piazza Verdrel a Rouen.
202-18;Ceramica;2;Quale disciplina è dedicata allo studio degli oggetti in ceramica?;Ceramologia;Tracciabilità;Palinologia;Griglia;La ceramologia comprende lo studio delle tecniche di fabbricazione (fabbricazione, cottura), le loro forme e quella dei motivi decorativi.
202-20;Ceramica;2;Quale tecnica ti consente di incollare elementi di forma diversa?;Barbotina;Riduzione;Calibrazione;Champlevé;Le maniglie di un vaso sono ad esempio modellate a parte e quindi assemblate allo slip sul corpo del vaso tornito.
202-21;Ceramica;3;Cos'è il filetto senza cottura tra 980° C e 1040° C?;Biscotto;Biscotte;Pane;Torta;Il biscotto di porcellana viene utilizzato per realizzare statuette, piani d'appoggio e riduzioni di statue.
202-22;Ceramica;3;Quale rivestimento a base di argilla può rendere più liscia una ceramica?;Engobe;Estèque;Chamotte;Lampadario;Poiché l'embobe contiene argilla sciolta, se fosse posata sulla ceramica asciutta, si spezzerebbe rapidamente.
202-23;Ceramica;3;Quale sapore verde oliva è caratteristico delle antiche ceramiche cinesi?;Celadon;Pernette;Mullite;Coquemar;Celadon (letteralmente porcellana verde) si riferisce a un colore e anche a un tipo di ceramica peculiare della Cina e dell'Estremo Oriente.
202-24;Ceramica;3;Quale ceramica fine e traslucida viene prodotta dal caolino?;Porcellana;Timbratura;Neriage;Albarelle;I caolini sono argille bianche, friabili e refrattarie, composte da caolinite o silicati di alluminio.
202-25;Ceramica;3;Quale e-mail giapponese marrone scuro viene talvolta chiamata camoscio?;Tenmoku;Dotaku;Nintoku;Daibutsu;Questa e-mail è ottenuta mescolando feldspato, gesso, argilla sferica, silice, bentonite e ossido di ferro rosso (ematite).
202-26;Ceramica;3;In ceramica, come si chiama il pellet di argilla disintegrato in acqua?;Barbotina;Raschiando;Mandrin;Fritte;L'arredamento con lo slip consiste nell'aggiungere degli slip in rilievo su una ceramica: la cosiddetta ceramica decorata con slip.
202-30;Ceramica;3;Quale architetto è noto per i suoi vetri architettonici vetrati?;Louis Sullivan;Victor Bourgeois;Jean Welz;Tony Garnier;A quel tempo, i disegni dell'architetto americano nato nel 1856 a Boston sarebbero stati impossibili da eseguire su qualsiasi altro mezzo.
204-1;PlayStation 2;1;Quale azienda ha commercializzato la console di gioco per PlayStation 2?;Sony;Microsoft;Nintendo;Sega;Sony Interactive Entertainment è una filiale di Sony specializzata nel settore video, con sede a San Mateo.
204-2;PlayStation 2;1;In quale anno la console di gioco PlayStation 2 è stata commercializzata in Francia?;2000;2002;2004;2006;La console era in diretta concorrenza con Sega Dreamcast, Nintendo GameCube e Microsoft Xbox.
204-3;PlayStation 2;1;In quale generazione di console del marchio Sony si trova la PS2?;Sesto;Quinto;Quarto;Terzo;Questa generazione è iniziata nel 1998 e si è conclusa nel gennaio 2013 con la sospensione della distribuzione PlayStation 2.
204-6;PlayStation 2;1;Quale variante estetica di PlayStation 2 è uscita nel 2004?;PS2 Slim;PS2 Fat;PS2 Boy;PS2 Grid;Questo nuovo modello di silhouette sottile è stato introdotto il 1 ° novembre 2004 in Nord America ed Europa.
204-7;PlayStation 2;1;Quale saga è stata la più venduta tra i videogiochi disponibili su PS2?;"""Gran Theft Auto""";"""Dragon Quest""";"""God of War""";"""Final Fantasy""";A causa del suo contenuto violento e della presenza di un minigioco sessuale, il gioco è stato bandito sotto i 18 anni.
204-8;PlayStation 2;1;Come è stata qualificata la PS2, accettando i giochi PlayStation?;Rinnovabile;Pilota automatico;Ammissivo;Ascensionale;I problemi di compatibilità sono comuni nei computer a causa della rapida evoluzione di hardware e software.
204-9;PlayStation 2;1;Quale gamepad ufficiale è apparso sul DualShock?;DualShock 2;Bongo DK;Kinect;Wavebird;I pulsanti sono diventati analogici (tranne L3, R3 e Analog) e il controller ha prodotto due livelli di vibrazione extra.
204-10;PlayStation 2;1;Quali microfoni potresti collegare alla PS2 per trasformarlo in un dispositivo karaoke?;SingStar;Kinec;DualShock;KaraMic;"""SingStar"" è una serie di videogiochi di karaoke sviluppata da SCE London Studio e pubblicata da Sony Computer Entertainment."
204-11;PlayStation 2;2;Con quale console di Sega la PlayStation 2 era in competizione diretta?;Dreamcast;GameCube;Xbox;Saturno;Successore di Saturno, Dreamcast è stata la prima console di sei generazioni sul mercato, davanti ai suoi concorrenti.
204-12;PlayStation 2;2;Quante PS2 sono state vendute solo due giorni dopo il rilascio in Giappone?;980 000;790 000;560 000;360.000;La PlayStation 2, la console domestica più venduta, ha un totale di 150 milioni di copie spedite al 31 gennaio 2011.
204-13;PlayStation 2;2;Quanti titoli di videogiochi sono disponibili nel catalogo PS2?;10 828;8 627;6 742;4 996;La Sony sostiene che 1,52 miliardi di copie di questi titoli sono stati venduti dal lancio della console il 4 marzo 2000.
204-14;PlayStation 2;2;Qual è stato il prezzo di lancio di PlayStation 2 in Francia?;450 ;560 ;620 ;740 ;Il prezzo della console è stato ridotto a 300 nel 2001, 249 nel 2003, 199 nel 2004, 149 nel 2005, 129 nel 2006 e 99 nel 2009.
204-16;PlayStation 2;2;Quando è stata interrotta la produzione di PS2 nel mondo?;2013;2014;2015;2016;La produzione della console è stata interrotta il 30 novembre 2012 e la Sony ha annunciato la cessazione della distribuzione sul territorio giapponese
204-17;PlayStation 2;2;Quanti processori principali includevano la PlayStation 2?;Tre;Due;Quattro;Cinque;La PlayStation 2 aveva molti processori da utilizzare in parallelo, il che rendeva una console piuttosto difficile da programmare.
204-19;PlayStation 2;2;Quale sistema operativo potrebbe essere installato su PS2?;Linux;Windows;Mac OS;Android;Sony ha rilasciato un kit che include un disco rigido da 20 GB, un mouse, una tastiera, una scheda etere, due DVD e una distribuzione Linux.
204-20;PlayStation 2;2;Qual era il peso del modello slim di PlayStation 2?;900 g;1200 g;600 g;1500 g;Questa modifica è associata all'esternalizzazione dell'alimentatore e alla rimozione del pulsante ON / OFF sul retro.
204-22;PlayStation 2;3;Quale tecnologia era la scheda di memoria da 8 MB per PS2?;MagicGate;CGMS;Denuvo;Viaccess;MagicGate è un sistema di protezione creato e introdotto nel 1999 da Sony nelle sue schede di memoria, in particolare nella sua Memory Stick.
204-24;PlayStation 2;3;Quale ingegnere giapponese ha guidato lo sviluppo di PlayStation 2?;Ken Kutaragi;Hideo Shima;Hiromu Naruse;Yamao Yozo;Ha aperto lo studioCellius, filiale 51 % di Namco Bandai e 49 % di Sony, le cui attività sono incentrate sul processoreCell.
204-27;PlayStation 2;3;Quanti poligoni potrebbe calcolare PS2 al secondo?;66.000.000;800;7.000;40.000;La FPU e le unità di elaborazione vettoriale VU0 e VU1 a 128 bit hanno consentito alla console di raggiungere 6,2 GFLOPS.
204-28;PlayStation 2;3;Quale stazione multimediale è stata lanciata da Sony in Giappone nel 2003?;PSX;PSG;PSM;PSR;Ha funzionato come console di gioco per PlayStation e PlayStation 2, masterizzatore DVD, sintonizzatore TV e lettore digitale tramite il suo disco rig
204-29;PlayStation 2;3;Quale piccola fotocamera adattabile per PS2 è stata sviluppata da Sony?;EyeToy;SmallCam;FunPlay;Kinect;EyeToy è stato prodotto principalmente da Logitech, sebbene le nuove versioni siano state successivamente sviluppate da Nam Tai.
205-1;Coca-Cola;1;Quale prodotto Coca-Cola è un concorrente diretto di 7 Up di PepsiCo?;Sprite;Fanta;Bonaqua;Nalu;Lo sprite contiene: acqua gassosa, zucchero e acidificanti? (acido citrico, citrato di sodio e aromi naturali di limone e lime).
205-2;Coca-Cola;1;Quale succo di frutta è in guerra con il suo concorrente Tropicana?;Minute Maid;Joker;Oasi;Andros;Ora era possibile mangiare succo d'arancia fresco in qualsiasi momento dell'anno e lontano dalle regioni produttrici.
205-3;Coca-Cola;1;Quale marca di acqua minerale belga appartiene al gruppo Coca-Cola?;Chaudfontaine;Bru;Spa;Valvert;La fonte di Chaudfontaine si trova nella città belga di Chaudfontaine, nella regione vallona.
205-5;Coca-Cola;1;Quale Coca-Cola senza zucchero si rivolge a un pubblico particolarmente maschile?;Zero;Blak;Ciliegia;Vita;Come la Coca Light, la sua ricetta rilasciata nel 2007 in Francia utilizza aspartame e acesulfame-k invece di zucchero.
205-6;Coca-Cola;1;Quale bevanda è anche conosciuta come Diet Coke?;Coca-Cola Light;Coca-Cola Zero;Coca-Cola Life;Coca-Cola BlaK;Introdotto in Francia nel 1988, il marchio Diet Coke è stato lanciato negli Stati Uniti nel Giorno dell'Indipendenza nel 1982.
205-7;Coca-Cola;1;Quale variante di Coca-Cola è stata messa in vendita dopo il classico e la luce?;Ciliegia;Vita;Zero;BlaK;La Coca-Cola ha quindi creato altre Coca-Cola aromatizzate: Vaniglia, Limone (Limone), Lime (Lime), BlaK (Caffè) e Sango (Arancia).
205-8;Coca-Cola;1;Da quale anno Coca-Cola è un marchio registrato?;1887;1913;1932;1947;Prende il nome dalla sua prima composizione: la foglia di coca e l'uso della noce di cola, una bevanda poi venduta dal suo inventore.
205-9;Coca-Cola;1;Quale bevanda energetica della Coca-Cola viene venduta nel Benelux?;Nalu;Red Bull;Monster;Rodeo;Sviluppato nel centro di ricerca e sviluppo della Coca-Cola Anderlecht, è prodotto a Gand e viene venduto in Belgio e Lussemburgo.
205-11;Coca-Cola;2;In quale città della Georgia si trova l'attuale sede della società Coca-Cola?;Atlanta;Albany;Dalton;Brunswick;All'inizio del 2012, la Coca-Cola era la terza più grande azienda agroalimentare al mondo in termini di fatturato.
205-13;Coca-Cola;2;Quante marche di bevande gestisce oggi la Coca-Cola?;500;400;300;200;Il 24 dicembre 2014, il Wall Street Journal ha annunciato che la società aveva pianificato di tagliare tra 1.000 e 2.000 posizioni.
205-14;Coca-Cola;2;Qual è stato, in miliardi di euro, il fatturato dell'azienda Coca-Cola nel 2016?;38;32;44;26;Nel 2012, gli unici due paesi in cui la coca cola non poteva essere commercializzata erano la Corea del Nord e Cuba.
205-16;Coca-Cola;2;Quale bevanda progettata per lo sport è commercializzata dalla Coca-Cola?;Acquario;Isostar;Gatorade;Sporteus;Questa bevanda sportiva è stata commercializzata nel 1983 in Giappone in risposta a una bevanda simile chiamata Pocari Sweat.
205-17;Coca-Cola;2;Quale versione di Coca-Cola si basa sull'uso della stevia?;Vita;Zero;BlaK;Ciliegia;Avendo un sapore simile a quello di Stevia, che ha influenzato il gusto della bevanda, la composizione del prodotto è stata quindi modificata.
205-19;Coca-Cola;2;Quale formula di Coca-Cola è stata un grave fallimento commerciale?;New Coke;Coca-Cola Light;Coca-Cola Zero;Coca-Cola Life;L'accettazione da parte del pubblico del cambio di formula è stata negativa e New Coke è stato considerato un grave fallimento del marketing.
205-20;Coca-Cola;2;Quale versione di Coca-Cola ha un gusto arricchito nel caffè?;BlaK;Ciliegia;Vita;Zero;La Coca-Cola Company ha lanciato Coca-Cola BlaK per competere con Pepsi Maxcappuccino di PepsiCo.
205-21;Coca-Cola;3;Chi era CEO di Coca-Cola dal 1 ° gennaio 2017?;Muhtar Kent;Serdar Bilgili;Fikret Orman;Osman Kavala;Nel 1979, Muhtar Kent iniziò la sua carriera come distributore di prodotti Coca-Cola negli Stati Uniti.
205-22;Coca-Cola;3;Chi ha disegnato la forma della specifica bottiglia di vetro del marchio Coca-Cola?;Raymond Loewy;Jerry Manock;Milton Glaser;David Rockwell;Raymond Loewy, nato a Parigi nel 1893, è un designer industriale e grafico francese che è diventato franco-americano dopo la sua naturalizzazione.
205-23;Coca-Cola;3;Quanto c'è nel mondo dei diversi gusti di Fanta?;70;50;30;10;La Fanta Shokata è un aroma derivato da La Socata, una bevanda tradizionale rumena a base di fiore di cervo.
205-24;Coca-Cola;3;Chi ha proposto a John Stith Pemberton il nome di Coca-Cola per la sua bevanda futura?;Frank Robinson;Barry Diller;James Quincey;Ronald Allen;Il ragioniere di Pemberton gli ha offerto il nome di Coca-Cola e il design del logo, Haddon Sundblom-Illustra, per il suo Natale.
205-25;Coca-Cola;3;Quale acqua di rubinetto purificata viene venduta dalla Coca-Cola?;Dasani;Finley;Powerade;Brucia;Il marchio vendeva acqua del Tamigi purificata aggiungendo cloruro di calcio, contenente bromuro, filtrata tre volte.
205-27;Coca-Cola;3;"Quale prodotto ha per lo slogan: ""Cola bacia l'arancia""?";Mezzo Mix;Enviga;Dasani;BlaK;Mezzo Mix è un prodotto di Coca-Cola venduto solo in Germania, Austria, Finlandia, Belgio e Svizzera.
205-29;Coca-Cola;3;Quale bevanda contiene catechine estratte dal tè verde?;Enviga;Cheerios;Lanvin;Noci;Enviga è una bevanda analcolica e non alcolica che, secondo i suoi produttori, brucia più calorie di quelle che fornisce.
206-1;Magnesio;1;Qual è il simbolo chimico del magnesio, riconosciuto nel 1755?;Mg;Ma;Mm;Sig.ra;Il magnesio è il nono elemento più abbondante nell'universo e l'ottavo elemento più abbondante della crosta terrestre.
206-3;Magnesio;1;Quanto costa l'assunzione giornaliera stimata di magnesio nell'uomo?;300 mg;150 mg;450 mg;600 mg;La quantità consigliata è doppia per gli atleti o le donne in gravidanza: può essere calcolata con 6 mg per kg di peso corporeo.
206-4;Magnesio;1;In quale contesto è energia e inquinanti al magnesio?;Riciclaggio;Consumo;Rettifica;Scioglimento;Il magnesio è l'ottavo elemento più abbondante della crosta terrestre e il quarto elemento più comune della Terra.
206-5;Magnesio;1;Qual è l'origine della nostra principale fonte alimentare di magnesio?;Cereale;Animale;Chimico;Minerale;I prodotti a base di cereali sono presenti a tutti i pasti, sono quelli che coprono la maggior parte delle esigenze quotidiane del corpo.
206-6;Magnesio;1;Quale di questi alimenti è il più ricco di magnesio?;Frutti di mare;Spinaci;Cacao;Carouble;Nel 2011, sono stati trovati resti di conchiglie, indicando che l'uomo di Neanderthal ha mangiato frutti di mare.
206-11;Magnesio;2;Qual è il numero atomico di magnesio nella matrice di elementi?;12;24;36;48;La tavola periodica degli elementi rappresenta tutti gli elementi chimici, ordinati per decrescenza atomica atomica.
206-12;Magnesio;2;Chi nel 1755 ha riconosciuto il magnesio come elemento?;Joseph Black;James Young;James Keir;John Stenhouse;Questo chimico scozzese è passato alla siccità per aver decompresso i concetti di calore latente e calore specifico.
206-14;Magnesio;2;Contro cosa viene usato il magnesio nella marina?;Corrosione;Muffa;Mal di mare;Tangage;Utile contro la corrosione di altri metalli immersi, il suo utilizzo è comune per la protezione degli scafi di imbarcazioni.
206-15;Magnesio;2;Quanto magnesio contiene 100 grammi di sale Nigari?;11 500 mg;2 600 mg;840 mg;1 mg;Nigari, una polvere bianca o cristalli, viene usato come coagulante per la preparazione del tofu di latte di soia.
206-16;Magnesio;2;Quanto magnesio deve produrre un adulto in modo naturale?;0 mg;250 mg;500 mg;750 mg;Il consumo eccessivo di magnesio dal corpo umano che viene eliminato nelle urine, il magnesio si accumula quindi solo molto poco.
206-17;Magnesio;2;Che effetto provoca l'ingestione di grandi quantità di magnesio?;Lassativo;Emozionante;Anabolico;Sonnolento;Un eccesso di avvelenamento da magnesio può verificarsi nei bambini e nel caso di persone con insufficienza renale.
206-18;Magnesio;2;Cosa si chiama comunemente ossido di magnesio?;Magnesia;Allumina;Urane;Protossido;È sotto forma di una polvere bianca molto forte che assorbe acqua e anidride carbonica dall'atmosfera.
206-19;Magnesio;2;Qual è il gusto del solfato di magnesio naturale idrato?;Amaro;Dolce;Salato;Pepato;Il solfato di magnesio, altamente solubile, considerato un potente farmaco lassativo, è notato da un gusto amaro.
206-20;Magnesio;2;Qual è il contenuto di magnesio di 100 grammi di alghe?;2500 mg;500 mg;1000 mg;1500 mg;Le alghe sono una parte importante dell'ecologia acquatica e dell'ambiente marino, insieme a batteri e ostriche.
206-21;Magnesio;3;Qual è il numero di cloruro di magnesio usato come additivo alimentare?;E511;E312;E442;E227;Gli additivi alimentari sono prodotti che vengono aggiunti agli alimenti umani e/o animali per modificarne consistenza e gusto.
206-22;Magnesio;3;Quanti enzimi nel corpo umano è essenziale per il magnesio?;300;200;100;400;Essenziale per cellule ed enzimi, il magnesio è l'undicesimo elemento più abbondante nel corpo umano.
206-24;Magnesio;3;Quanti isotopi conosciuti possiamo associare al magnesio?;22;11;33;44;Gli isotopi sono i nuclei che condividono lo stesso numero di protoni ma che hanno un diverso numero di neutroni.
206-25;Magnesio;3;Quale quantità di magnesio contiene normalmente un corpo adulto?;24 g;48 g;72 g;96 g;Poiché il corpo contiene solo circa lo 0,3 % del magnesio del corpo, non può essere utilizzato per diagnosticare la carenza di magnesio.
206-27;Magnesio;3;A quale temperatura vaporizza il magnesio?;1.200° C;1.000° C;800° C;600° C;La reazione di riduzione è di 1200° C e un vuoto di 0,1 torr: il magnesio vaporizza e viene raccolto con una purezza del 99,99 %.
206-28;Magnesio;3;Qual è la forma naturale minerale di idrossido di magnesio?;Brucite;Citral;Canfora;Nodimio;I principali depositi includono la cosiddetta Chrome Mine di Chrome e la Cedar Hill Quarry.
206-29;Magnesio;3;Qual è il contenuto di magnesio di 100 g di anacardi?;167 mg;67 mg;267 mg;367 mg;Il kernel del kernel è commestibile una volta cotto, ma crudo, è tossico per l'uomo a causa dell'urushiolo.
206-30;Magnesio;3;Quale lega G.H. Partin è composta per l'88,5 % di alluminio?;Partinium;Phynox;Kovar;Zicral;Il Partinium prefigura le leghe conosciute con il nome generale di Duralluminio, che sarà molto usato in aviazione.
207-2;La colazione;1;Quale bevanda mangiamo quasi ovunque in Europa al mattino?;Caffè;Té;Cioccolato;Birra;Il caffè può essere servito così com'è, mescolato con latte o panna o accompagnato da un pezzettino di cioccolato (napoletano).
207-3;La colazione;1;Quale colazione dolce include di solito una bevanda calda e pane?;Continentale;Anglosassone;Greco;Russo;Può essere aggiunto, soprattutto nei giorni festivi, viennoiseries, succo di frutta, yogurt, cereali dolci (muesli) o frutta.
207-5;La colazione;1;A colazione, quali zuccheri riescono a mantenere il tuo livello di prestazioni per la giornata?;Lento;Semplice;Veloce;Grasso;La colazione del mattino interrompe un pasto di dieci ore e prepara il corpo ai costi energetici della mattina.
207-6;La colazione;1;Quale colazione è più abbondante del pasto continentale?;Anglosassone;Russo;Norvegese;Croato;È composto da uova (sul piatto o strapazzate), pancetta, pomodori cotti, a volte funghi o patate.
207-12;La colazione;2;"Quale pittore dobbiamo il famoso dipinto intitolato ""Il pranzo sull'erba""?";Manet;Van Gogh;Renoir;Rembrandt;Le repliche di questo dipinto saranno realizzate da Monet, Cezanne, Picasso, Jacquet, Surian, Dubossarsky e Vinogradov.
207-13;La colazione;2;Cosa mangiavano i ricchi dell'antica Grecia a colazione?;Pane e vino puro;Cereali e acqua;Frutta e miele;Pesce e sciroppo;Mangiavano solo un pasto al giorno (la sera), il pranzo molto sostanzioso veniva considerato solo come una cena per cena.
207-14;La colazione;2;Nel gergo del turismo, come si chiama la colazione continentale?;Caffè completo;Caffè veloce;Caffè stretto;Ottima crema;È un pasto succulento composto da una bevanda calda: caffè, tè o cioccolato con latte per l'assunzione di calcio e proteine.
207-15;La colazione;2;Se non è tradizionale, come viene considerata la colazione in Giappone?;Occidentale;Orientale;Austral;Sud;La cucina giapponese è conosciuta in tutto il mondo attraverso sushi e sashimi in 30.
207-16;La colazione;2;Quale proporzione di americani salta, giustamente, la colazione?;Uno su cinque;Uno su tre;Uno su sette;Uno su nove;Sotto vari pretesti (mancanza di tempo), una parte della popolazione non mangia e beve solo un singolo drink.
207-18;La colazione;2;Che tipo di colazione è stata votata la migliore colazione da 36 paesi nel 2010?;Inglese;Francese;Italiano;Svizzera;La colazione inglese è nota per il suo ricco contenuto di grassi che fornisce circa un terzo delle esigenze quotidiane di un individuo.
207-22;La colazione;3;In quale anno la parola pranzo ha perso il suo accento circonflesso sulla lettera u?;1798;1837;1874;1903;"Il termine deriva dalla parola latina ""disjejunare"", che significa rompere il jeûne, ""jejunare"" corrispondente al verbo jeûner."
207-24;La colazione;3;Quanti piatti per il pranzo sono stati caricati a bordo del Titanic?;2.500;1.500;3.500;4.500;Durante il suo viaggio inaugurale da Southampton a New York, il Titanic fu distrutto colpendo un iceberg il 14 aprile 1912, alle 23:40.
207-25;La colazione;3;"Chi ha realizzato la scultura intitolata ""The Fur Lunch"", l'emblema del surrealismo?";Meret Oppenheim;Jane Marcet;Nelly Diener;Daisy Dussoix;Realizzata nel 1936, questa scultura fu immediatamente acquistata da Alfred H. Barr e da allora è stata conservata al Museum of Modern Art di New York
207-26;La colazione;3;"Quale compositore deve essere il brano musicale per pianoforte ""La Tartine de beurre""?";Mozart;Beethoven;Vivaldi;Brahms;Probabilmente opera apocrifa pubblicata nel diciannovesimo secolo, la parte della mano destra viene suonata con un dito su un ritmo valzer.
207-30;La colazione;3;Quale cocktail a volte bevuto a pranzo contiene succo d'arancia e champagne?;Mimosa;Bellini;Cavalletta;Daiquiri;La mimosa, servita in un flute di champagne brunch, è stata creata intorno al 1925 all'Hotel Ritz di Parigi da Frank Meier.
209-1;Gin;1;Il gin è una bevanda spiritosa abbastanza vicina a quale alcol ancestrale?;Ginepro;Triplo secco;Chartreuse;Schnaps;Il ginepro è uno spirito d'uva aromatizzato con bacche di ginepro tipiche dell'Europa settentrionale settentrionale.
209-2;Gin;1;Quante grandi varietà di gin ci sono nel mondo oggi?;Due;Tre;Quattro;Cinque;Le varietà sono il Genever (Gin olandese o belga) molto aromatizzato e il London Dry Gin (Gin) leggermente aromatizzato.
209-4;Gin;1;Quale variante di gin fizz contiene liquore di mente?;Fizz verde;Vecchio fizz;Fizz d'oro;Fizz d'argento;Gli ingredienti devono essere passati nello shaker con gelato, ad eccezione dell'acqua frizzante, versare e riempire con acqua gassata.
209-5;Gin;1;Cosa contiene l'acqua tonica che viene versata nel tuo gin tonic?;Chinino;Sulfadoxine;Ferroquine;Nivaquine;Estratto da un arbusto originario del Sud America, un tempo il chinino veniva utilizzato principalmente per la prevenzione della malaria.
209-6;Gin;1;Quale cocktail bianco, molto apprezzato dalle donne, è composto da gin?;White Lady;Negroni;Monaco;Baltimora;Con il suo colore bianco e il sapore secco, la donna bianca è composta da gin, triple sec e succo di lime.
209-7;Gin;1;Quale statista britannico era un bevitore di gin di eccezione?;Winston Churchill;Stanley Baldwin;Anthony Eden;Harold Wilson;"Fu Winston Churchill a dire: ""Gin Tonic salvò la vita a più inglese di tutti i dottori dell'Impero""."
209-8;Gin;1;Quale grande marca di gin rimane pioniera in questo senso?;Hendricks;Gordon;Bombay;Tanqueray;William Grant And Sons Ltd. è un'azienda familiare scozzese indipendente che distilla e distribuisce whisky scozzese e gin.
209-10;Gin;1;Che tipo di vetro è tradizionalmente usato per gin tonic?;Bicchiere;Tulipano;Palloncino;Flauto;Il bicchiere è un bicchiere a fondo piatto con una capacità di 25 cl, ideale per servire cocktail con long drink.
209-13;Gin;2;Quale cocktail ha il gin mescolato con la crema al cacao?;Alexander;Pink Love;Bandista;Stinger;La variante più comune di Alexander (o Alexander) è Brandy Alexander, usando cognac invece di gin.
209-16;Gin;2;Quale cocktail a base di liquore alla ciliegia contiene gin?;Casinò;Baltimora;Vesper;Macca;Questo liquore è prodotto storicamente nelle zone di Zara in Dalmazia, Torreglia, Padova e Friuli.
209-17;Gin;2;In quale variante di gin fizz aggiungi un tuorlo?;Fizz d'oro;Fizz d'argento;Fizz verde;Fizz di pollo;Il vero gin Fizz è composto da 4,5 cl di gin, 3 cl di succo di limone, 1 cl di sciroppo di zucchero di canna e 8 cl di acqua frizzante.
209-21;Gin;3;Quale cocktail è considerato un Americano con gin?;Negroni;White Lady;Baltimora;Mandarino;Il barista Fosco Scarelli ebbe l'idea di dargli il nome del suo inventore per onorare il conte e abbreviare il suo nome.
209-22;Gin;3;Contro quale malattia il gin tonic è stato semplicemente inventato?;Malaria;Dissenteria;Gale;Tubercolosi;I funzionari coloniali hanno assicurato di avere la loro dose giornaliera di chinino, l'unico farmaco efficace contro la malaria.
209-24;Gin;3;Quale medico viene spesso erroneamente attribuito all'invenzione del gin?;Franciscus Sylvius;Robert Fludd;Lars Roberg;Nicolas Lémery;Campione delle teorie di Cartesio, fu uno dei primi, nel suo paese di adozione, a sostenere la teoria della circolazione del sangue.
209-25;Gin;3;Quale cocktail di intenditori contiene gin, vodka, lillet e limone?;Vesper;Bianco russo;TGV;Alexander;I francesi hanno l'abitudine di mangiare Lillet sul ghiaccio con una fetta di arancia, limone o lime.
209-26;Gin;3;In quale manga è uno dei principali eroi soprannominato Gin?;"""Detective Conan""";"""Robotboy""";"""ThunderCats""";"""Ben 10""";Gin e Vodka furono i primi membri ad apparire quando costrinsero Shinichi Kudo a prendere Apotossina 4869.
209-27;Gin;3;Quale cocktail è stato creato da Constante Gil al Café Madrid?;Agua de Valencia;Vesper;Casinò;White Lady;Agua de Valencia è un cocktail a base di cava (o champagne), succo d'arancia, vodka e gin, creato nel 1959 a Valencia.
209-28;Gin;3;Quale brandy slovacco è simile al gusto del gin puro?;Borovicka;Makgeolli;Arrack;Slivovitz;Esportato in grandi quantità nelle città di Vienna e Budapest, Borovicka è un alcool molto popolare nell'Europa orientale.
209-30;Gin;3;Quale martini secco viene mangiato con una cipolla in salamoia?;Gibson;Classico;Tequini;Negroni;James Bond rese popolare una seconda ricetta: una misura di Vodka, tre misure di gin e mezza misura di Lillet.
211-2;PyeongChang 2018;1;Qual è stata la città ospitante dei Giochi olimpici invernali 2018?;Pyeongchang;Pechino;Nagano;Sapporo;Con meno di 30 abitanti per chilometro quadrato, Pyeongchang è relativamente scarsamente popolata perché si trova in altitudine in una zona montuosa.
211-3;PyeongChang 2018;1;Quante città sono state inizialmente nominate per ospitare le Olimpiadi invernali del 2018?;Tre;Quattro;Cinque;Sei;Alla fine del termine per la presentazione delle domande, Annecy, Monaco e Pyeongchang richiedevano questi giochi olimpici.
211-5;PyeongChang 2018;1;Quale standard di telefonia mobile è stato messo in atto per le Olimpiadi invernali del 2018?;5G;6G;7G;8G;Da giugno 2016, durante le Olimpiadi, LETI sta pilotando il progetto che dimostra la tecnologia 5G per la telefonia mobile.
211-7;PyeongChang 2018;1;Quale ministro dello sport faceva parte della delegazione ufficiale francese?;Laura Flessel;Carole Montillet;Anne Briand;Fabienne Serrat;Specialista in spade, è medaglia olimpica per cinque volte e ha vinto entrambe le medaglie d'oro all'inizio dell'épée femminile.
211-9;PyeongChang 2018;1;In quale anno la città di Pyeongchang è stata eletta per le Olimpiadi del 2018?;2011;2010;2009;2008;Il CIO è composto da 115 membri che si incontrano almeno una volta all'anno e eleggono un presidente per un periodo di 8 anni.
211-10;PyeongChang 2018;1;Chi era il presidente del CIO ai Giochi olimpici invernali 2018?;Thomas Bach;Jacques Rogge;Lord Killanin;Avery Brundage;Il campione olimpico Thomas Bach ha partecipato all'evento a squadre ai Giochi olimpici estivi del 1976 a Montreal.
211-11;PyeongChang 2018;2;Quanti sport c'erano alle Olimpiadi invernali del 2018?;7;6;5;4;I primi sport sono stati lo sci di fondo, il pattinaggio su ghiaccio, l'hockey su ghiaccio, lo sci nordico, lo sci, il bob e la pallavolo.
211-12;PyeongChang 2018;2;Qual era il nome della mascotte dei Giochi olimpici invernali 2018?;Soohorang;Roni;Fuwa;Hodori;Questa è la prima volta dai Giochi olimpici del 1992 che i Giochi invernali hanno una mascotte unica, qui una tigre bianca.
211-14;PyeongChang 2018;2;In quale città costiera si sono svolti i Giochi olimpici invernali 2018?;Gangneung;Wonju;Sokcho;Donghae;Gangneung è una città della Corea del Sud con una popolazione di 230.000 abitanti situata vicino al Mar del Giappone nella provincia di Gangwon.
211-15;PyeongChang 2018;2;Quale sede ha ospitato le gare olimpiche di salto con gli sci del 2018?;Alpensia;Pragela;Hakuba;Igman;Le cerimonie di apertura dei Giochi olimpici invernali 2018 erano in programma, ma questo sito ha ospitato solo le competizioni.
211-16;PyeongChang 2018;2;Quale snowpark ha ospitato lo sci freestyle durante le Olimpiadi invernali del 2018?;Bokwang;Jungbong;Muju;Yongpyong;La stazione differisce dalle altre località Gangwong per il numero di infrastrutture freestyle (half pipe, snowpark, ecc., ...).
211-17;PyeongChang 2018;2;Quale scandalo politico ha influenzato l'immagine dei Giochi del 2018?;Choigate;Rettifica;Colgate;Canigate;A seguito delle indagini, la Corte costituzionale della Corea ha deciso di confermare il licenziamento del presidente Park Geun-Hye.
211-18;PyeongChang 2018;2;Quanti dipinti sono stati composti dalle cerimonie di apertura delle Olimpiadi del 2018?;Sei;Cinque;Sette;Otto;Il filo conduttore è rappresentato da tre ragazzi e due ragazze, della provincia di Gangwon, in cerca di pace.
211-20;PyeongChang 2018;2;Quale compagnia ha pilotato simultaneamente 1 218 droni leggeri nel cielo dei Giochi del 2018?;Intel;Microsoft;Facebook;Toyota;Offrendo anche un record mondiale del Guinness dei libri, il produttore americano Intel ha riprodotto gli anelli olimpici.
211-21;PyeongChang 2018;3;Chi era il capo della Commissione di coordinamento olimpico del 2018?;Gunilla Lindberg;Nicole Hoevertsz;Angela Ruggiero;Rita Subowo;Gunilla Lindberg, nato il 6 maggio 1947, è un leader sportivo svedese, membro del Comitato Olimpico Internazionale dal 1996.
211-22;PyeongChang 2018;3;Quanti paesi hanno partecipato ai Giochi olimpici invernali 2018?;93;87;76;69;La prima celebrazione dei Giochi invernali, organizzata ogni quattro anni, ebbe luogo nella località francese di Chamonix nel 1924.
211-25;PyeongChang 2018;3;Quanti alberi sono stati rasi al suolo per costruire il Centro alpino Jeongseon?;60.000;50.000;40.000;30.000;Il comitato organizzatore di PyeongChang ha promesso di ripiantare 1.000 alberi e riportare il sito al suo stato originale dopo i Giochi.
211-26;PyeongChang 2018;3;Chi ha suonato l'inno olimpico della cerimonia di apertura olimpica 2018?;Sumi Hwang;Sumi Jo;Dia;Lee Young-hee;Questa cantante soprano è stata la prima vincitrice del Queen Elisabeth Music Competition in Belgio nel 2014.
211-27;PyeongChang 2018;3;Quanti portatori di torce hanno trasmesso la fiamma olimpica nel 2018?;7.500;6.500;5.500;4.500;Il numero di portatori di torce è stato particolarmente selezionato per tener conto del totale di 75 milioni di coreani (sud e nord).
211-28;PyeongChang 2018;3;Quale pattinatore ha acceso il calderone olimpico delle Olimpiadi del 2018?;Kim Yuna;Tara Lipinski;Kristi Yamaguchi;Carol Heiss;È stata incoronata campionessa olimpica il 25 febbraio 2010 a Vancouver con il punteggio più alto nella storia del suo sport.
211-29;PyeongChang 2018;3;Quanti atleti hanno partecipato alle Olimpiadi invernali del 2018?;2 952;2 487;3 422;1 944;La Norvegia, che, dopo Sochi 2014, ha 331 medaglie, di cui 118 in oro, si colloca al primo posto tra le nazioni nei Giochi invernali.
211-30;PyeongChang 2018;3;Quale orso nero era la mascotte paralimpica dei Giochi del 2018?;Bandabi;Proteas;Aster;Vinicio;L'unico uso di un orso nero asiatico come mascotte paralimpica risale alle Olimpiadi di Seoul del 1988 (Gomdoori).
212-1;Golf;1;Nel golf, quale oggetto viene utilizzato per mandare la palla nella buca?;Club;Racchetta;Crosse;Bastone;Ogni mazza è composta da una maniglia, una presa in cui verrà il golfista per mettere le mani e una testa a contatto con la palla.
212-2;Golf;1;In quale alfabeto è associata la parola Golf alla lettera G?;Radio;Fonetico;Mappa;Gotico;Un alfabeto radio è un codice utilizzato nella radio, che consiste nel rappresentare ogni lettera dell'alfabeto con un'intera parola.
212-3;Golf;1;Quale sportivo ha dominato il mondo del golf maschile negli anni 2000?;Tiger Woods;Payne Stewart;Curtis Strange;Raymond Floyd;A seguito dello scandalo sulle sue infedeltà, ha annunciato che si sarebbe ritirato dal circuito di golf professionale per un periodo indefinito.
212-4;Golf;1;Quante buche ha un tipico campo da golf in generale?;18;16;14;12;In un percorso di 9 buche, a volte è necessario realizzare 9 buche in una direzione (vai) e poi nell'altra (ritorno), per un totale di 18 buche.
212-5;Golf;1;Nel golf, quale pezzo di sabbia può rendere il gioco considerevolmente?;Bunker;Chip;Contagocce;Impugnatura;Un campo da golf è molto curato durante tutto l'anno e soprattutto durante la stagione golfistica.
212-6;Golf;1;Quale nome viene dato all'erba intorno alla buca da golf?;Verde;Fairway;Ruvido;Pre-rough;Le aree riparate, delimitate da puntate blu, possono incontrarsi sul campo senza farne parte.
212-7;Golf;1;Quale giocatore soprannominato The King ha reso il golf molto popolare?;Arnold Palmer;Jordan Spieth;Martin Kaymer;Justin Rose;Ha terminato la sua carriera nel circuito professionale all'età di 75 anni con una cinquantesimo partecipazione consecutiva ai Maestri Augusta.
212-8;Golf;1;Quanti tiri standard sono previsti per finire una buca nel golf?;Di;Birdie;Aquila;Bogey;Di solito, su un percorso di 18 buche, il parametro è 72: questa media viene calcolata in base al parametro di ciascun foro.
212-9;Golf;1;Chi è l'unica persona autorizzata a consigliare un giocatore sul campo?;Carrello della spesa;Hook;Pratica;Albero;È presente un carrello per consentire al giocatore di concentrarsi esclusivamente sul suo gioco evitando la maggior parte delle faccende.
212-10;Golf;1;Qual è la lingua ufficiale del golf, impostata a causa delle sue origini?;Inglese;Francese;Spagnolo;Tedesco;Nelle regole del golf, la Federazione francese del golf usa i termini inglesi quando sono usati dai golfisti.
212-11;Golf;2;Quale precursore del golf moderno è soprannominato The Golden Bear?;Jack Nicklaus;Webb Simpson;Lucas Glover;Michael Campbell;Fu lo sviluppo della rivalità di Jack Nicklaus con Arnold Palmer a suscitare un certo interesse per gli spettatori di golf.
212-13;Golf;2;Quante buche contenevano il primo corso di Saint Andrews?;22;26;30;34;Il percorso aveva ventidue buche all'inizio prima di essere abbattuto per la costruzione di case.
212-14;Golf;2;Quale spagnolo conosceva il golf oltre ai suoi paesi tradizionali?;Ballesteros;Casper;Coody;Aaron;Molte volte un mondo tra il 1986 e il 1989, è stato una delle figure di spicco di questo sport dalla metà degli anni '70.
212-15;Golf;2;Nel golf, qual è il limite di un ostacolo d'acqua che attraversa una buca?;Picchetto giallo;Bandiera blu;Palla rossa;Barriera bianca;Un percorso può presentare parti di alberi, cespugli, ma anche corpi idrici o corsi d'acqua che sono chiamati ostacoli d'acqua.
212-16;Golf;2;Nel golf, quale termine anglofono viene utilizzato se si effettua un tiro sotto il par?;Birdie;Aquila;Bogey;Albatro;Il putt Birdie indica che se la palla cade nella buca a seguito di questo putt, il giocatore registrerà un birdie.
212-17;Golf;2;Quale stella del golf ha vinto il Masters e il British Open nel 1990?;Nick Faldo;Larry Nelson;Tom Watson;Dustin Johnson;Ha vinto nuovamente nel 1990 il titolo di Giocatore europeo dell'anno del Tour, a cui aggiunge il titolo di Giocatore dell'anno del tour PGA.
212-18;Golf;2;Quale di queste proposte non corrisponde al nome di una mazza da golf?;Aquila;Ferro;Legno;Putter;All'inizio di un percorso, un golfista deve portare con sé un massimo di quattordici fiori: la scelta è quindi decisiva.
212-19;Golf;2;Quale mazza da golf può mandare la palla abbastanza lontano con una traiettoria tesa?;Legno;Ferro;Ibrido;Putter;I boschi esistono nelle taglie 1, 3, 5, 7 e 9, ma possono arrivare fino a 13.
212-20;Golf;2;Che effetto ha una pallina da golf sul forte rallentamento dell'impatto?;Backspin;Topspin;Posizione;Altalena;Spesso usata durante gli avvicinamenti del verde, una palla con la rotazione indietro cadrà e poi tornerà indietro a una distanza variabile.
212-23;Golf;3;Quale avvocato professionista è stato soprannominato Mozart del golf?;Bobby Jones;Alex Smith;Alec Ross;Chick Evans;Il golfista dilettante più abile a livello nazionale e internazionale, ha giocato solo 53 tornei e ha vinto 23.
212-24;Golf;3;In quale anno è stato suonato il primo British Open pro?;1860;1890;1920;1950;Torneo arbitro fino agli anni '30, il British Open Pro divenne uno dei tornei del Grande Slam negli anni '60.
212-25;Golf;3;Come fu chiamato il golf per i suoi inizi nei Paesi Bassi?;Colf;Lupo;Rolf;Dolf;A causa dei numerosi scambi tra Paesi Bassi e Scozia, gli olandesi hanno esportato questo gioco (atto kolbe che significa concreto).
212-27;Golf;3;Quanti turisti in media vengono a giocare a golf in Thailandia ogni anno?;400.000;300.000;200.000;100.000;La Tailandia ha reso il golf un articolo di promozione turistica offrendo loro un catalogo di 280 corsi diversi.
212-28;Golf;3;Quale pesticida utilizzato sui campi da golf è stato vietato negli Stati Uniti?;Diazinon;Firponil;Novaluron;Spinosad;Un tempo il diazinone veniva usato per controllare l'invasione di scarafaggi, pesciolini d'argento, formiche e pulci.
212-29;Golf;3;Quante depressioni mettono in vendita la maggior parte delle palline da golf?;450;300;150;600;L'impatto di una palla colpita (un millisecondo) determina la velocità della palla, il suo angolo di fuoco e la sua velocità di rotazione.
212-30;Golf;3;Qual è il campo da golf femminile più popolare?;LPGA;FGTB;BKCP;CGSP;Nel 2017, il tour di golf femminile totale è stato di $ 67 milioni, in aumento rispetto ai $ 58 milioni del 2008.
223-1;Criptovalute;1;Con quale altro nome è anche noto specialista criptovaluta Peercoin?;PPCoin;RipCoin;ConnectCoin;DualCoin;Peercoin è stato ispirato da Bitcoin e condivide con lui gran parte del suo codice sorgente e della sua implementazione tecnica.
223-2;Criptovalute;1;In quale portafoglio possono essere immagazzinati gli eteri?;Portafoglio;Pallacanestro;Magnete;Disket;Ethereum è la seconda valuta crittografica decentralizzata più grande con una capitalizzazione di oltre cento miliardi.
223-3;Criptovalute;1;Quale investitore in criptovaluta è anche il creatore del sito bitcoin.com?;Roger Ver;Gavin Wood;Charlie Lee;Sunny King;Alla fine del 2013, Roger Ver ha donato oltre 1 milione di dollari in bitcoin alla Foundation for Economic Education.
223-4;Criptovalute;1;Quante criptovalute nella categoria delle infrastrutture ci sono finora?;Una dozzina;Cento;Circa cinquanta;Mille;Nonostante il loro piccolo numero, sono queste criptovalute che possono causare i cambiamenti più profondi.
223-5;Criptovalute;1;Cosa comporta la criptovaluta rispetto ad altre soluzioni come PayPal?;Anonimato;Tracciabilità;Identificazione;Commissioni;Le nuove direttive europee che saranno presto recepite nel diritto francese daranno priorità alla lotta contro il riciclaggio di denaro.
223-6;Criptovalute;1;In quale anno è nato Bitcoin, la prima criptovaluta?;2009;2011;2013;2015;Come valuta o merce, i bitcoin possono essere scambiati con altre valute, beni o servizi.
223-8;Criptovalute;1;In quali serie televisive create da Sam Esmail stiamo parlando di Bitcoin?;"""Mr. Robot""";"""Breaking Bad""";"""The Affair""";"""Homeland""";"Secondo The Guardian nel 2016, ""Mr. Robot"" è una delle serie più eccitanti del momento, che rifiuta di rispettare le regole."
223-9;Criptovalute;1;Su quale piattaforma puoi acquistare fino a 200 diverse criptovalute?;Bittrex;Cryptopia;Kraken;CoinHouse;Il loro motore di trading personalizzato è stato progettato per essere scalabile e per garantire che gli ordini vengano eseguiti in tempo reale.
223-12;Criptovalute;2;In quale anno è stato fondato il protocollo di pagamento open source Stellar?;2014;2012;2010;2016;Il procotole Stellare è supportato da una fondazione senza scopo di lucro, la Stellar Development Foundation.
223-13;Criptovalute;2;Quale tipo di criptovaluta va ben oltre il semplice mezzo di pagamento?;Infrastruttura;Sociale;Acquisti;Locale;Veri camion, non dovremmo chiamarli criptovalute, la loro ambizione va oltre il pagamento.
223-14;Criptovalute;2;Quale criptovaluta ultra sicura si rivolge esclusivamente al mercato legale della cannabis?;PotCoin;PayCoin;ZiftrCoin;QuickCoin;Nel giugno 2017, PotCoin ha sponsorizzato il viaggio dell'ex star della NBA Dennis Rodman, visitando poi la Corea del Nord.
223-16;Criptovalute;2;Qual è il nome della prima criptovaluta progettata per i sistemi Android?;MangoCoinz;Burstcoin;Reddcoin;Vertcoin;MangoCoinz utilizza i sensori sul tuo smartphone o tablet per convertire l'energia in movimenti di denaro.
223-18;Criptovalute;2;Quale criptovaluta sfrutta lo spazio su disco inutilizzato di un computer?;Burstcoin;Vertcoin;NameCoin;MangoCoinz;Lo spazio libero è sufficiente per controllare le transazioni blockchain di Burstcoin e ricevere Burst per questo lavoro.
223-19;Criptovalute;2;Quale sviluppatore è fin dalle sue origini al centro della criptovaluta Peercoin?;Sunny King;Charlie Lee;Roger Ver;Gavin Wood;Peercoin è stato ispirato da Bitcoin e condivide con lui gran parte del suo codice sorgente e della sua implementazione tecnica.
223-20;Criptovalute;2;Quale criptovaluta cerca di incoraggiare la produzione di elettricità fotovoltaica?;SolarCoin;Burstcoin;Vertcoin;NameCoin;La Fondazione ha progettato SolarCoin per 40 anni per generare 97,500 THW di energia solare.
223-21;Criptovalute;3;Quale di queste piattaforme di trading di criptovaluta è stata creata nel 2017?;Binance;CoinBase;Bibox;Bittrex;Su Binance, una piattaforma globale, puoi scambiare un gran numero di monete Alt diverse con Bitcoin o Ethereum.
223-23;Criptovalute;3;Quale medico ha pubblicato il white paper di Polkadot?;Gavin Wood;Charlie Lee;Sunny King;Roger Ver;Grazie a Polkadot, diverse blockchain possono scambiare messaggi in modo sicuro e senza una terza parte attendibile.
223-24;Criptovalute;3;"Quale criptovaluta ha lo slogan ""Unbank the banked""?";OmiseGO;PotCoin;Burstcoin;SolarCoin;OmiseGO vuole il decentramento totale dei flussi finanziari unito ad un ampio accesso agli strumenti finanziari tradizionali.
223-25;Criptovalute;3;Quale tipo di criptovaluta aziendale viene spesso soprannominata Bitcoin 2.0?;Infrastruttura;Sociale;Acquisti;Locale;I progetti infrastrutturali mirano a costruire alternative reali ai sistemi finanziari esistenti.
223-26;Criptovalute;3;Quale criptovaluta locale è destinata agli abitanti dell'Islanda?;AuroaCoin;NEO;PeerCoin;Litecoin;Le monete sono state distribuite gratuitamente ai 330.000 cittadini islandesi tramite una caduta il 25 marzo 2014 a mezzanotte.
223-27;Criptovalute;3;Quale di queste criptovalute può essere utilizzata per investimenti a lungo termine?;NxT;Reddcoin;PeerCoin;NameCoin;Nxt è stata concepita come una piattaforma flessibile attorno alla quale è possibile creare applicazioni e servizi finanziari.
223-28;Criptovalute;3;Quale piattaforma di trading di bitcoin è stata acquistata da Mark Karpeles?;Mt. Gox;CoinBase;Binance;Huobi;Il suo brutale crollo nel febbraio 2014 è dovuto alla pirateria informatica con conseguente perdita di 744.408 bitcoin.
223-30;Criptovalute;3;Quale criptovaluta cinese è simile a Ethereum?;NEO;NxT;PPCoin;XRP;Sviluppato dal 2014, NEO consente l'implementazione di contratti intelligenti in molti linguaggi di programmazione.
224-1;Cactus;1;Cosa immagazzinano i cactus nei loro tessuti per affrontare meglio la siccità?;Suc;Terra;Spine;Sale;Sono quasi tutte piante succulente o succulente, vale a dire piante xenofite che immagazzinano riserve di succo.
224-2;Cactus;1;Quante specie include la famiglia delle Cactaceae?;2.500;1.500;3.500;4.500;Nel linguaggio comune, la parola cactus si riferisce spesso al fico d'India, una pianta comune sulla costa mediterranea.
224-3;Cactus;1;Quale forma di cactus è spesso apprezzata dai collezionisti?;Mostruoso;Arbusto;Arrampicata;Globale;L'origine del fenomeno è sconosciuta, probabilmente a causa di mutazioni divise in due categorie: fascia e cristallizzazione.
224-5;Cactus;1;A che ora del giorno i cactus assorbono l'anidride carbonica?;La notte;Il giorno;Giorno e notte;Mai;A differenza della maggior parte delle piante, i cactus hanno un metabolismo dell'acido crassulacenico (CAM) per fissare il carbonio.
224-8;Cactus;1;Qual è la temperatura più appropriata per la pausa invernale del cactus?;7° C;12° C;17° C;22° C;Durante l'estate, una buona irrigazione una volta alla settimana è sufficiente, anche se i cactus possono facilmente fare a meno dell'acqua per molto 
224-9;Cactus;1;Di quanta luce ha bisogno un cactus per prosperare?;Il massimo;Molti;Un po;Nessuno;Tuttavia, dopo lo svernamento, non esporre i cactus direttamente alla luce solare diretta ma preferire un ritorno graduale alla luce.
224-10;Cactus;1;In quali regioni del mondo crescono meglio i cactus?;Deserti;Pianure;Praterie;Montagne;I cactus si trovano principalmente in Messico, negli Stati Uniti, nel Mar Mediterraneo, nel Sahara e in Australia.
224-11;Cactus;2;Quante casette contiene la bacca del frutto del cactus?;Solo uno;Due;Tre;Quattro;Il frutto del cactus deve essere una singola baia perché non ci sono partizioni interne che separano semi o gruppi di semi.
224-12;Cactus;2;Quale cactus era precedentemente usato per scopi rituali dagli amerindi?;Peyotl;Hylocereus;Cereus;San Pedro;Questo cactus contiene diversi alcaloidi tra cui la mescalina, utilizzata per le sue proprietà entesogeniche, psicotrope e allucinogene.
224-13;Cactus;2;Cosa significa l'antica parola greca kaktos, da dove deriva il nome cactus?;Cardo;Spina;Sole;Resina;Fu usato come nome del primo genere di queste piante da Carl von Linné, prima che altri fossero separati.
224-14;Cactus;2;In quanti generi sono distribuite le 2 500 specie di cactus conosciute?;90;70;50;30;Sistematicamente, il genere è un rango tassonomico che raggruppa un insieme di specie che condividono caratteristiche simili.
224-15;Cactus;2;Quali cactus hanno l'aspetto di arbusti classici e le loro vere foglie?;Primitivi;Colonne;Globale;Epifite;La pereskia è una specie di cactus proveniente dalle aree tropicali dell'America che ha la rara caratteristica di indossare foglie visibili.
224-16;Cactus;2;In quanti tipi morfologici è possibile raggruppare i cactus?;Cinque;Quattro;Sei;Sette;I cinque tipi morfologici sono cactus primitivo, opunum, cactus colonnare, cactus globulare e cactus epifita con steli appiattiti.
224-19;Cactus;2;Quale tecnica consente facilmente la moltiplicazione dei cactus?;Taglio;Cernage;Picchettamento;Marcottage;Il taglio consiste nel dare alla luce un nuovo individuo da un organo isolato o frammento di organo.
224-20;Cactus;2;Quale marchio automobilistico francese offre un modello chiamato Cactus?;Citroen C4;Audi Q2;Nissan Juke;Peugeot P4;La C4 Cactus è una berlina compatta, inizialmente crossover tipizzata, presentata il 5 febbraio 2014, il compleanno di André Citroën.
224-21;Cactus;3;Nel 1753, quale naturalista raggruppò le 22 specie conosciute di cactus?;Carl von Linné;Olof Celsius;Daniel Rolander;Erik Acharius;Questo naturalista svedese, che ha dedicato la sua vita agli esseri viventi, ha gettato le basi del moderno sistema di nomenclatura binomiale.
224-22;Cactus;3;Quante specie di cactus oggi hanno un uso medicinale e / o veterinario?;64;94;34;4;Il 64 % dei cactus minacciati viene utilizzato dall'uomo in una di queste forme e il 57 % (236 specie) nell'orticoltura.
224-24;Cactus;3;Qual è la più alta specie di cactus conosciuta oggi?;Pachycereus pringlei;Harrisia fragrans;Opuntia rufida;Rhipsalis russellii;Con un tronco di un metro di diametro, i suoi fiori bianchi a forma di imbuto lunghi 8 cm appaiono solo negli adulti.
224-25;Cactus;3;Qual è il nome di una crescita anormale della cima di uno stelo di cactus?;Cristation;Resupination;serotinia;Ostiole;La crocifissione è una forma di tematologia vegetale che consiste nella crescita anormale della cima di uno stelo.
224-26;Cactus;3;Quali cactus colonnari sono noti per contenere mescalina?;San Pedro;Parodia;Oroya;Ferocactus;Questo cactus colonnare a crescita rapida, originario delle Ande peruviane, cresce tra i 2 000 e i 3 000 m di altitudine.
224-28;Cactus;3;Quale cactus produce il pitaya, chiamato anche frutto del drago?;Hylocereus;Peyotl;San Pedro;Cereus;La polpa del pitaya è commestibile e ricorda la sua consistenza e la presenza di piccoli pigoli neri a quella del kiwi, con un gusto più morbido.
232-2;OpenBSD;1;Quale ingegnere era alla base della creazione del sistema OpenBSD?;Theo de Raadt;Alan Cox;Linus Torvalds;Richard Stallman;Fu dopo la sua esclusione dal consiglio di amministrazione di NetBSD che Theo de Raadt fondò il progetto OpenBSD nel 1994.
232-3;OpenBSD;1;OpenBSD è venuto dalla separazione di quale altro sistema operativo?;NetBSD;Fedora;Debian;Solaris;NetBSD è interamente basato su software libero, la maggior parte dei componenti è soggetta alla Licenza BSD.
232-4;OpenBSD;1;Quale di questi elementi migliora la qualità del progetto OpenBSD?;Documentazione;Design;Prezzo;Flessibilità;La libertà del codice sorgente, la qualità della documentazione, la sicurezza e la crittografia integrata sono gli ingredienti principali di OpenBSD.
232-6;OpenBSD;1;Quale nome è stato dato alla mascotte del progetto OpenBSD gratuito?;Gonfio;Tux;Dogcow;Wilber;Puffy viene utilizzato per indicare l'intenzione dei progettisti di rendere un sistema operativo particolarmente difficile da attaccare.
232-7;OpenBSD;1;Con quale frequenza il team OpenBSD rilascia una nuova versione?;Sei mesi;Tre anni;Due anni;Cinque anni;Secondo undeadly.org, il progetto OpenBSD ha subito perdite finanziarie di circa $ 20.000 all'anno nel 2004 e nel 2005.
232-8;OpenBSD;1;Qual è il progetto side OpenDD più noto del gruppo?;OpenSSH;CrossCrypt;CipherShed;Cryptoloop;OpenSSH è un insieme di strumenti IT gratuiti che consentono comunicazioni sicure su una rete di computer.
232-9;OpenBSD;1;Quale evento riunisce un gruppo di sviluppatori OpenBSD per diversi giorni?;Hackathon;Sicob;CeBIT;Museomix;La filosofia dell'hackathon ha origine nelle idee dei movimenti del software Open Source Free / Libre.
232-10;OpenBSD;1;Cosa ottengono in modo permanente gli sviluppatori OpenBSD?;Audit;Conferenze;Schizzo;Canzoni;Il progetto pratica audit di codice che sono considerati elementi importanti della sicurezza di un sistema.
232-11;OpenBSD;2;In quanti repository CVS è stato sviluppato il kernel OpenBSD?;Uno;Due;Tre;Quattro;Software di terze parti viene offerto in pacchetti binari o può essere compilato dal sorgente utilizzando la raccolta di porte.
232-12;OpenBSD;2;Da quale città Theo de Raadt sta coordinando il progetto OpenBSD?;Calgary;Nagano;Innsbruck;Grenoble;La città di Calgary, a est delle Montagne Rocciose, è una destinazione ben nota per gli sport invernali e l'ecoturismo.
232-13;OpenBSD;2;Dopo il rilascio di quale versione di NetBSD è stato creato il progetto OpenBSD?;1.0;1.5;2.0;2.5;Theo De Raadt ha ceduto e creato il sistema OpenBSD nel 1994 dalla versione 1.
232-14;OpenBSD;2;Quale algoritmo è stato aggiunto per la crittografia delle password su OpenBSD?;Blowfish;Camelia;Skipjack;Square;Progettato da Bruce Schneier, Blowfish utilizza una dimensione di blocco di 64 bit e la chiave a lunghezza variabile può variare da 32 a 448 bit.
232-15;OpenBSD;2;Come viene convertito il codice C nel classico formato pre-ANSI per i programmatori OpenBSD?;ANSI;TSE;JSA;CSTB;Ciò non dovrebbe implicare cambiamenti nella funzionalità e viene fatto solo per leggibilità e coerenza.
232-16;OpenBSD;2;Quale termine indica nuovo software creato da software esistente?;Fork;Impegni;Tronco;Unisci;Un fork può essere utile per un determinato progetto quando la sua attuale governance conduce, ad esempio, a un vicolo cieco.
232-17;OpenBSD;2;Quale azienda ha iniettato denaro significativo per supportare OpenSSH?;Microsoft;Apple;Facebook;Twitter;Nel 2016, le entrate di Microsoft Corporation sono state di $ 89,95 miliardi con 120.000 dipendenti in 107 paesi.
232-18;OpenBSD;2;Per chi è particolarmente interessante il sistema OpenBSD?;Sviluppatori;Utenti;Commerciale;Utenti di Internet;Molti utenti non hanno familiarità con OpenBSD e si rivolgono a sistemi più popolari come Linux o FreeBSD.
232-20;OpenBSD;2;Quale interfaccia di programmazione sicura (API) è spesso associata a strlcat?;Strlcpy;Sudo;Wget;Chmod;Un'interfaccia di programmazione è una facciata chiaramente delimitata dalla quale il software offre servizi ad altri software.
232-22;OpenBSD;3;Quale licenza open source viene utilizzata da OpenBSD?;ISC;LPPL;SPDX;CeCILL;Questa licenza ha portato a un controllo completo delle licenze e delle sostituzioni, o addirittura alla cancellazione dei codici di licenza.
232-23;OpenBSD;3;Cosa rappresenta la mascotte regolarmente utilizzata dal progetto OpenBSD?;Diodon;Capodoglio;GNU;Cappello;Queste specie sono spesso chiamate pesce riccio, pesce istrice o riccio di mare.
232-24;OpenBSD;3;Con quale compagnia Theo de Raadt ha rilasciato OpenBSD 2.3?;Secure Networks inc.;Cisco;Sysdream;Corail Systems;SNI era una società di software di sicurezza locale che ha sviluppato uno strumento di controllo della sicurezza della rete chiamato Ballista.
232-25;OpenBSD;3;Chi ha scoperto un difetto nel codice OpenSSH nel 2002?;Mark Dow;Joel Knight;Chris Cappuccio;Steven Mestdagh;È stata la prima vulnerabilità rilevata nell'installazione predefinita di OpenBSD che consente l'accesso all'account superutente.
232-27;OpenBSD;3;Quale tecnica di protezione della memoria è implementata nel codice OpenBSD?;ProPolice;LinShare;ClamWin;PhotoRec;La protezione Stack-Smashing Protector è stata originariamente scritta, ed è ancora mantenuta, da Hiroaki Etoh della società IBM.
232-28;OpenBSD;3;Su quante piattaforme hardware funziona OpenBSD?;32;22;12;42;OpenBSD può anche eseguire programmi compilati per Linux (solo su processori i386).
232-29;OpenBSD;3;Quale progetto del gruppo OpenBSD può sostituire sendmail?;OpenSMTPD;OpenNTPD;OpenBGPD;OpenCVS;Lo sviluppo di OpenSMTPD è iniziato alla fine del 2008. È apparso per la prima volta in OpenBSD 4.6.
232-30;OpenBSD;3;Quale versione pesantemente modificata di Apache è integrata con OpenBSD?;1.3;2.3;3.3;4.3;Gestito all'interno della fondazione Apache, distribuito con licenza Apache, questo server HTTP è il più popolare sul Web.
236-3;Successi disco;1;Quale disco da discoteca è stato originariamente scritto per Stacy Lattisaw?;"""Ring My Bell""";"""Shadow Dancing""";"""Viva America""";"""Copacabana""";"La canzone ""Ring My Bell"" è caratterizzata dal suono di un campanello e dalla batteria elettronica Synare che suona in tono alto."
236-4;Successi disco;1;Quale titolo rappresenta il primo successo internazionale del gruppo Boney M.?;"""Daddy Cool""";"""Sunny""";"""Ma Baker""";"""Rasputin""";Boney M. era un gruppo vocale disco-pop giamaicano-indiano creato e diretto dal produttore tedesco Frank Farian.
236-6;Successi disco;1;Quale titolo di Gibson Brothers ha guadagnato loro quattordici dischi d'oro?;"""Cuba""";"""Mariana""";"""Que Sera Mi Vida""";"""Oooh What a Life""";Fu nel 1976 che i fratelli Gibson (Chris, Patrick e Alex), originari della Martinica, formarono il gruppo Gibson Brothers.
236-7;Successi disco;1;Quale hit da discoteca di Gloria Gaynor è un simbolo dell'emancipazione femminile?;"""I Will Survive""";"""Be Mine""";"""Love Affair""";"""Set Me Free""";Questo tubo da discoteca divenne anche l'inno della squadra di calcio francese durante la sua vittoria ai Mondiali del 1998.
236-8;Successi disco;1;"A quale gruppo dobbiamo il tubo globale ""Last Night a D.J. Saved My Life""?";Indeep;Inner Life;Heatwave;Hot Chocolate;"Nel 2001, i Black Eyed Peas hanno acquisito questo titolo che hanno campionato e remixato nella canzone ""Request Line"" sull'album ""Bridging The Gap""."
236-9;Successi disco;1;Quale canzone disco-funk di Lipps Inc. è stata pubblicata nel 1980?;"""Funkytown""";"""Designer Music""";"""Power""";"""Hold Me Down""";Questo è il principale successo del gruppo, che ha raggiunto la vetta delle classifiche internazionali e del disco di platino certificato.
236-10;Successi disco;1;Qual è la discoteca singola più venduta dell'etichetta atlantica?;"""Le Freak""";"""Sweet dynamite""";"""Dancin'""";"""Ten Percent""";"Il gruppo Chic ha composto questa canzone, originariamente ""Fuck off"", dopo essere stato espulso da Studio 54."
236-11;Successi disco;2;Quale titolo di Alain Chamfort rende omaggio al navigatore Alain Colas?;"""Manureva""";"""Géant""";"""Bambou""";"""Paradis""";"Quando è stato rilasciato, ""Manureva"" ha riscontrato un enorme successo commerciale, riuscendo a posizionarsi al secondo posto nelle classifiche."
236-12;Successi disco;2;Quale hit di Diana Ross è stato scritto dai membri del gruppo Chic?;"""Upside Down""";"""Remember Me""";"""Surrender""";"""Love Child""";È stato campionato da Salt-n-Pepa, Kid Rock, Missy Elliott, Destiny's Child, Alcazar, Puff Daddy, Risquee, Collette e MC Lyte.
236-13;Successi disco;2;"Quale artista è noto per il suo titolo ""Rock Your Baby"" pubblicato nel 1974?";George McCrae;Edwin Starr;Marvin Gaye;Bobby Byrd;"Secondo lo stesso John Lennon, ""Rock Your Baby"" è una fonte d'ispirazione per la sua canzone ""Qualunque cosa ti faccia passare la notte""."
236-14;Successi disco;2;Qual è la canzone più famosa del gruppo Hot Chocolate?;"""You Sexy Thing""";"""Cheri Babe""";"""Man to Man""";"""Love is Life""";La canzone si distingue per il suo riff di sei note che si ripete in modo intermittente, suonato con una chitarra elettrica.
236-15;Successi disco;2;Quale hit di Loleatta Holloway è stata presa dall'album con lo stesso nome?;"""Love Sensation""";"""Strong Enough""";"""I Survived""";"""So Sweet""";Scritto e prodotto da Dan Hartman, questa canzone ha raggiunto la vetta delle classifiche di Hot Dance Club Play nel settembre 1980.
236-16;Successi disco;2;Quale gruppo discoteca deve il suo nome alla capitale del Canada?;Ottawan;Toronto;Montreal;Vancouver;"Il duo Jean Kluger / Daniel Vangarde, che ha composto canzoni per Gibson Brothers, tra le altre cose, ha scritto loro il successo ""D.I.S.C.O.""."
236-17;Successi disco;2;Chi si chiede se è sexy in una discoteca pubblicata nel 1978?;Rod Stewart;Walter Murphy;Martin Stevens;Jimmy Somerville;Dopo essere stato condannato per plagio contro Jorge Ben, Rod Stewart ha accettato di pagare i diritti d'autore per questo disco all'Unicef.
236-18;Successi disco;2;"Chi ha registrato ""You Make Me Feel"", successivamente rilevato da Jimmy Somerville?";Sylvester;Randy Jones;Dan Hartman;Bobby Farrell;Sylvetser è positivo, si impegna nella prevenzione e continuerà a registrare album destinati ai brani del night club.
236-19;Successi disco;2;"Quale titolo di Trammps è incluso nel film ""La febbre del sabato sera""?";"""Disco Inferno""";"""Starvin'""";"""Body Contact""";"""Slipping Out""";"Cyndi Lauper ha realizzato una cover di questa canzone nella colonna sonora del film ""Una notte al Roxbury"" e Tina Turner in quella di ""Tina""."
236-20;Successi disco;2;"Quale cantante è meglio conosciuta per il titolo ""I Love to Love""?";Tina Charles;Sharon Redd;Roberta Kelly;Madleen Kane;"La collaborazione con Biddu è proseguita con il prossimo album e un'altra canzone di successo, ""Dance Little Lady Dance""."
236-21;Successi disco;3;"Chi ha vinto un Grammy grazie a ""Non lasciarmi in questo modo""?";Thelma Houston;Kiki Dee;Diana Ross;Shanice Wilson;"Il tubo è stato adattato in francese da Sylvie Vartan con il titolo ""Ne pars pas comme ca"" (2LP ""Live au Palais des congres"", 1977)."
236-22;Successi disco;3;Qual è stato il primo grande successo del cantante e bassista americano Dan Hartman?;"""Instant Replay""";"""Second Nature""";"""White Boy""";"""Images""";"Dan Hartman è noto per i suoi titoli ""Free Ride"", ""I Can Dream About You"", ""Instant Replay"", ""Love Sensation"" e ""Riaccendi il mio fuoco""."
236-23;Successi disco;3;"Quale cantante del Quebec ha avuto successo con ""Come To Me""?";France Joli;Tabitha Lemaire;Fanny Bloom;Chantal Renaud;Scoperto da Tony Green, Francia Joli è uno dei tanti artisti dell'etichetta Prelude che ha accumulato successi in discoteca.
236-24;Successi disco;3;"Chi ha prodotto l'album ""Give Me the Night"" di George Benson?";Quincy Jones;Don Costa;Buddy Greco;Edgar Sampson;L'album è spesso descritto come una delle cime degli album più commerciali del chitarrista che mescola generi.
236-25;Successi disco;3;Quale album di Gino Soccio è diventato e rimane un classico della discoteca?;"""Outline""";"""Remember""";"""Face To Face""";"""Closer""";Gino Soccio rimane l'unico artista discoteca ad avere tre singoli dei suoi primi album nelle migliori classifiche musicali.
236-26;Successi disco;3;"Con quale nome Isabelle Morizet ha pubblicato ""Sing to me Mama""?";Karen Cheryl;Sheila;Amanda Lear;Anita Ward;"Karen Cheryl ha partecipato come corista a una canzone dell'album di Liane Foly, pubblicata nel 2001, ""Entre Nous""."
236-27;Successi disco;3;"Quale produttore di Whitney Houston ha pubblicato ""Let's All Chant""?";Michael Zager;Nile Rodgers;Patrick Cowley;Bobby Orlando;Sebbene sia un titolo da discoteca, questo titolo del 1978 contiene brani suonati su clarinetto, clavicembalo e tromba.
236-28;Successi disco;3;"In quale paese ""Born to be Alive"" è riuscito per primo?";Italia;Svizzera;Germania;Spagna;Con 56 dischi d'oro ottenuti in 25 paesi, Patrick Hernandez riferisce che il singolo gli fa guadagnare tra gli 800 ei 1.500 euro al giorno.
236-29;Successi disco;3;"In quale album è apparso il titolo ""Where are the women?"" di Patrick Juvet?";"""Paris by night""";"""Chrysalide""";"""I Love America""";"""Lady night""";Questa colonna sonora da discoteca segna una nuova collaborazione tra Patrick Juvet (compositore) e Jean-Michel Jarre (paroliere).
236-30;Successi disco;3;Quale canzone da discoteca di Van McCoy ha scritto in poche ore?;"""The Hustle""";"""Cupid""";"""Car Wash""";"""Disco Duck""";Il titolo ha venduto dieci milioni di copie e nel 1976 ha ricevuto il Grammy Award come miglior brano strumentale pop.
237-4;Api e alveari;1;Cosa fanno le api che volano da un fiore all'altro in cerca di cibo?;Stanno foraggiando;Ruminano;Pattinano;Disegnano;L'ape raccoglie in natura nettare, propoli, melata e polline.
237-5;Api e alveari;1;Quale importante fenomeno fornisce l'ape foraggiando?;Impollinazione;Germinazione;Sporulazione;Introgressione;Le piante contribuiscono alla dieta degli impollinatori fornendo loro polline o nettare in eccesso.
237-6;Api e alveari;1;Quale di questi non è un prodotto delle api?;Burro;Miele;Cera;Gelatina;Questi prodotti sono immagazzinati in gallerie per specie solitarie, complessi complessi per specie sociali.
237-7;Api e alveari;1;Chi è l'unica femmina fertile in una colonia di api?;Regina;Lavoratore;Vespa;Calabrone;La regina, con un addome più lungo, di solito è la madre della maggior parte, se non di tutte, le api nell'alveare.
237-8;Api e alveari;1;Quale ape da miele è il prodotto della schiusa di un uovo non fertilizzato?;Falso drone;Insetto stecco;Spuntare;Scarabeo;A differenza dell'ape operaia, il drone non ha pungiglione e non raccoglie nettare o polline.
237-9;Api e alveari;1;Quale piccola ape ha deliziato i bambini in televisione negli anni '80?;Maya;Heidi;Tao Tao;Zigby;Maya scopre il mondo in compagnia dei suoi amici Willy l'ape, Capovolgi la cavalletta, Max il lombrico e Alessandro il topo.
237-10;Api e alveari;1;Quante specie di api sono elencate fino ad oggi sul pianeta?;20.000;15.000;10.000;5.000;Le api possono essere classificate in base al loro stile di vita: api domestiche, selvatiche, solitarie o sociali.
237-11;Api e alveari;2;Quale nome viene dato a un gruppo di api che vivono nella società?;Colonia;Ecotipo;Nicchia;Gilda;In biologia, una colonia è un gruppo di organismi viventi della stessa specie riuniti secondo un particolare stile di vita.
237-12;Api e alveari;2;Quale specie di api è probabilmente la più conosciuta in Europa?;Apis mellifera;Apis cerana;Apis florea;Apis dorsata;Semi-domestico, il genere Apis è il termine latino per ape, e mellifera significa che dà miele.
237-13;Api e alveari;2;Qual è la durata media di un'ape durante i mesi estivi?;Un mese;Due mesi;Tre mesi;Quattro mesi;Nutrendosi del nettare dei fiori, un'ape può vivere fino a dieci mesi in inverno e solo un mese in estate.
237-14;Api e alveari;2;Quale espressione indica una specie di ape che vive in una colonia?;Ape sociale;Ape parassita;Ape solitaria;Ape da miele;Altre specie sono api parassite o api a cucù che praticano il cleptoparassitismo.
237-15;Api e alveari;2;Di cosa si nutre esclusivamente la larva di una futura ape regina?;Pappa reale;Insetti;Sale;Sedimenti;La pappa reale è il prodotto della secrezione delle api operaie, tra il quinto e il quattordicesimo giorno della loro esistenza.
237-17;Api e alveari;2;Quale ape è la favorita dell'apicoltura in Europa?;Ape nera;Ape rossa;Ape blu;Ape bianca;La sua area di distribuzione originale si estendeva dalla Russia occidentale al nord Europa e probabilmente alla penisola iberica.
237-18;Api e alveari;2;Cosa succede quando un'ape usa la sua puntura dentellata per pungere?;Lei muore;Lei dorme;Si gonfia;Beve;La puntura coinvolge parte degli organi interni dell'ape, incluso il suo sacco velenoso, che è quasi sempre fatale per l'ape.
237-20;Api e alveari;2;Quale film d'animazione racconta la vita di un'ape appena laureata?;"""Bee Movie""";"""Rosa""";"""Happy Feet""";"""Le Lorax""";Questo film d'animazione in computer grafica uscito nel 2007 è stato scritto e prodotto da Jerry Seinfeld per DreamWorks SKG.
237-22;Api e alveari;3;In quante caste è composta una colonia di api?;Tre;Quattro;Cinque;Sei;La regina, l'unica donna fertile nel gruppo, la maggioranza di operai e maschi (o droni) che fertilizzano le future regine.
237-23;Api e alveari;3;Quali api usano le gallerie scavate nel bosco?;Xylicole;Rubicole;Orticola;Cantine;Uno xilofago è un organismo vivente la cui dieta consiste principalmente di alburno, ma anche di legno perfetto.
237-24;Api e alveari;3;Quante uova può depositare l'ape regina in circa un anno?;400.000;300.000;200.000;100.000;Quando la sua spermatheca inizia a svuotarsi, non può più deporre le uova dei lavoratori e la sua distribuzione dei feromoni cambia.
237-26;Api e alveari;3;In quale maternità dell'alveare si sviluppano le api future?;Couvain;Becher;Dormitorio;Levante;Si trova generalmente al centro dell'alveare ed è circondato da favi e polline (pane d'api) per nutrirlo.
237-28;Api e alveari;3;Qual è la pratica del trattamento con i prodotti delle api?;Apiterapia;oligoterapia;Fitoterapia;Ayurveda;L'apiterapia suggerisce l'uso delle presunte proprietà di miele, propoli, veleno d'api, pappa reale e polline.
237-29;Api e alveari;3;Quale shock può provocare a volte una puntura d'ape sull'uomo?;Anafilattico;Perforina;Antigene;Macrofagi;È una manifestazione di ipersensibilità immediata dovuta al rilascio di mediatori vasoattivi in \u200b\u200bun soggetto sensibilizzato.
237-30;Api e alveari;3;Cosa hanno sostituito le api imperiali di Napoleone Bonaparte?;Fiore di giglio;Miosotis;Mirtillo;Trifoglio;Il giglio d'oro sul campo azzurro divenne le armi della Francia e l'emblema specifico dei re di Francia.
238-1;Britney Spears;1;In che anno è nata Britney Spears nel Mississippi?;1981;1984;1978;1987;I genitori di Britney Spears sono Lynne Irene Bridges, ex insegnante di scuola, e James Parnell Spears, agente immobiliare.
238-2;Britney Spears;1;Quanti dischi diamantati aveva Britney Spears in attività all'inizio del 2020?;Due;Uno;Tre;Quattro;È l'artista che detiene il maggior numero di dischi diamantati negli Stati Uniti, legata a Michael Jackson, Madonna e Celine Dion.
238-3;Britney Spears;1;Quale stile è attribuito a Britney Spears nell'influenzare il Rinascimento?;Pop teenager;Rumore;J-pop;Europop;"L'uscita del suo quarto album in studio nel 2003, ""In the Zone"", fu un successo mondiale grazie al suo secondo singolo, ""Toxic""."
238-4;Britney Spears;1;"Come è vestita Britney Spears nella clip ""... Baby One More Time""?";A scuola;Nel cosmonauta;Come una leonessa;Polizia;Per promuovere il suo singolo, ha visitato i centri commerciali nella maggior parte delle principali città degli Stati Uniti.
238-5;Britney Spears;1;"Chi ha scritto Britney Spears ""Heart-to-Heart"", il suo primo libro?";Sua madre;Sua sorella;Suo fratello;Suo padre;"Pubblicherà questo libro dopo il suo primo tour mondiale, ""Oops! ... I Did It Again World Tour"", che ha raccolto $ 45 milioni."
238-6;Britney Spears;1;Con quale gancio Britney Spears era uno dei giurati?;"""The X-Factor""";"""American Idol""";"""The Simple Life""";"""Celebrity Boxing""";Nel maggio 2012, Britney Spears è diventata giurista per la seconda stagione di ami TV, vincendo un contratto da $ 15 milioni.
238-7;Britney Spears;1;Con quale dei suoi coniugi Britney Spears è apparsa nella sua realtà TV?;Kevin Federline;David Lucado;Jason Trawick;Charlie Ebersol;"Il programma ""Britney e Kevin: Chaotic"", trasmesso dal 17 maggio 2005 al 14 giugno 2005, ha ricevuto reazioni principalmente negative."
238-8;Britney Spears;1;Quale titolo di Britney Spears ha vinto il Grammy come miglior canzone dance nel 2004?;"""Toxic""";"""Soda Pop""";"""Stronger""";"""Lucky""";"Britney Spears ha eseguito ""Toxic"" in diverse apparizioni dal vivo, tra cui gli NRJ Music Awards nel 2004."
238-10;Britney Spears;1;"Con chi Britney Spears ha cantato un duetto ""Me Against the Music""?";Madonna;Jennifer Lopez;Christina Aguilera;Dido;Alla fine della clip, Britney Spears e Madonna si incontrano naso a naso e Madonna scompare prima che Britney le dia un bacio.
238-11;Britney Spears;2;Quale sorella di Britney Spears ha iniziato la sua carriera come attrice?;Jamie Lynn;Emma Jean;Tony Finn;Sarah Jane;Nel 2007, Jamie Lynn si è trovata al centro di uno scandalo quando ha annunciato la sua gravidanza, a soli sedici anni.
238-12;Britney Spears;2;Nel 1998, quale etichetta ha contratto il primo Britney Spears?;Jive Records;Apple Records;Virgin Records;Hansa Records;Quindi è partita per i Cheiron Studios di Stoccolma, dove metà dell'album è stata registrata tra marzo e novembre 1998.
238-13;Britney Spears;2;Quale titolo del suo secondo album è stato scritto dalla stessa Britney Spears?;"""Dear Diary""";"""Lucky""";"""Stronger""";"""What U See""";"Prodotto da Max Martin e Rami, ""Oops!... I Did It Again"" ha venduto 19 milioni di copie in tutto il mondo."
238-14;Britney Spears;2;"Quale artista ha scritto il titolo ""I'm Not a Girl, Not Yet a Woman"" per Britney Spears?";Dido;Sam Brown;Pixie Lott;Ellie Goulding;"Estratto da ""Britney"", il titolo fa anche parte della colonna sonora di ""Crossroads"", che segna il debutto al cinema del cantante."
238-15;Britney Spears;2;Qual è l'unico film in cui Britney Spears ha un ruolo da protagonista?;"""Crossroads""";"""Blood Out""";"""Carjacked""";"""Roxxy""";Quando è stato rilasciato, il film è stato criticato per averlo qualificato come una rapa e ha incontrato un discreto successo al botteghino mondiale.
238-16;Britney Spears;2;Quale titolo è stato assegnato all'inaugurazione degli MTV Video Music Awards 2007?;"""Gimme More""";"""Break the Ice""";"""Radar""";"""Piece of Me""";Questo aspetto è stato catastrofico per un buon numero di critici, rimproverandolo per scarsa coreografia e riproduzione scarsamente padroneggiata.
238-17;Britney Spears;2;Quale album è stato pubblicato il 27 ° compleanno della cantante Britney Spears?;"""Circus""";"""Blackout""";"""Britney""";"""In the Zone""";"Con ""Circus"", Britney Spears diventa la più giovane artista femminile ad avere cinque album, a partire dalla cima della classifica."
238-18;Britney Spears;2;"Quale canzone ha registrato Britney Spears per la colonna sonora di ""Smurfs 2""?";"""Ooh La La""";"""Sometimes""";"""Perfume""";"""Slumber Party""";I figli di Britney Spears, Sean Preston e Jayden James Federline, appaiono nel video così come la nipote del cantante.
238-19;Britney Spears;2;In quale anno Britney Spears è stato il musicista più pagato dell'anno?;2012;2014;2016;2010;Con un profitto di $ 58 milioni, l'ultima volta che Britney Spears è stata in cima a questa lista è stata nel 2002.
238-20;Britney Spears;2;"Quale clip di Britney Spears dal suo album ""Blackout"" è un anime giapponese?";"""Break the Ice""";"""Freakshow""";"""Hot as Ice""";"""Perfect Lover""";"Il video diretto da Robert Hales si basa su un personaggio di un supereroe che riprende le caratteristiche di Britney nella sua clip ""Toxic""."
238-21;Britney Spears;3;In quale spettacolo teatrale di Broadway ha suonato Britney Spears in soli dieci anni?;"""Ruthless!""";"""The Ferryman""";"""Saint Joan""";"""Torch Song""";Molto giovane, guidata da sua madre, Britney Spears ha trascorso le sue estati a New York per prendere lezioni di danza e commedia.
238-22;Britney Spears;3;Quale gruppo ha formato Britney Spears con Nikki DeLoach?;Innosense;Lunik;Detonazione;Nemless;Britney Spears si ritirò quindi dal gruppo perché preferiva intraprendere una carriera da solista. È stata sostituita da Veronica Finn.
238-24;Britney Spears;3;Con quale album ha collaborato Britney Spears con Moby e R. Kelly?;"""In the Zone""";"""Circus""";"""Blackout""";"""Britney""";L'album e i suoi video sono ampiamente considerati dai critici come la fine della sua transizione dalla pop star adolescenziale.
238-25;Britney Spears;3;Quale clip ha provato Britney per la prima volta nella regia?;"""Do Somethin""";"""Gimme More""";"""Lucky""";"""Stronger""";Louis Vuitton aveva proibito la clip, credendo che la sua tela minasse il valore economico dei suoi marchi.
238-26;Britney Spears;3;Quale copertina di Suzanne Vega Britney Spears ha fatto con Giorgio Moroder?;"""Tom's Diner""";"""Luka""";"""In the Eye""";"""Calypso""";"Per il suo album ""Déjà Vu"", il compositore fece eseguire a Britney la canzone in una versione più vicina al remix del DNA."
238-27;Britney Spears;3;In quale serie di Ryan Murphy Britney Spears appare come guest star?;"""Glee""";"""Bones""";"""Damages""";"""Charmed""";"Saranno inclusi diversi titoli: ""Baby One More Time"", ""Stronger"", ""I'm a Slave for You"", ""Toxic"" en ""Me Against the Music""."
238-28;Britney Spears;3;Quale ristorante Britney Spears ha aperto il 27 giugno 2002 a New York?;Nyla;Lola;Bella;Nuna;Offrendo specialità culinarie dall'Italia e dalla sua regione, la Louisiana, chiuderà a novembre per mancanza di redditività.
238-29;Britney Spears;3;Con chi Britney Spears vende profumi a suo nome?;Elizabeth Arden;Cynthia Carroll;Clara Furse;Anita Roddick;Una donna d'affari saggia, la Lady in Pink è stata una delle prime a sviluppare un'offerta completa per una clientela di alto livello.
238-30;Britney Spears;3;Quale app per iPhone e iPod touch ha lanciato Britney Spears nel 2009?;"""It's Britney""";"""Intimate""";"""Fantasy Twist""";"""Dance Beat""";Troviamo su questo le notizie della cantante e i suoi ultimi messaggi sui social network Facebook e Twitter.
239-1;Instagram;1;Instagram ti consente di condividere foto ma anche quali altri media?;Video;Ricette;File;Musica;Queste foto e video saranno quindi disponibili su piattaforme mobili come iOS, Android e Windows Phone.
239-2;Instagram;1;Quale filtro Instagram può dare un aspetto sbiadito alla tua foto?;Aumento;Earlybird;Valencia;Nashville;Il filtro Rise è la combinazione di un equilibrio di colore rossastro e una desaturazione che provoca questa sensazione.
239-4;Instagram;1;Quali messaggi interni ti consentono di chattare con i membri di Instagram?;Instagram diretto;SnapChat;Messenger;Skype;Il servizio diretto di Instagram ha rapidamente guadagnato popolarità, nominato da Apple come app dell'anno nel 2011.
239-5;Instagram;1;Quale filtro Instagram consente un leggero effetto di vignettatura?;Mayfair;X-Pro;Valencia;Aumento;Dopo aver applicato il filtro Mayfair, la tua foto sarà leggermente desaturata e diventerà generalmente gialla.
239-8;Instagram;1;Quale filtro Instagram aggiunge un effetto anni '70 alle tue foto?;Nashville;Aumento;Earlybird;Valencia;Grazie al filtro Nashville, otterrai un effetto invecchiato molto marcato su Instagram con toni gialli e un contorno del film.
239-9;Instagram;1;Quale link cliccabile ora possiamo applicare a una foto su Instagram?;Hashtag-adesivi;Scorciatoie;Etichette;Gif Anims;Altri utenti possono fare clic su questo hashtag per accedere direttamente a tutte le foto che contengono questo hashtag.
239-10;Instagram;1;Quale filtro di Instagram porta un lato romantico alle tue foto?;Valencia;Hefe;Nashville;Mayfair;Su Instagram, Valencia gioca sulla desaturazione globale, il rendering finale tende al giallo e al rosso.
239-11;Instagram;2;Quale americano ha co-fondato e lanciato l'applicazione Instagram?;Kevin Systrom;Bill Zeller;Bruce Horn;Fred Fish;Acquisita da Facebook, Instagram rimane oggi l'app di condivisione di foto gratuita più popolare al mondo.
239-13;Instagram;2;In quale anno Facebook ha acquistato Instagram per un importo straordinario?;2012;2014;2016;2010;L'importo di un miliardo di dollari depositato da Facebook ha sollevato il timore di scoppiare una bolla speculativa di Internet.
239-14;Instagram;2;Quale applicazione video Instagram può essere utilizzata per time-lapse?;Hyperlapse;Layout;Boomerang;Bolt;L'applicazione Hyperlapse consente di creare contenuti video accelerati da istantanee scattate a intervalli regolari.
239-16;Instagram;2;Quale strumento di creazione di Instagram genera video brevi e riavvolti?;Boomerang;Layout;Hyperlapse;Bolt;L'applicazione consente di catturare dieci foto, quindi assemblarle e trasformarle in un breve video.
239-18;Instagram;2;Quale politica di Instagram è spesso considerata sproporzionata dai suoi utenti?;Censura;Marketing;Riservatezza;Commerciale;Nell'aprile 2018, l'account Instagram della pittrice Laina Hadengue, dopo aver pubblicato una donna a seno nudo, è stato cancellato senza preavviso.
239-19;Instagram;2;Quanto tempo ci è voluto per raggiungere i cento milioni di utenti su Instagram?;Tre anni;Quattro anni;Cinque anni;Sei anni;Dopo l'acquisizione da parte di Facebook nel 2012, è aumentato esponenzialmente di cento milioni o addirittura duecento milioni all'anno.
239-20;Instagram;2;Quale modalità Instagram ti consente di riprodurre i tuoi video all'indietro?;Riavvolgi;Aumento;Earlybird;Valencia;Puoi pubblicare questi video all'indietro nella tua storia e aggiungere effetti al tuo viso (filtri) se lo desideri.
239-21;Instagram;3;"Quanti Mi piace ""Mi piace"" vengono assegnati ogni giorno su Instagram in media?";4 miliardi;3 miliardi;2 miliardi;5 miliardi;"Da quando Instagram è stato acquisito da Facebook, il numero di ""Mi piace"" è aumentato in modo esponenziale."
239-22;Instagram;3;Chi era la personalità più seguita sulla rete Instagram nel 2017?;Selena Gomez;Beyoncé;Leonardo DiCaprio;Neymar;132 milioni di abbonati hanno seguito quotidianamente i numerosi post del cantante, vale a dire oltre un quarto degli utenti di Instagram.
239-23;Instagram;3;Quale applicazione Instagram ti consente di creare collage di foto?;Layout;Hyperlapse;Bolt;Boomerang;L'applicazione offre diversi modelli di collage di foto che l'utente può personalizzare in altezza e larghezza.
239-24;Instagram;3;Quale di queste proposizioni non designa un filtro attivo su Instagram?;Prospetto;Luna;Percalle;Clarendon;Una delle forze trainanti del successo dell'app Instagram è i filtri che consentono agli utenti di modificare le proprie foto.
239-26;Instagram;3;Chi confrontiamo spesso su Instagram con le top model degli anni '90?;Instagirls;Instamodels;Instabombs;Instaplaymates;Queste personalità femminili legate alla moda o alla modellazione usano ampiamente Instagram per l'autopromozione.
239-28;Instagram;3;Qual è stata la prima applicazione creata da Instagram dopo il suo lancio?;Bolt;Boomerang;Layout;Hyperlapse;Questo messaggio consente di inviare immagini e video ai contatti che verranno eliminati dopo la lettura.
239-29;Instagram;3;Quanti inserzionisti ha contato l'app Instagram nel 2016?;200.000;150.000;100.000;50.000;L'applicazione Instagram è offerta gratuitamente agli utenti, i profitti derivanti dai contratti pubblicitari degli inserzionisti.
241-1;La saga di Alien;1;"In quale anno ""Alien, l'ottavo passeggero"" è andato nei cinema in Belgio?";1979;1974;1984;1989;"Il successo del film ha generato un franchise, tra cui tre sequel diretti appartenenti alla saga ""Alien"" e alla sua eroina Ellen Ripley."
241-2;La saga di Alien;1;"Qual è il nome dell'androide che viaggia a bordo del Betty in ""Alien, the resurrection""?";Chiama;Vescovo;Fiorina;Karl;In origine, era Angelina Jolie a interpretare il ruolo di Android Annalee Call, una giovane recluta curiosa a bordo del Betty.
241-3;La saga di Alien;1;"Qual è il tipo di veicolo spaziale del film ""Alien, l'ottavo passeggero""?";Commerciale;Sperimentale;Turista;Scienziato;Nel 2122, il mercantile interstellare Nostromo, tornando sulla Terra al termine della sua missione di raffineria, ricevette un segnale acustico.
241-4;La saga di Alien;1;Quale parassita genera embrioni nella gola degli umani?;Facehugger;Facebunker;Faceleader;Facepower;Questo hugger a viso molto veloce è anche in grado di correre e saltare su lunghe distanze.
241-5;La saga di Alien;1;"Come è morto Ripley nel film ""Alien 3"" diretto da David Fincher?";Suicidio;Omicidio;Annegamento;Elettrocuzione;Se nell'edizione del 1992, la regina aliena lascia il corpo di Ripley quando si suicida, non è il caso della versione lunga.
241-7;La saga di Alien;1;Che animale domestico hanno i membri del Nostromo?;Gatto;Anatra;Cane;Ratto;Aiutato dall'equipaggio, il gatto Jones avrà il pesante compito di cercare di sopravvivere tra gli alieni presenti nel suo veicolo spaziale.
241-9;La saga di Alien;1;"In quale categoria il film ""Alien 3"" ha vinto un MPSE Awards?";Modifica del suono;Effetti speciali;Realizzazione;Musica;I nomi dei membri attivi compaiono generalmente nei titoli di coda dei film con le lettere post nominali MPSE.
241-10;La saga di Alien;1;"Quale attrice si esibisce con il panico Ellen Ripley nella saga ""Alien""?";Sigourney Weaver;Cameron Diaz;Jodie Foster;Michelle Pfeiffer;"Nel 1985, ha sposato Jim Simpson, un regista teatrale che le ha offerto un ruolo nel 1986 in ""Il mercante di Venezia""."
241-11;La saga di Alien;2;"In ""Alien"", quale compagnia invia coloni ai pianeti per terraformarli?";Weyland;Harley;Sulaco;Benedetto;Le sue competenze: laboratori, industria, terraformazione, colonizzazione di pianeti, raffinazione dei minerali e trasporto merci.
241-12;La saga di Alien;2;"Come è morto Newt nel film ""Alien 3"" del 1992?";Annegamento;Elettrocuzione;Strangolamento;Suicidio;Durante lo schianto dell'USS Sulaco, Hicks si impalò su un cilindro di sicurezza e Newt affogò nel suo cryotube.
241-14;La saga di Alien;2;"Qual è il nome dell'ufficiale scientifico in ""Alien, l'ottavo passeggero""?";Ash;K;Giovanni;Pace;Il liquido biancastro che fuoriesce dal suo corpo dopo un colpo di estintore sulla testa rivela quindi che Ash è un androide.
241-15;La saga di Alien;2;Qual è la caratteristica molto specifica del sangue dello xenomorfo alieno?;Acido;Verde;Fosforescente;Blu;Il sangue di xenomorfo è un potente acido molecolare in grado di rosicchiare anche il metallo più robusto.
241-16;La saga di Alien;2;"Qual è il nome dell'astronave usata in ""Alien, l'ottavo passeggero""?";Nostromo;Nostrado;Nostradamus;Nobuco;"""Nostromo"" è anche il nome di un romanzo di Joseph Conrad, pubblicato nel 1904, nonché di una serie TV prodotta da Alastair Reid."
241-17;La saga di Alien;2;Che professione esercitava Ripley prima di incontrare gli alieni?;Pilota;Meccanico;Scienziato;Archeologo;Ellen Ripley è interpretata dall'attrice americana Sigourney Weaver e appare in quattro film e diversi videogiochi.
241-18;La saga di Alien;2;"Nel 1980, ""Alien, l'ottavo passeggero"" ricevette il premio Hugo per il migliore...";Film;Scenario;Ruolo secondario;Costume;I vincitori vengono eletti dai fan della World Science Fiction Society e ricevono un trofeo a forma di razzo.
241-19;La saga di Alien;2;"In che anno è stato prodotto il film ""Prometheus"", prodotto e diretto da Ridley Scott?";2012;2010;2014;2008;"Questo film era originariamente programmato come prequel diretto del secondo lungometraggio di Ridley Scott, ""Alien, l'ottavo passeggero""."
241-20;La saga di Alien;2;"Qual era il nome del computer di bordo per il film ""Alien, l'ottavo passeggero""?";Mamma;Papà;Anna;Thelma;Il computer di bordo (chiamato Mamma) interruppe il viaggio del Nostromo e svegliò l'equipaggio tenuto in biostasi.
241-21;La saga di Alien;3;"Perché il computer di bordo del Sulaco sta espellendo la capsula di Ripley da ""Alien""?";Fuoco;Inondazione;Ribellione;Guasto del motore;Divorato dalle fiamme, il computer di bordo del Sulaco ha evacuato i quattro criotubi da EEV (Emergency Escape Vehicle).
241-23;La saga di Alien;3;Al cinema, per quale crimine il dottor Clemens sta scontando una sentenza su Forina 161?;Omicidio;Stupro;Sequestro;Rapina;Per il doppiaggio francese di Clemens nella versione lunga, Patrick Osmond ha dovuto sostituire Daniel Sarky, morto nel 1999.
241-24;La saga di Alien;3;Su quale pianeta Ripley sbarca e scopre gli alieni?;LV-426;LV-532;LV-712;LV-544;LV-426 è il pianeta in cui l'equipaggio di Nostromo scopre una nave di una specie sconosciuta e in cui uno dei membri è infetto.
241-25;La saga di Alien;3;"Nella saga ""Alien"", quale di questi androidi puoi trovare a bordo del Sulaco?";Vescovo;Giger;David;Chiama;"Bishop è un androide intelligente interpretato da Lance Henriksen nella seconda opera della saga, ""Aliens, le retour"", pubblicata nel 1986."
241-26;La saga di Alien;3;A quale metallo prezioso furono assegnati i prigionieri di Fury 161?;Platino;Palladio;Denaro;Oro;Estremamente inospitale, spazzato da forti venti, il pianeta Fiorina-16 ospita il penitenziario di classe C Fury-161.
241-27;La saga di Alien;3;"In ""Alien"", dopo quante fertilizzazioni muore un Superfacehugger?";Due;Tre;Quattro;Cinque;FaceHugger ricorda vagamente un ragno color carne, con otto gambe incernierate simili alle dita umane.
241-28;La saga di Alien;3;"Qual è il nome della figlia di Ripley di cui parliamo in ""Alien, il ritorno""?";Amanda;Mathilda;Johanna;Laura;Ripley è solo, a volte nonostante se stessa, perché tutti quelli che le sono vicini, la famiglia, gli amici o i colleghi quasi sempre muoiono.
241-29;La saga di Alien;3;In quale rifugio di salvataggio Nostromo Ripley si è rifugiato?;Narcicuss;Sulaco;Nirvana;Nautilus;La sua navetta sarà finalmente trovata nel 2179 e rimpatriata alla stazione orbitale Gateway, situata in orbita attorno alla Terra.
241-30;La saga di Alien;3;"Qual è il numero di Ripley, menzionato nel film ""Alien, il ritorno""?";14472;14475;13472;12475;Van Leuwen afferma che il numero di Ripley è 14472, ma sullo schermo dietro di esso, dice 14672 (in pausa sull'immagine).
243-1;Brad Pitt al cinema;1;"Che ruolo ha Brad Pitt nel film di Guy Ritchie ""Snatch""?";Zingaro;Ladro;Rivenditore;Commerciale;"Il film è stato girato con lo stesso spirito e con parte della distribuzione del film di Guy Ritchie, ""Arnaques, Crimes et Botanique""."
243-2;Brad Pitt al cinema;1;"Qual è il grado di Brad Pitt nel film ""Inglorious Basterds"" di Quentin Tarantino?";Tenente;Capitano;Colonnello;Maggiore;La storia si svolge in Francia durante la seconda guerra mondiale e racconta la vendetta di una giovane ebrea, Shosanna Dreyfus.
243-3;Brad Pitt al cinema;1;Quale attrice Brad Pitt si è sposato a Var il 23 agosto 2014?;Angelina Jolie;Juliette Lewis;Jennifer Aniston;Gwylnette Paltrow;Si sono fidanzati nell'aprile 2012, l'anello di fidanzamento offerto da Brad ad Angelina valeva quasi $ 500.
243-4;Brad Pitt al cinema;1;Cosa c'è di speciale in Benjamin Button nel film di David Fincher?;Nato vecchio;Sordi nati;Nato cieco;Nato muto;La storia di Eric Roth e Robin Swicord si ispira al racconto omonimo risalente al 1922 e scritto da F.
243-7;Brad Pitt al cinema;1;"In che anno il thriller americano ""Seven"" è arrivato sugli schermi?";1995;1985;2001;2005;"Il film segna la nascita di una forte amicizia tra Brad Pitt e David Fincher, che dirigerà ""Fight Club"" e ""Benjamin Button""."
243-8;Brad Pitt al cinema;1;Nel cinema, qual è lo scopo del fight club gestito dall'enigmatico Tyler Durden?;Infrangere le regole;Diventa un assassino;Crea uno spettacolo;Vendita di farmaci;Nel film, Tyler Durden gestisce un club di combattimento clandestino che consente ai suoi membri di evacuare la loro infelicità dalla violenza.
243-9;Brad Pitt al cinema;1;"Cosa obbliga gli uomini a vivere sottoterra nel film ""L'esercito delle dodici scimmie""?";Virus;Guerra atomica;Riscaldamento;Meteorite;Per cercare di trovare una cura per il virus, gli scienziati usano i prigionieri e li mandano nel passato.
243-10;Brad Pitt al cinema;1;Quanti dei suoi figli aveva Brad Pitt intorno a lui alla fine del 2017?;Sei;Quattro;Otto;Cinque;I suoi figli sono: Maddox Chivan, Pax Thien, Zahara Marley, Shiloh Nouvel, Knox Léon e Vivienne Marcheline Jolie-Pitt.
243-11;Brad Pitt al cinema;2;In che anno è nato Brad Pitt a Shawnee, in Oklahoma?;1963;1964;1965;1975;"Individuato in una pubblicità di Levi, Brad Pitt è uscito dall'anonimato grazie a un piccolo ruolo nel film ""Thelma e Louise"" di Ridley Scott."
243-12;Brad Pitt al cinema;2;"Qual è il nome di Brad Pitt nel film ""Inglorious Basterds""?";Aldo Raine;Hans Landa;Fredrick Zoller;Hugo Stilglitz;Aldo ha un forte accento e un grande flusso di parole, e un fisico altalenante degli Appalachi, accentuato dalle sue origini amerindi.
243-16;Brad Pitt al cinema;2;Durante le riprese di quale film Brad si è innamorato di Angelina Jolie?;"""Mr. et Mrs. Smith""";"""Fury""";"""Kalifornia""";"""Le Mexicain""";"Il primo fotogramma del film, che mostra un elicottero sopra una città della Colombia, è tratto dal film ""Pericolo immediato""."
243-17;Brad Pitt al cinema;2;"Chi ha diretto il film ""E nel mezzo scorre un fiume"", pubblicato nel 1992?";Robert Redford;David Fincher;Quentin Tarantino;Steven Soderbergh;Robert Redford impiegò anni prima di riuscire a convincere Norman Maclean a dargli i diritti per adattare il suo libro.
243-18;Brad Pitt al cinema;2;"Quale attrice francese fa parte del cast del film ""Alliés"", uscito nel 2016?";Marion Cotillard;Catherine Deneuve;Mélanie Laurent;Juliette Binoche;Brad Pitt ha suggerito di girare le scene in ordine cronologico della trama, qualcosa di piuttosto raro nel cinema.
243-19;Brad Pitt al cinema;2;"Nel film ""Seven"", come si chiama il serial killer interpretato da Kevin Spacey?";John Doe;Gerry Lane;Max Vatan;Jackie Kogan;Kevin Spacey non viene deliberatamente accreditato nei titoli di testa in modo da lasciare che il mistero penda sull'identità del killer.
243-20;Brad Pitt al cinema;2;Quale marca di jeans ha pubblicizzato Brad Pitt per quello fuori dall'ombra?;Levi's;Lee Cooper;Pepe Jeans;Wrangler;"Prima di ciò, Brad Pitt ha risposto in particolare a Johnny Depp in ""21 Jump Street"" e ha recitato nel film horror ""Cutting Class""."
243-21;Brad Pitt al cinema;3;"In quale villaggio francese si trova Brad Pitt nel film ""Inglorious Basterds""?";Nadine;Josephine;Simone;Claudine;Se ci riferiamo alle indicazioni fornite al tenente Hicox prima della sua missione, sarebbe situato nel dipartimento dell'Oise.
243-23;Brad Pitt al cinema;3;A quale film con Brad Pitt è stato vietato l'ingresso in Cina quando è partito?;"""Sept ans au Tibet""";"""Sleepers""";"""Seven""";"""Fight Club""";La fedeltà del film agli eventi storici è contestata da Gary Wilson, giornalista del mondo dei lavoratori.
243-25;Brad Pitt al cinema;3;Quale film Brad Pitt ha ricevuto un Teen Choice Awards nel 2004?;"""Troie""";"""Babel""";"""Ocean's Eleven""";"""Le Mexicain""";Una versione lunga del film (30 minuti in più) è costata $ 1 milione in più al budget originale di $ 150 milioni.
243-26;Brad Pitt al cinema;3;"Quale di questi attori non recita al fianco di Brad Pitt nel film ""Cartel""?";Morgan Freeman;Michael Fassbender;Javier Bardem;Dean Norris;"Il film ""Cartel"" è dedicato alla memoria di Tony Scott, fratello del regista Ridley Scott, morto durante le riprese del film."
243-28;Brad Pitt al cinema;3;"In che anno è stato pubblicato il libro che ha ispirato il film ""Intervista con un vampiro""?";1976;1947;1982;1964;In questo libro di Anne Rice, un vampiro racconta la storia della sua vita a una giornalista di New Orleans negli anni '80.
243-30;Brad Pitt al cinema;3;"In quale città Louis e Claudia incontrano Armand in ""Intervista con un vampiro""?";Parigi;Roma;Siviglia;Berlino;River Phoenix avrebbe dovuto interpretare il ruolo dell'intervistatore, ma è morto poco prima dell'inizio delle riprese.
244-1;Narrativa per tutti;1;"Quale attore interpreta l'eroe del film ""Independance Day"", uscito nel 1996?";Will Smith;Bruce Willis;Jeff Goldblum;Tom Cruise;"""Independance Day"" è stato pubblicato nel 2010 in una versione lunga (edizione speciale) con otto minuti di scene aggiuntive."
244-2;Narrativa per tutti;1;"Chi ha immaginato lo scenario della saga di ""Star Wars"" negli anni '70?";Georges Lucas;Quentin Tarantino;James Cameron;J.J. Abrams;"George Lucas è anche il creatore e sceneggiatore della saga ""Indiana Jones"", diretta dal suo amico Steven Spielberg."
244-4;Narrativa per tutti;1;"Su quale pianeta del nostro Sistema Solare si svolge l'azione del film ""John Carter""?";Marzo;Giove;Saturno;Plutone;"È un adattamento gratuito del romanzo ""A Princess of Mars"" dell'autore americano Edgar Rice Burroughs, pubblicato nel 1917."
244-5;Narrativa per tutti;1;Quale attore interpreta un bicentenario in un film del 1999?;Robin Williams;Sam Neil;Kevin Spacey;Guy Pearce;La trama del film esplora questioni di umanità, schiavitù, libertà intellettuale, conformità, sesso, amore e mortalità.
244-8;Narrativa per tutti;1;"Quale attore talentuoso e sexy si è trovato ""Alone on Mars""?";Matt Damon;Clive Owen;Will Smith;Bruce Willis;Seguace del concept, Matt Damon ha accettato di interpretare il personaggio di Mark Watney due giorni dopo aver ricevuto la sceneggiatura.
244-9;Narrativa per tutti;1;Cosa stanno monitorando i membri dell'organizzazione ultra segreta Men in Black?;Alieni;Presidenti;Animali;Uragani;Grazie alle loro tecnologie avanzate, sono praticamente inesistenti, cancellando la memoria di testimoni fastidiosi.
244-11;Narrativa per tutti;2;"In quale serie è stato scoperto Olivia Cooke, presente nel film ""The Signal""?";"""Bates Motel""";"""Vampire Diaries""";"""Westworld""";"""Game of Thrones""";"Nel 2018, ha girato il suo primo film di successo per ""Ready Player One"", un film di fantascienza diretto da Steven Spielberg."
244-12;Narrativa per tutti;2;"Chi ha ricevuto numerosi riconoscimenti per i costumi per il film ""Il quinto elemento""?";Jean-Paul Gaultier;Pierre Cardin;Coco Chanel;John Galiano;Il bambino alla moda è globalmente considerato un simbolo della cultura francese ed è diventato un'icona.
244-13;Narrativa per tutti;2;"Quale attore incarna l'agente assicurativo Jacq Vaucan nel film ""Automata""?";Antonio Banderas;Will Smith;Sam Worthington;Ethan Hawke;La società di robotica ROC sta costruendo il Pilgrim 7000, un robot umanoide con un biokernel con intelligenza quantistica.
244-14;Narrativa per tutti;2;"Chi sostituisce gli uomini nei ring del film ""Real Steel""?";Robot;Animali;Ologrammi;Giocattoli;"""Real Steel"" include diversi riferimenti al film ""Rocky"", il robot che sembra non avere alcuna possibilità contro il campione."
244-17;Narrativa per tutti;2;"Qual è la nazionalità di Pierre Boulle, autore del romanzo ""Il pianeta delle scimmie""?";Francese;Svizzera;Belga;Canadese;Cinque anni dopo la morte di Pierre Boulle, sua nipote e suo marito scoprirono nuovi manoscritti inediti negli archivi.
244-20;Narrativa per tutti;2;"Chi ha composto la musica per il film ""The Fifth Element""?";Eric Serra;Hans Zimmer;John Williams;Marco Beltrami;"È la cantante Inva Mula che interpreta l'estratto di ""Lucia di Lammermoor"" di Gaetano Donizetti, ""Il dolce suono"" e la ""Diva Dance""."
244-22;Narrativa per tutti;3;"Cosa gestisce L'Union nel film americano-canadese ""Repo Men""?";Donazione di organi;Cloni;Robot;Astronavi;Le persone che non pagano i loro debiti pesanti dopo un trapianto di organi si trovano di fronte a uomini pronti contro termine, i compratori.
244-23;Narrativa per tutti;3;Nel cinema, quale movimento sostiene la tecnologia per migliorare la condizione umana?;Transumanesimo;Probiotico;Transgenetica;Tecnogenetica;I transumanisti considerano la disabilità, la sofferenza, la malattia, l'invecchiamento o la morte inutili.
244-24;Narrativa per tutti;3;"Nel 2019, chi domina il pianeta Terra nel film ""Daybreakers""?";Vampiri;Lupi mannari;Alieni;Demoni;"Sebbene non sia stato dimostrato alcun collegamento, la sceneggiatura di ""Daybreakers"" fa venire in mente il romanzo ""Attacking the invisible"" di A."
244-25;Narrativa per tutti;3;"Cosa stiamo cercando di trasferire al film ""Renaissances"" con Ben Kingsley?";Coscienza;Intelligenza;Organi;Sangue contaminato;"La premessa del film è molto vicina al film ""The Diabolical Operation"", diretto da John Frankenheimer, pubblicato nel 1966."
244-28;Narrativa per tutti;3;In quale film Johnny Depp trasferisce la coscienza su un computer?;"""Transcendance""";"""Renaissance""";"""Aeon Flux""";"""The Island""";"""Transcendance"" è in origine una sceneggiatura di Jack Paglen che ha sviluppato parlando a lungo con sua moglie, un informatico."
244-30;Narrativa per tutti;3;"Quale attore doveva originariamente indossare il costume ""Predator"" del 1987?";J-C Vandamme;Sylvester Stallone;Dolph Lungdren;Samuel L. Jackson;Jean-Claude Vandamme verrà sostituito durante le riprese, credendo che per lui il costume fosse troppo pesante e difficile da indossare.
246-1;Misteri del mondo;1;In quale città del New Mexico si sarebbe schiantato un UFO?;Roswell;Albuquerque;Santa Fé;Las Vegas;Il sito dell'impatto si trova a 120 km dalla città stessa, più vicino a Corona, ma la base di Roswell era responsabile delle indagini.
246-4;Misteri del mondo;1;Nell'immaginazione degli uomini, di che colore sarebbero gli extraterrestri?;Grigio;Viola;Blu;Rosso;È con l'incontro di Kelly-Hopkinsville che la rappresentazione dei piccoli grigi si ancorerà alla coscienza popolare.
246-6;Misteri del mondo;1;Qual è stato il boom del turismo soprannominato il mostro di Loch Ness?;Nessie;Jessie;Lucie;Locky;Questa leggendaria creatura del lago che si crede viva in Scozia è descritta come simile a un serpente marino o un plesiosauro.
246-11;Misteri del mondo;2;Per quale scopo emergono le larve di Magicicada ogni 17 anni?;Riprodurre;Mangiare;Trasformare;Suicidarsi;La diciassettenne Cicada si trova negli Stati Uniti orientali, dalla Louisiana al Massachusetts e dalla Georgia al Wisconsin.
246-12;Misteri del mondo;2;In che anno la CIA è stata costretta a confermare l'esistenza dell'Area 51?;2013;2014;2012;2011;Il 15 agosto 2013, un documento top secret di 400 pagine è stato declassificato, formalizzando l'esistenza dell'Area 51 in Nevada.
246-16;Misteri del mondo;2;Qual è il soggetto del manoscritto Voynich, illustrato e anonimo?;Piante sconosciute;Leggende pagane;Sesso;Mappa del tesoro;Nonostante i tentativi dei crittografi, la natura esatta di questo documento, il suo scopo e il suo autore rimangono un enigma.
246-19;Misteri del mondo;2;In che anno le linee di Nazca sono state inserite nell'elenco dell'UNESCO?;1994;1985;2006;1977;Queste grandi figure disegnate a terra per diversi chilometri sono visibili nel deserto di Nazca, nel sud del Perù.
246-20;Misteri del mondo;2;Da quale regione della Francia è venuta la prima menzione incontrastata della Sindone di Torino?;Champagne;Borgogna;Dordogne;Normandia;Questo lenzuolo di lino ingiallito lungo quattro metri mostra un'immagine sfocata di un uomo con ferite compatibili con la crocifissione.
246-21;Misteri del mondo;3;Quali farfalle del Nord America volano per 4000 km per migrare verso sud?;Monarchi;Atlides;Calospila;Godyris;Nella fase adulta, la farfalla monarca mostra dimorfismo sessuale. I maschi sono più alti ma le loro ali sono più sottili.
246-22;Misteri del mondo;3;Qual è la particolarità di alcune pietre nella Valle della Morte?;Si muovono;Fischiettano;Esplodono;Sono vuoti;La Death Valley è un deserto che fa parte del deserto del Mojave e ha un clima subtropicale desertico caldo.
246-23;Misteri del mondo;3;In che anno Jerry Ehman ha ricevuto il segnale Wow di origine inspiegabile?;1977;1987;1969;2001;Di origine inspiegabile, questo segnale di 72 secondi non è stato rilevato da allora e ha ricevuto una significativa attenzione da parte dei media.
246-26;Misteri del mondo;3;Qual era la nazionalità di Pernier che scoprì il disco di Festo?;Italiano;Francese;Austriaco;Canadese;Il suo diametro è di circa sedici centimetri ed è ricoperto, su entrambi i lati, da geroglifici stampati con punzoni.
246-27;Misteri del mondo;3;In quante lingue sono scritti i Dieci Comandamenti delle Georgia Guidestones?;Otto;Sei;Dieci;Quindici;La targa a terra fornisce riferimenti astronomici e promette una capsula del tempo sepolta, da aprire senza una data precisa.
246-28;Misteri del mondo;3;In che anno è stata ritrovata la Mary Celeste a bordo intatta ma senza equipaggio?;1872;1972;1672;1772;Il mistero che circonda la scomparsa dei marinai non è mai stato risolto, lasciando la Mary Celeste una famosa nave fantasma.
246-30;Misteri del mondo;3;Quale sito fu visitato per la prima volta dagli archeologi nel 1911 nella valle dell'Indo?;Mohenjo-daro;Teotihuacan;Machu Picchu;Cartagine;La città rivela un'urbanizzazione premurosa e pianificata nella disposizione delle strade, formando una griglia e un viale largo 10 metri.
247-1;Central Park;1;Quanto è grande Central Park nel quartiere di Manhattan?;341 ha;234 ha;198 ha;443 ha;Il parco è gestito dalla Central Park Conservancy che ha un budget annuale di $ 200 milioni.
247-3;Central Park;1;In quale edificio di lusso ai margini di Central Park si trovava John McEnroe?;Beresford;Eldorado;Ansonia;One57;Il Beresford, come i San Remo Apartments, ospita anche una coppia di residenti inaspettati: i falchi.
247-5;Central Park;1;Quale roccia è anche il punto più alto di Central Park?;Summit Rock;Rat Rock;Vista Rock;Line Rock;Situato nella parte occidentale del parco, all'83a strada, Summit Rock raggiunge l'elevazione di 137,5 piedi, quasi 42 metri di altezza.
247-6;Central Park;1;A chi è dedicato lo Strawberry Fields Memorial, progettato da Bruce Kelly?;John Lenon;Michael Jackson;Elvis Presley;Jimi Hendrix;Strawberry Fields è stato inaugurato il 45 ° compleanno di John Lennon, il 9 ottobre 1985, alla presenza della sua vedova Yoko Ono.
247-7;Central Park;1;In quale anno è stato celebrato con grande sfarzo il 150 ° anniversario del parco?;2003;1993;1983;2013;Fu necessario distruggere lì 300.000 metri cubi di rocce, prosciugare il terreno paludoso e portare un'enorme quantità di terra.
247-9;Central Park;1;Per quale attività il Reservoir è meglio conosciuto dai newyorkesi?;Jogging;Pesca;Sci nautico;Immersioni;La pista da jogging di 2,54 km che circonda questo grande specchio d'acqua accoglie migliaia di sportivi che lo percorrono ogni giorno.
247-10;Central Park;1;Quanti ponti ha Central Park nel complesso?;36;24;12;48;I 36 ponti costruiti da Vaux sono tutti unici nella loro architettura e costruiti con granito, scisto o metallo.
247-12;Central Park;2;Come si chiamava Central Park dopo la crisi economica del 1929?;Hooverville;Kibera;Township;Trenchtown;Una serie di baraccopoli sorse negli Stati Uniti durante la Grande Depressione, dal 1929 fino agli anni '40.
247-13;Central Park;2;Su quale roccia di Central Park è costruito il Castello del Belvedere?;Vista Rock;Rat Rock;Summit Rock;Body Rock;Realizzato in scisto, è con Summit Rock una delle formazioni naturali più alte del parco, che culmina a circa 40 metri.
247-15;Central Park;2;Quale area di Central Park è stata utilizzata come pascolo fino al 1934?;Sheep Meadow;High Line;Bowling Green;Pelham Bay;Attualmente è un prato molto adatto per oziare e prendere il sole, con i newyorkesi che lo usano come spiaggia.
247-17;Central Park;2;Su quale roccia quasi circolare pratichi il bouldering?;Rat Rock;Summit Rock;Vista Rock;Green Rock;Questa roccia di scisto, nota anche come roccia degli arbitri, deve il suo nome ai ratti che vi proliferano di notte.
247-20;Central Park;2;Quanti campi sportivi ha Central Park fino ad oggi?;21;11;31;41;Central Park offre molte attività per bambini, tra cui un teatro delle marionette allo Swedish Cottage.
247-22;Central Park;3;Quanti alberi sono stati piantati durante lo sviluppo del parco?;500.000;400.000;300.000;200.000;1.500 operai hanno lavorato ogni giorno per piantare questi 500.000 alberi. Completato nel 1869, il sito ha causato la morte di cinque lavoratori.
247-23;Central Park;3;Quale parco specializzato è stato creato nel 1864 all'interno dello stesso Central Park?;Uno zoo;Un circo;Una riserva;Un campeggio;Lo zoo ospita orsi polari e specie animali in via di estinzione come il tamarindo, il rospo del Wyoming o il panda minore.
247-24;Central Park;3;A chi Fiorello LaGuardia ha affidato il compito di riabilitare Central Park?;Robert Moses;Daniel Burnham;Paul Davidoff;Kevin Lynch;Il capomastro è l'architetto di New York, Long Island, Rockland County e Westchester County.
247-26;Central Park;3;In quante parti Olmsted voleva separare il suo futuro parco?;Tre;Quattro;Cinque;Sei;Una parte pastorale, una pittoresca e una parte formale che accolgono una fontana e uno specchio d'acqua.
247-28;Central Park;3;Quale fontana di Central Park fu progettata da Emma Stebbins nel 1868?;Bethesda;McMillan;Birraio;Vaillancourt;I quattro cherubini della fontana inaugurata nel 1873 rappresentano le virtù: temperanza, purezza, prosperità e pace.
248-1;Pamela Anderson;1;Che ruolo ha rivelato al mondo Pamela Anderson?;CJ Parker;Skyler Dayton;Vallery Irons;Stephanie Holden;"""Baywatch"" rimane la serie più guardata al mondo con oltre un miliardo di spettatori a settimana."
248-3;Pamela Anderson;1;In quale film interpreta una sexy mercenaria in un futuro alla deriva?;"""Barb Wire""";"""Naked Souls""";"""No Rules""";"""Jackhammer""";Diretto da David Hogan, uscito nel 1996, il film è basato sull'omonima serie di fumetti di Dark Horse Comics.
248-4;Pamela Anderson;1;In quale video musicale della cantante francese Pamela Anderson è apparsa nel 2016?;Julien Doré;Julien Clerc;Pascal Obispo;Patrick Bruel;"Pamela Anderson fa un'apparizione nel video musicale della canzone ""Le Lac"", diretta dallo stesso Julien Doré e da Brice VDH."
248-7;Pamela Anderson;1;Con quale calciatrice dell'OM Pamela Anderson si è trasferita al Marsiglia?;Adil Rami;Bouna Sarr;Jordan Amavi;Dimitri Payet;Con i Blues, Adil Rami ha partecipato a Euro 2012, Euro 2016 e ai Mondiali 2018 che ha vinto con la sua squadra.
248-8;Pamela Anderson;1;Di quale rivista è Pamela Anderson la detentrice del record di copertina?;"""Playboy""";"""Lui""";"""Elle""";"""Max""";Grazie alla sua plastica e al suo petto di un metro, ha posato tredici volte per i numeri successivi dell'edizione americana.
248-9;Pamela Anderson;1;Quanti figli ha avuto Pamela Anderson con Tommy Lee?;Due;Tre;Quattro;Cinque;Sposati solo un mese dopo il loro incontro, hanno avuto due figli: Brandon Thomas nato nel 1996 e Dylan Jagger nato nel 1997.
248-12;Pamela Anderson;2;Quale serie TV è stata interpretata e prodotta da Pamela Anderson?;"""V.I.P.""";"""Naked City""";"""Dominion""";"""Love Therapy""";La serie andata in onda nel 1999 era un mix di azione e commedia in cui Pamela Anderson si divertiva a suonare con la sua immagine scandalistica.
248-13;Pamela Anderson;2;"Quante stagioni hanno le serie televisive ""Letture di una bionda""?";Due;Tre;Quattro;Cinque;Stanca di passare il tempo a fare festa, Skyler Dayton decide di cambiare vita e viene assunta in una piccola libreria.
248-14;Pamela Anderson;2;"Con quale attore di ""Baywatch"" Pamela Anderson ha avuto una storia d'amore?";David Charvet;David Hasselhoff;Parker Stevenson;Billy Warlock;"L'attore e cantante francese David Charvet è noto per i suoi ruoli in ""Baywatch"" e ""Melrose Place"" negli anni '90."
248-15;Pamela Anderson;2;Nel 2003, in quale film di David Zucker interpretava Becca?;"""Scary Movie 3""";"""An American Carol""";"""Prof et Rebelle""";"""Baseketball""";Becca e Cathy sono due bionde senza cervello. Cathy è stata la prima vittima, quando lei e Becca erano da sole a casa sua.
248-16;Pamela Anderson;2;"Quale attrice americana ha recitato al fianco di ""Blonde and Blonder""?";Denise Richards;Halle Berry;Rosamund Pike;Michelle Yeoh;"Denise Richards è un'ex modella che è salita alla ribalta grazie al suo ruolo nel thriller erotico ""Sexcrimes""."
248-17;Pamela Anderson;2;In quale film horror indipendente di James Franco è apparsa Pamela Anderson?;"""The Institute""";"""Les Insoumis""";"""The Broken Tower""";"""The Ape""";Questo film acclamato dalla critica è interpretato da James Franco, Tim Blake Nelson, Pamela Anderson, Josh Duhamel ed Eric Roberts.
248-19;Pamela Anderson;2;"Quale film ha lo slogan: ""Pamela Anderson: i suoi pensieri messi a nudo...""?";"""Naked Souls""";"""The Institute""";"""Snapdragon""";"""Barb Wire""";Sebbene interpreti solo un piccolo ruolo nella trama, gran parte della pubblicità del film si concentra su di lei.
248-20;Pamela Anderson;2;In quale film americano-australiano Pamela Anderson interpreta il suo ruolo?;"""Scooby-Doo""";"""Naked Souls""";"""Scary Movie 3""";"""Barb Wire""";Il film è stato girato a Gold Coast, nota per il suo clima perfetto, ma le riprese hanno dovuto essere interrotte a causa del raffreddore.
248-21;Pamela Anderson;3;Chi sarebbe responsabile dell'epatite C di cui soffre Pamela Anderson?;Tommy Lee;Kelly Slater;Kid Rock;Charlie Sheen;Anche Pamela Anderson era sotto processo con quest'ultima in questo momento perché voleva ottenere l'affidamento esclusivo dei suoi figli.
248-22;Pamela Anderson;3;Di quale strumento musicale si era appassionata quando era giovane?;Sassofono;Piano;Chitarra;Batteria;Laureata alla Highland Secondary School nel 1985, il suo sogno e la sua ambizione erano già al momento di diventare famosa.
248-24;Pamela Anderson;3;Chi appare al fianco di Pamela Anderson nel suo secondo sextape pubblicato nel 1998?;Bret Michaels;Jason Meadows;Rikki Rockett;Bobby Dall;"L'umorismo infallibile e l'entusiasmo di Bret Michaels di fronte alla sfortuna cancellano l'immagine di un rocker ""leggero""."
248-25;Pamela Anderson;3;Quale libro autobiografico ha pubblicato Pamela Anderson nel 2004?;"""Star""";"""Baywatch""";"""Nude""";"""Perfect""";Nello stesso anno, Pamela Anderson ha ottenuto la cittadinanza americana, oltre alla cittadinanza canadese.
248-26;Pamela Anderson;3;Quanto è durato il matrimonio tra Pamela Anderson e Kid Rock?;Quattro mesi;Due anni;Dodici giorni;Due quarti;Nel 2006, Pamela Anderson si era riunita con Kid Rock, la coppia che si era sposata nell'estate del 2006 su uno yacht vicino a Saint-Tropez.
248-28;Pamela Anderson;3;In quale titolo del gruppo Lit Pamela Anderson è apparsa nel video musicale?;"""Miserable""";"""Over My Head""";"""Four""";"""My World""";"La band punk rock americana Lit ha aperto per il tour ""Americana"" di The Offspring."
248-29;Pamela Anderson;3;"Cosa significano le lettere C.J. dal suo famoso ruolo in ""Baywatch""?";Casey Jean;Cathy Jordan;Cindy Johanna;Cynthia Joelle;Nel 2014, David Hasselhoff ha spiegato che il rallentatore ha permesso di allungare la durata degli episodi e di ridurre i budget.
248-30;Pamela Anderson;3;Su invito di chi ha preso posizione contro l'alimentazione forzata di oche e anatre?;Laurence Abeille;Pascale Boistard;Catherine Coutelle;Huguette Bello;Consigliere e poi membro del Parlamento dal 2012 al 2017, Laurence Abeille è il 46 ° membro più influente dell'Assemblea nazionale su 577.
255-1;Mont Saint-Michel;1;Mont Saint-Michel si trova a est della foce di quale fiume?;Couesnon;Herault;Rance;Vire;Il Couesnon è un piccolo fiume costiero francese che scorre attraverso i tre dipartimenti di Ille-et-Vilaine, Manche e Mayenne.
255-5;Mont Saint-Michel;1;Qual è l'agnello migliore da mangiare grigliato sul fuoco di legna?;Dal prato salato;Cheviot;Lincoln;Romanov;La particolarità di questa carne è che è ottenuta dallo sfruttamento dei pascoli di prati salati grazie alla gestione pastorale delle mandrie.
255-6;Mont Saint-Michel;1;Quale specialità di soufflée di Mont Saint-Michel viene cucinata a fuoco vivo?;Omelette;Arachidi;Zucchine;Galinette;Madre Poulard ha sviluppato questa ricetta dopo aver notato che i pellegrini arrivavano affamati a Mont Saint-Michel.
255-7;Mont Saint-Michel;1;Quanti posti auto sono stati previsti nel nuovo parcheggio?;4000;3.000;2.000;1.000;Costruito a sud della diga di Caserne sul Couesnon, a 2.500 metri dalla montagna, il parcheggio dispone di 45.000 alberi e arbusti.
255-8;Mont Saint-Michel;1;Quale famoso romanzo di Dan Brown si riferisce a Mont Saint-Michel?;"""Da Vinci Code""";"""Inferno""";"""Origine""";"""Anges et Démons""";"Le tesi del romanzo sono in gran parte ispirate a ""The Sacred Enigma"", un saggio pubblicato nel 1982 da tre giornalisti britannici."
255-9;Mont Saint-Michel;1;Quale fenomeno è dovuto al fatto che la baia del monte è praticamente piatta?;Sabbie mobili;Argine;Tempesta di sabbia;Terreno argilloso;Contrariamente alla credenza popolare, un corpo catturato nelle sabbie mobili non viene risucchiato nel fondo ma galleggia anche due volte.
255-12;Mont Saint-Michel;2;"A chi dobbiamo il thriller ""Le Sang du temps"" ambientato a Mont Saint-Michel?";Maxime Chattam;René Charvin;Bertrand Chéron;Antoine Chainas;"""Le Sang du temps"" è un romanzo poliziesco scritto da Maxime Chattam, pubblicato in Francia da Michel Lafon edizioni nel 2005."
255-14;Mont Saint-Michel;2;Quale percentuale di turisti da Mont Saint-Michel sale all'abbazia?;33%;22%;44%;55%;Con un tempo di visita di 3 ore, è tra le 11:00 e le 16:00 che la densità di visitatori del sito è più alta.
255-15;Mont Saint-Michel;2;Quale film di Michael Bay è stato girato parzialmente a Mont Saint-Michel?;"""Armageddon""";"""Six Underground""";"""13 Hours""";"""No Pain No Gain""";"Lo stesso anno (1998) è uscito ""Deep Impact"", un altro film con la stessa trama, incentrato sul lato umano."
255-19;Mont Saint-Michel;2;Che tipo di pesca consiste nel posare le reti sulle rive e nel manovrarle?;Pesca da riva;Pesca profonda;Rete da pesca;Pesca a strascico;A causa delle condizioni di pesca, le alte maree sono molto favorevoli a questa attività, con un'elevata popolazione di crostacei.
255-22;Mont Saint-Michel;3;Quale fenomeno permette di scoprire gran parte della baia?;Marnage;Halocline;Tourbillon;Altimetria;L'escursione di marea è, per un dato giorno, la differenza di altezza dell'acqua tra il livello del mare alto e quello della bassa marea.
255-23;Mont Saint-Michel;3;Quale macchina una volta trasportava i visitatori a Mont Saint-Michel?;Maringotte;Gyrobus;Vestirsi;Podoscaphe;La maringotte è una carrozza trainata da cavalli a due ruote, sospesa su molle a pinzetta, con panche mobili.
255-25;Mont Saint-Michel;3;Quanti visitatori si recano in media a Mont Saint-Michel ogni giorno?;12.000;9.000;6.000;15.000;Le vette superano i 16.000 visitatori al giorno, con un flusso meno denso come la salita verso l'abbazia.
255-26;Mont Saint-Michel;3;Quale grande costruttore e storico era il sedicesimo abate di Mont Saint-Michel?;Robert de Torigni;Geoffroi Malaterra;Bernat Desclot;Gilbert de Mons;Vi realizzerà importanti lavori costruendo le due torri occidentali e l'edificio (albergo e infermeria).
255-27;Mont Saint-Michel;3;Quale prigioniero di Mont Saint-Michel è stato soprannominato il rinchiuso?;Auguste Blanqui;Jules Senard;Joseph Sobrier;Antoine Fombertaux;"Nel 1880 Auguste Blanqui pubblica il quotidiano ""Ni Dieu ni maître"", il cui titolo è diventato un riferimento per il movimento anarchico."
255-28;Mont Saint-Michel;3;In quale album di Mike Oldfied si trova uno dei brani dedicati a Mont Saint-Michel?;"""Voyager""";"""Amarok""";"""Discovery""";"""Crises""";L'album contiene cinque cover della tradizione celtica, una cover del galiziano Luar na Lubre e quattro composizioni originali.
255-29;Mont Saint-Michel;3;In che anno un francobollo da 3 franchi francesi rappresentava Mont Saint-Michel?;1998;1988;1978;1968;Nel 1998, un nuovo francobollo da 3 franchi francesi, dall'aspetto multicolore, sarà votato all'unanimità il francobollo più bello dell'anno.
256-1;Commedie al cinema;1;Chi incontra Kad Merad sulla realtà del Nord in un film popolare?;Michel Galabru;Stéphane Freiss;Jean Rochefort;Guy Montagné;"Michel Galabru interpreta, nel film ""Bienvenue chez les Ch'tis"", il prozio di Julie, che da bambino viveva al Nord."
256-2;Commedie al cinema;1;"Chi è l'inseparabile partner di Louis de Funès a ""Le Corniaud""?";Bourvil;Fernandel;Yves Montand;Michel Galabru;Lo scenario è ispirato all'affare Jacques Angelvin, un presentatore francese arrestato negli Stati Uniti nel 1962 al volante di una Buick Invicta.
256-3;Commedie al cinema;1;Quale prete ribelle Fernandel indossava spesso l'abito talare?;Don Camillo;Don Patillo;Don Corleone;Don Diego de la Vega;Don Camillo è un personaggio immaginario creato nel 1948 dal comico, scrittore e designer italiano Giovannino Guareschi.
256-5;Commedie al cinema;1;"Chi interpreta il patrigno di Ben Stiller in ""Io e il mio patrigno""?";Robert De Niro;Al Pacino;Jean Reno;Danny DeVito;"Il successo del film ha portato nel 2002 a un reality show americano chiamato ""Io e la mia famiglia"" (Meet my folks)."
256-6;Commedie al cinema;1;Quale personaggio preferito è stato creato e interpretato da Jacques Tati?;Hulot;Cruchot;Charlot;Ribouldingue;È un personaggio con tutte le caratteristiche del cinema muto, anche se tutti i suoi film parlano.
256-7;Commedie al cinema;1;"Quale attore incarna un brillante uomo d'affari in ""Pretty Woman""?";Richard Gere;Mel Gibson;Hugh Grant;Bruce Willis;Il ruolo di Vivian è stato rifiutato da Michelle Pfeiffer, Valeria Golino e Darryl Hannah che hanno ritenuto il ruolo degradante per l'immagine delle 
256-8;Commedie al cinema;1;Qual è la prima risoluzione presa da Bridget Jones?;Perdere peso;Smetti di fumare;Smetti di bere;Trova un fidanzato;Le mutandine a copertura totale indossate da Renée Zellweger e firmate da Hugh Grant sono state battute all'asta per £ 2.
256-11;Commedie al cinema;2;"Quale di questi attori non compare nei titoli di coda del film ""Les Compères""?";Gad Elmaleh;Gérard Depardieu;Philippe Khorsand;Stéphane Bierry;"Nel 1997 Ivan Reitman ha diretto un revival americano del film intitolato ""Funny Fathers"", con Robin Williams e Billy Crystal."
256-13;Commedie al cinema;2;All'inizio del film di Rob Reiner del 1989, Harry e Sally sono...;Amici;Sposato;Amanti;Divorziato;L'idea per il film è venuta a Rob Reiner dopo il suo divorzio: ha fornito le basi per il personaggio di Harry e quello di Sally per lo sceneggiatore.
256-14;Commedie al cinema;2;Che lavoro fa Austin Powers durante il giorno nel film di Jay Roach?;Fotografo di moda;Agente segreto;Veterinario;Avvocato;Mike Myers interpreta i due ruoli principali nel film, motivo per cui vediamo raramente i due personaggi insieme sullo schermo.
256-16;Commedie al cinema;2;"Nel film ""La Doublure"", quale attore interpreta il ruolo principale?";Gad Elmaleh;Louis Garrel;Michel Blanc;Dany Boon;"Un cenno al film ""Le Diner de cons"" (sempre di Francis Veber) appare nel film con i cavatappi di Michel Jonasz."
256-17;Commedie al cinema;2;"Che professione ha Pierre Richard in ""Il biondo alto con una scarpa nera""?";Musicista;Scrittore;Idraulico;Fabbro;Presentato al Louvre l'abito nero scollato dalla schiena alla nascita dei glutei di Mireille Darc, firmato Guy Laroche.
256-18;Commedie al cinema;2;"A quale autore-regista dobbiamo ""The Goat"" o anche ""Le Diner de cons""?";Francis Veber;Bertrand Blier;Pierre Richard;Patrice Leconte;Gli scenari di Veber prediligono il burlesque e sono ambientati in un meccanico da boulevard, basato su un duetto comico.
256-21;Commedie al cinema;3;Quale attore interpreta il ruolo di Tanguy nel film omonimo, uscito nel 2001?;Eric Berger;Jean Dujardin;Vincent Cassel;Jean-Paul Rouve;Il primo nome Tanguy è ora utilizzato nella lingua per designare un giovane adulto che si diverte a vivere con i suoi genitori.
256-23;Commedie al cinema;3;"Dove si svolge l'azione nella commedia di Woody Allen del 1998 ""Celebrity""?";New York;Londra;Messico;Parigi;Questa commedia è uno sguardo divertito attraverso due personaggi su ciò che le persone sono disposte a fare per rimanere famose.
256-24;Commedie al cinema;3;"Quale di queste attrici non compare nei titoli di coda del film ""Le Placard""?";Anny Duperey;Michèle Laroque;Alexandra Vandernoot;Armelle Deutsch;Alain Poiré, il produttore del film, è morto durante le riprese.
256-25;Commedie al cinema;3;"In ""Il magnifico"", di quale agente Jean-Paul Belmondo ha scritto le avventure?";Bob Saint-Clar;Arch Stanton;Brett Sinclair;Danny Wilde;L'eroe è una fusione di diversi eroi roteanti come James Bond, San Antonio o Malko Linge.
256-26;Commedie al cinema;3;A quale regista degli anni '70 dobbiamo molte commedie blackfoot?;Philippe Clair;Max Pécas;Jean Girault;Charles Gérard;A differenza di altri registi di questo periodo, nessuna retrospettiva è stata pubblicata, spingendo questi film nell'oblio.
256-29;Commedie al cinema;3;"In quale macchina viaggia Gérard Depardieu nel film ""Les Compères""?";BMW;Audi;Mercedes;Renault;"Dopo il film ""Les Compères"", Gérard Depardieu è stato nominato per il César come miglior attore alla nona cerimonia César."
257-2;Charlize Theron;1;Con quale film Charlize Theron ha vinto un Oscar per la migliore attrice?;"""Monster""";"""Sleepwalking""";"""Hancock""";"""Young Adult""";"""Monster"", il primo lungometraggio diretto da Patty Jenkins nel 2003, racconta la vita di Aileen Wuornos in modo romantico."
257-3;Charlize Theron;1;Quale di queste professioni Charlize Theron non ha mai esercitato?;Avvocato;Attrice;Produttore;Manichino;Charlize è cresciuta in un ambiente rurale nella fattoria dei suoi genitori, che possedevano anche una società di costruzioni stradali.
257-4;Charlize Theron;1;"Chi interpreta Charlize Theron come moglie schizofrenica in ""The Devil's Associate""?";Keanu Reeves;Joaquin Phoenix;Javier Bardem;Christoph Waltz;Il titolo del film è un riferimento agli avvocati del diavolo la cui origine risale ai processi di canonizzazione della Chiesa cattolica.
257-5;Charlize Theron;1;Con quale membro della sua famiglia ha sempre avuto uno stretto rapporto?;Sua madre;Suo padre;Suo fratello;Sua sorella;Sua madre Gerda lo incoraggiava continuamente a intraprendere la carriera di ballerino, poi di modella e infine di attrice.
257-6;Charlize Theron;1;In quale film Charlize Theron ha interpretato il ruolo di Aileen Wuornos?;"""Monster""";"""Tully""";"""Gringo""";"""Young Adult""";Ha studiato un documentario di Nick Broomfield su questo serial killer e ha trascorso del tempo con uno degli amici di Wuornos.
257-7;Charlize Theron;1;Quale film con Charlize Theron è basato su una serie televisiva animata?;"""Aeon Flux""";"""La Route""";"""Mauvais Piège""";"""The Yards""";"L'attrice Michelle Rodriguez è stata scelta per interpretare il personaggio principale, seguendo la sua associazione in ""Girlfight""."
257-8;Charlize Theron;1;Di quale rivista Charlize Theron ha fatto la prima pagina nel giugno 1999?;Playboy;Vanity Fair;Maxim;FHM;Nel 2010, la rivista FHM ha classificato Charlize come la 56a donna più bella del mondo e la 16a nella lista della rivista Maxim.
257-9;Charlize Theron;1;"Quale prequel del classico ""Alien"" ha interpretato Charlize Theron?";"""Prometheus""";"""Requiem""";"""Predator""";"""Covenant""";"Gli sfondi esterni per gran parte del film di ""Prometheus"" sono stati girati a Wadi Rum, in Giordania."
257-10;Charlize Theron;1;In quale film Charlize Theron interpreta una madre sopraffatta ed esausta dalla sua maternità?;"""Tully""";"""Atomic Blonde""";"""The Last Face""";"""Monster""";"Il film ""Tully"" segna la sua riunione con il regista Jason Reitman e lo sceneggiatore Diablo Cody, sette anni dopo ""Young Adult""."
257-12;Charlize Theron;2;In che anno ha ricevuto la sua stella sulla Hollywood Boulevard Walk of Fame?;2005;2010;2015;2000;Realizzata in graniglia, ogni piastrella ha una stella rosa a cinque punte con contorno in ottone su fondo antracite.
257-13;Charlize Theron;2;Che passione aveva Charlize alla National School Of The Arts?;Danza;Fotografia;Scultura;Pittura;Ha iniziato la pratica quando aveva 6 anni con lezioni di danza classica, le sue esibizioni hanno deliziato sua madre.
257-14;Charlize Theron;2;Con chi Charlize Theron ha fatto il suo vero debutto cinematografico?;James Spader;Forest Whitaker;Jack Lemmon;William Hurt;"È nel thriller ""Two Days In The Valley"", di John Herzfeld, che interpreta il ruolo della fidanzata di James Spader."
257-15;Charlize Theron;2;In quanti film è apparso Charlize Theron nel 2000?;Quattro;Tre;Cinque;Sei;Nonostante questo promettente inizio della sua carriera, gli anni 2000 hanno visto una successione di film con un successo commerciale molto limitato.
257-17;Charlize Theron;2;"A quale regina presta la sua plastica in ""Biancaneve e il cacciatore""?";Ravenna;Eleanor;Furiosa;Agathe;I produttori avevano già scommesso su Charlize Theron nel ruolo di Ravenna, ma la scelta del ruolo principale era ancora incerta.
257-18;Charlize Theron;2;Quale titolo di film di David Leitch incarna perfettamente la bellissima Charlize Theron?;"""Atomic Blonde""";"""The Last Face""";"""Tully""";"""Gringo""";"La stampa dirà: ""Da qualche parte tra Bourne e Bond, è una ricetta un po 'ridicola, ultraviolenta e selvaggiamente divertente""."
257-19;Charlize Theron;2;Quale attore era Charlize Theron, la compagna del 2002-2010?;Stuart Townsend;Craig Bierko;Sean Penn;Keanu Reeves;Laureato alla Gaity School of Acting di Dublino, Stuart Townsend è stato un pugile prima di fare il suo debutto cinematografico nel 1996.
257-20;Charlize Theron;2;Da quale Coppa del mondo di calcio Charlize Theron ha presentato il sorteggio?;2010;2014;2018;2006;Questo evento, che si è svolto a Città del Capo, in Sud Africa, è stato trasmesso in 200 paesi e visto da oltre 200 milioni di telespettatori.
257-21;Charlize Theron;3;In quale paese ha vinto l'International New Model Today a 16 anni?;Italia;Grecia;Spagna;Portogallo;Questa vittoria le ha dato l'opportunità di diventare una modella professionista, di lasciare la scuola e di volare a Milano.
257-22;Charlize Theron;3;In quale film d'animazione 3D è Charlize Theron la narratrice?;"""Astro Boy""";"""Ayako""";"""Alabaster""";"""Jetter Mars""";"Il film presenta il personaggio creato all'inizio degli anni '50 da Osamu Tezuka, ""Astro, il piccolo robot""."
257-24;Charlize Theron;3;Quale talent scout ha mandato l'ambiziosa Charlize ai corsi di recitazione?;John Crosby;Mike Lansburry;Eddy Michaels;Evan McCreedy;La manda lì principalmente per cancellare il suo accento afrikaans molto pronunciato e condivide con lei le sue conoscenze.
257-25;Charlize Theron;3;Quale serie TV Netflix ha prodotto Charlize Theron con David Fincher?;"""Mindhunter""";"""Frontier""";"""Iron Fist""";"""Godless""";Il personaggio Holden Ford è ispirato dall'agente dell'FBI John Douglas e Bill Tench dall'agente dell'FBI Robert Ressler.
257-26;Charlize Theron;3;Quand'è che Charlize Theron è stata votata Donna dell'anno da Hasty Pudding Theatricals?;2008;2010;2012;2014;"Tuttavia, lo stesso anno, solo il blockbuster ""Hancock"" gli ha permesso di distinguersi, senza convincere la critica."
257-27;Charlize Theron;3;In quale film Charlize Theron dà la risposta a Jean Reno?;"""The Last Face""";"""Flarsky""";"""Atomic Blonde""";"""Dark Places""";Prima che Charlize Theron fosse confermata nei ruoli principali, Robin Wright era coinvolto nel film.
257-28;Charlize Theron;3;Qual è il nome della bambina adottata da Charlize Theron nel 2015?;Agosto;Aprile;Giugno;Gennaio;Per quanto riguarda l'educazione dei suoi figli, l'attrice afferma di essersi ispirata ai francesi, per gestire la vita familiare e professionale.
257-29;Charlize Theron;3;In Francia, chi è la normale voce francese di Charlize Theron?;Barbara Kelsch;Anne Jolivet;Claude Chantal;Claudine Meunier;Barbara Kelsch è in particolare la normale voce francese di Milla Jovovich, Gwyneth Paltrow, Charlize Theron e Michelle Monaghan.
257-30;Charlize Theron;3;Quale organizzazione le ha conferito il premio attrice del decennio nel 2012?;CinemaCon;Gotham Awards;Camerimage;Berlinale;Ribattezzato CinemaCon Awards nel 2012, i premi sono stati rilanciati nel 2013 con un focus sul cinema indipendente.
260-1;La patata;1;Quale azienda è il maggior produttore mondiale di patatine fritte surgelate?;McCain Foods;Lutosa;Vico;Mousline;McCain Foods, con sede a Toronto, impiega circa 20.000 persone nei suoi 55 stabilimenti in tutto il mondo.
260-4;La patata;1;Se sei diventato grande con la patata, probabilmente sei diventato grande con...;Il cuore;La parte posteriore;Il fegato;Il naso;Il termine patate indica anche nel francese colloquiale una persona considerata un po 'semplicistica.
260-5;La patata;1;In Belgio, qual è la principale azienda nel settore delle patate?;Lutosa;McCain;Aviko;Avebe;Lutosa è un'azienda belga specializzata nella trasformazione industriale di patate in patatine fritte congelate e refrigerate.
260-6;La patata;1;Quale attività manuale implica servire le patate come tamponi?;Patatogravure;Pasta di sale;Sale colorato;Origami;Questa attività consiste nell'incidere nella carne delle lettere o dei motivi delle patate che rappresentano forme geometriche.
260-8;La patata;1;Quale romanzo di Jacques Vaucherot è stato adattato per il cinema da Claude Autant-Lara?;"""Les patates""";"""Douce""";"""Le Joueur""";"""Gloria""";"Claude Autant-Lara ha avuto successo dopo la seconda guerra mondiale con l'adattamento di un romanzo, ""Le Diable au corps""."
260-12;La patata;2;Quale gioco di realtà alternativa ha utilizzato la patata come emblema?;"""Portal 2""";"""Team Fortress""";"""Counter-Strike""";"""The Orange Box""";La trama del gioco offre infatti la possibilità di utilizzare la patata come elettrolita per la fabbricazione di una batteria artigianale.
260-13;La patata;2;Quale poeta cileno, Premio Nobel per la letteratura, ha cantato la patata?;Pablo Neruda;Enrique Lihn;Nicanor Parra;Armando Uribe;"Pablo Neruda ha cantato la patata e la sua identità indiana nel suo ""Oda a la papa"" (Odi elementari)."
260-14;La patata;2;Quale azienda americana domina oggi il mercato delle patatine?;Frito-Lay;Quala;Covi;Lunor;Filiale del gruppo Pepsico, gestisce 67 stabilimenti in 27 paesi e lavora 4 milioni di tonnellate di patate all'anno.
260-16;La patata;2;Cosa è possibile produrre con due patate e poca attrezzatura?;Elettricità;Luce;Suono;Vibrazioni;Inserendo due elettrodi, uno di zinco e l'altro di rame, la polpa della patata funge da elettrolita.
260-17;La patata;2;Cosa si può produrre dopo la fermentazione e la distillazione della fecola di patate?;Etanolo;Assenzio;Ouzo;Raki;Un liquido incolore, infiammabile e miscibile con l'acqua, l'etanolo è una droga psicotropa e una delle più antiche droghe ricreative.
260-18;La patata;2;A partire dal XVI secolo, quale alcol era usato per produrre alcolici?;Vodka;Armagnac;Calvados;Tequila;La vodka può essere ottenuta dalla trasformazione di quasi tutti i materiali di origine agricola, i più famosi dei quali sono i cereali.
260-21;La patata;3;In che anno è stato dichiarato anno della patata dall'ONU?;2008;2018;1998;1988;Questa dichiarazione è stata fatta dalle Nazioni Unite per sensibilizzare il mondo sul suo ruolo e promuoverne l'attuazione.
260-23;La patata;3;Quale imprenditore nippo-americano è soprannominato il re della patata?;George Shima;Steve Aoki;Eddie Imazu;Daniel Inouye;Un tempo, George Shima ha prodotto l'85% del raccolto di patate della California, che gli è valso questo soprannome.
260-25;La patata;3;Quale termine quechua designa la patata nei paesi dell'America Latina?;Papà;Mamma;Baba;Dada;In questa lingua franca dell'Impero Inca, papa si riferiva a qualsiasi tipo di tubero ad eccezione dell'oca.
260-26;La patata;3;Quale estratto di patata viene utilizzato come primer per il bucato rigido?;Veleni;Prontosil;Synthon;Dipolo;Dopo aver mescolato la polvere di amido in acqua calda, l'amido diventa viscoso a seconda della concentrazione di amido.
260-27;La patata;3;In Polonia, quale percentuale di patate viene prodotta per il consumo animale?;Uno su tre;Uno su cinque;Uno su sette;Uno su nove;Le patate somministrate a determinati animali monogastrici (suini e pollame) devono essere cotte per essere digeribili.
260-28;La patata;3;Quale piatto tradizionale dei Paesi Bassi consiste in un purè misto a verdure?;Stamppot;Lefse;Potaye;Frico;Queste verdure di accompagnamento sono spesso crauti, scarole, cavoli o una miscela di carote e cipolle.
260-29;La patata;3;Quante varietà di patate esistono in Perù?;3.000;2.000;4000;1.000;È usato in molti piatti come papa a la huancaina, papa rellena, ocopa e carapulcra.
261-1;World of Warcraft;1;"Quale azienda ha sviluppato il videogioco ""World of Warcraft""?";Blizzard Ent.;Accolade;MicroProse;Palace Software;Blizzard Entertainment (precedentemente Silicon and Synapse) è stata fondata nel 1991 da Allen Adham, Michael Morhaime e Frank Pearce.
261-3;World of Warcraft;1;"In quale categoria di videogiochi possiamo classificare ""World of Warcraft""?";MMORPG;Arcade;Survival horror;Puzzle;Questi giochi online multiplayer di massa consentono a un gran numero di persone di interagire simultaneamente in un mondo virtuale.
261-4;World of Warcraft;1;"In che anno è uscito ""World of Warcraft"" in Nord America?";2004;2007;2010;2013;"Dalla sua uscita, ""World of Warcraft"" è stato il MMORPG più popolare, detentore del Guinness World Record per la sua popolarità."
261-7;World of Warcraft;1;"Su cosa si basa il principio generale di ""World of Warcraft""?";Missioni;Baratto;Regali;Velocità;Dopo una serie di punti esperienza guadagnati durante le missioni, il giocatore aumenta le sue caratteristiche e il suo livello.
261-8;World of Warcraft;1;"Quale termine designa i server su cui giochiamo ""World of Warcraft""?";Regno;Vassoio;Tour;Entità;Blizzard a volte consente ai personaggi di migrare da un reame all'altro, al fine di sbloccare un reame dalla saturazione.
261-9;World of Warcraft;1;"Di che colore sono i personaggi amichevoli non giocanti in ""World of Warcraft""?";Verde;Rosso;Blu;Bianco;Gli NPC sono personaggi che possono interagire solo con i personaggi dei giocatori utilizzando l'intelligenza artificiale (AI).
261-12;World of Warcraft;2;Quale personaggio non sarai in grado di interpretare dalla parte dell'Orda in WoW?;Gnome;Orco;Troll;Non morti;"Con l'arrivo delle espansioni dal 2007, a ciascuna delle fazioni di ""World of Warcraft"" vengono talvolta assegnate nuove razze."
261-16;World of Warcraft;2;"Come si chiama anche ""World of Warcraft"" Discovery Edition?";F2P;P2P;W2P;K2P;"Questo modello dice free to play (anche abbreviato F2P), consente a chiunque di giocare a ""World of Warcraft""."
261-17;World of Warcraft;2;"In ""World of Warcraft"", quale oggetto ti consente di passare direttamente a un livello?";Sesamo;Tasto verde;Propulsore;Ombrello;Oggetto ora offerto in alcuni casi, il Sesamo potrebbe essere acquistato nel negozio Blizzard per la somma di 50 euro.
261-18;World of Warcraft;2;Quanti pezzi di equipaggiamento può indossare un personaggio in WoW?;Sedici;Dodici;Otto;Quattro;La maggior parte dei pezzi di equipaggiamento di alto livello può essere aggiornata con pergamene o gemme.
261-21;World of Warcraft;3;"Cosa rappresenta la razza Worgen dall'espansione ""Cataclysm"" del gioco ""World of Warcraft""?";Lupi mannari;Elfi;Orchi;Zombie;"Giocabili dall'espansione ""Cataclysm"", questi sono umani contaminati che sono stati trasformati in mostri selvaggi."
261-22;World of Warcraft;3;"Quale giovane paladino è il principe del regno di Lordaeron in ""World of Warcraft""?";Arthas;Thrall;Sylvanas;Anduin;Arthas Menethil occuperà il Trono di Ghiaccio fino a quando Tirion Fordring non riuscirà a sconfiggerlo e Fordragon non prenderà il suo posto.
261-24;World of Warcraft;3;Quale classe WoW è specializzata senza cure, danni o tank?;Monaco;Chirurgo;Botanico;Falegname;"La classe è apparsa con la quarta espansione chiamata ""Mists of Pandaria"", annunciata alla BlizzCon 2011."
261-25;World of Warcraft;3;"Quale professione offre la possibilità di trovare reliquie in ""World of Warcraft""?";Archeologia;Calligrafia;Gioielli;Mineraria;"Questa professione è apparsa per la prima volta con ""Cataclysm"", la terza espansione annunciata durante la sessione di apertura della BlizzCon 2009."
261-27;World of Warcraft;3;"Quali giocatori di ""World of Warcraft"" raccolgono qualcosa di riscattabile nel gioco?";Agricoltori;Assassini;Minatori;Corridori;Gli agricoltori a volte sono anche pirati che irrompono negli account di altri giocatori e vendono ciò che possiedono.
261-28;World of Warcraft;3;Quale isola di Azeroth è il luogo di nascita della civiltà dei Troll?;Zandalar;Kezan;Pandaria;Nordrassil;I cinque continenti di Azeroth sono separati dal Grande Mare che ospita al suo centro un enorme vortice chiamato Il Maelstrom.
261-29;World of Warcraft;3;"In che anno è stato fondato ""World of Warcraft"" Arathor Human Empire?";-2900;55;1148;3024;Azeroth è composta da cinque continenti: i Regni Orientali, Kalimdor, Northrend, Pandaria e le Isole Frantumate a nord-est.
261-30;World of Warcraft;3;"In ""World of Warcraft"", quale particolare sciamano è il mentore di Gul'dan?";Ner'zhul;Kamagua;Naaru;Rohart;Alla fine degli eventi della Seconda Guerra, Ner'zhul sarà sconfitto dall'alleanza di Umani, Alti Elfi e Nani.
262-1;John McEnroe;1;Contro chi era John McEnroe in testa alla finale del Roland-Garros nel 1984?;Ivan Lendl;Björn Borg;Jimmy Connors;Stefan Edberg;Non è mai riuscito a vincere al Roland Garros, anche se ha portato a zero due set in finale contro Ivan Lendl nel 1984.
262-2;John McEnroe;1;Qual era lo stile di gioco di John McEnroe?;Attacco;Difesa;Taglia;Ammortizzato;In particolare per il suo servizio al volo, ma anche per il ritorno al volo con una presa di palla ultra anticipata nei suoi giorni fantastici.
262-3;John McEnroe;1;Quale marchio di abbigliamento sportivo John McEnroe indossa da molto tempo?;Sergio Tacchini;Kappa;Nike;Adidas;Sergio Tacchini, nato il 30 maggio 1938, è un ex tennista e designer italiano con il suo marchio con sede a Novara.
262-4;John McEnroe;1;Chi era il partner di doppio preferito di John McEnroe?;Peter Fleming;Bob Hewitt;Sherwood Stewart;Fred McNair;Formidabile giocatore di doppio, lui e John McEnroe formarono la coppia più forte al mondo all'inizio degli anni '80.
262-5;John McEnroe;1;Di che materiale era fatta la sua racchetta fino alla fine del 1982?;Legno;Alluminio;Carbonio;Grafite;Nel 1988, McEnroe era il detentore del record per la percentuale di vittorie in una stagione con 82 vittorie e solo 3 sconfitte.
262-6;John McEnroe;1;Per quale di questi tratti era noto McEnroe durante il suo gioco?;Cattivo carattere;Silenzioso;Timido;Sorridente;Spesso si arrabbiava con arbitri e guardalinee durante le sue partite.
262-7;John McEnroe;1;Con quale marca di racchette giocava principalmente McEnroe?;Dunlop;Principe;Wilson;Usignolo;La cornice nera del Max 200 G, con le sue frecce verdi e oro, segna il passaggio tra l'alluminio, troppo flessibile, e la grafite.
262-8;John McEnroe;1;In quanti decenni McEnroe ha vinto titoli di doppio?;Quattro;Tre;Due;Cinque;Supera Tom Okker al quinto posto per il maggior numero di titoli in doppio (79) dietro a Todd Woodbridge (83).
262-9;John McEnroe;1;Su quale di questi canali TV non ha commentato le partite?;MTV;CBS;NBC;ESPN;Essendo diventato un commentatore proprio come suo fratello Patrick, commenta anche a Wimbledon per la BBC nel Regno Unito.
262-10;John McEnroe;1;Con quale cantante americano ha formato la Johnny Smyth Band?;Patty Smyth;Anne Clark;Debbie Harry;Hazel O'Connor;Il suo particolare tono di voce e la sua immagine new wave gli hanno fatto guadagnare popolarità grazie ai video musicali trasmessi su MTV.
262-15;John McEnroe;2;Chi, oltre a McEnroe, era il numero 1 al mondo nel singolo e nel doppio?;Stefan Edberg;Jim Courier;Michael Chang;Pete Sampras;Destro con rovescio a una mano, servizio al volo, Stefan Adberg ha 42 titoli in singolo nella sua lista.
262-18;John McEnroe;2;Con quale figlia dell'attore John McEnroe ha avuto tre figli?;Tatum O'Neal;Ingrid Bergman;Beatrice Straight;Vanessa Redgrave;"Ora bisessuale, ha vinto l'Oscar come migliore attrice non protagonista nel 1973 per ""Cotton Candy""."
262-21;John McEnroe;3;Con chi ha vinto il Roland-Garros nel 1977 nel doppio misto?;Mary Carillo;Carrie Neely;Sandra Reynolds;Tatiana Golovin;È contro la coppia Mihai-Molina che la tennista americana Mary Carillo ha vinto al fianco di John McEnroe.
262-22;John McEnroe;3;Quale programma televisivo ha ospitato John McEnroe?;"""The Chair""";"""The Wall""";"""The Fridge""";"""The Jail""";"Trasmesso nel 2002 su ABC e BBC One, questo gioco è stato adattato l'anno successivo in Francia con il nome di ""Zone Rouge""."
262-23;John McEnroe;3;In che anno è diventato capitano della squadra statunitense di Coppa Davis?;1999;2001;2003;2005;Deluso dal programma e dal formato della Coppa Davis, si è dimesso 14 mesi dopo, lasciando il posto a suo fratello Patrick.
262-24;John McEnroe;3;Con quanti fratelli è cresciuto John McEnroe?;Due;Tre;Quattro;Cinque;John McEnroe ha due fratelli minori, Mark (nato nel 1964) e l'ex tennista professionista Patrick (nato nel 1966).
262-25;John McEnroe;3;"Chi ha realizzato il documentario ""McEnroe-Lendl: Twilight of the Gods""?";Benjamin Rassat;Bruno Romy;Pierre Rehov;Bernard Revon;Trasmesso su Arte e TV5, il documentario originale, della durata di più di otto ore, sarà offerto anche in formato 52 minuti.
262-26;John McEnroe;3;In quale club McEnroe ha iniziato a giocare a tennis con i suoi fratelli?;Douglaston;Kennedy;Princetown;Robert Douglas;Quando aveva nove anni, i suoi genitori lo iscrissero alla Eastern Lawn Tennis Association e giocò rapidamente nei tornei regionali e poi nazionali.
262-27;John McEnroe;3;Con chi ha fatto la sua ultima apparizione nello Slam nel doppio misto?;Steffi Graf;Martina Navratilova;Serena Williams;Chris Evert;Su invito nel 1999, McEnroe raggiunse le semifinali a Wimbledon nel doppio misto, ma fu costretto a rinunciare.
262-29;John McEnroe;3;Qual è stato il suo ultimo titolo vinto sul circuito principale?;San José;New Haven;Charleston;Birmingham;Nel 2006, con il suo partner svedese Jonas Björkman, John McEnroe ha vinto il torneo di San José.
262-30;John McEnroe;3;In quali serie TV è apparso McEnroe nel 2006 e nel 2008?;"""30 Rock""";"""The Office""";"""Modern Family""";"""Friends""";"""30 Rock"" è una serie televisiva americana in 138 episodi di 25 minuti creata da Tina Fey e trasmessa tra il 2006 e il 2013."
263-1;Giardino giapponese;1;Di quanti principi fondamentali è composto un giardino giapponese?;Tre;Quattro;Cinque;Sei;I tre principi fondamentali del giardino giapponese sono la riproduzione della natura in miniatura, il simbolismo e la cattura dei paesaggi.
263-2;Giardino giapponese;1;Quale caratteristica è importante nella maggior parte degli stili giapponesi?;Semplicità;Gigantismo;Orizzontalità;Provocazione;La miniaturizzazione mira a rappresentare scene in uno spazio limitato, operando anche su una riduzione della complessità.
263-3;Giardino giapponese;1;Quale tecnica possiamo dare l'illusione dello spazio a certe zone del giardino?;Prospettiva;Simbolismo;Occultamento;Asimmetria;A differenza della prospettiva occidentale, la prospettiva del giardino giapponese si basa sul principio delle tre profondità.
263-4;Giardino giapponese;1;Storicamente, come viene trasmesso l'insegnamento delle tecniche?;Oralmente;Per iscritto;Via stampe;In sanscrito;L'arte del giardinaggio è religiosa ed esoterica.
263-6;Giardino giapponese;1;In un giardino giapponese secco, da cosa è rappresentata l'acqua?;Ghiaia;Foglie;Filiali;Terra;Scoperti in Cina, i caolini sono argille bianche, friabili e refrattarie, composte principalmente da caolinite.
263-7;Giardino giapponese;1;Come vengono progettati sistematicamente i giardini giapponesi?;Chiuso;Apri;Su uno stagno;Appeso;La nozione di grandi spazi aperti, come i prati della Reggia di Versailles, è estranea all'estetica giapponese.
263-8;Giardino giapponese;1;Quale passaggio è stato immaginato dai maestri della cerimonia del tè?;Non giapponese;Round cinese;Cerchio indiano;Marzo coreano;Permettendoti di collegare il padiglione del tè attraversando il giardino senza sporcare il tuo kimono, ti permette di muoverti tra i letti.
263-9;Giardino giapponese;1;Quale tecnica mira a nascondere e rivelare il miegakure?;Occultamento;Prospettiva;Simbolismo;Asimmetria;Il miegakure utilizza la vegetazione, gli edifici e il paesaggio come lanterne per nascondere o mostrare diverse parti del giardino.
263-10;Giardino giapponese;1;Quale elemento del giardino svolge un ruolo purificante nello shintoismo?;Acqua;Pietra;Sabbia;Legno;Anche l'acqua ha svolto un ruolo estetico sin dalla progettazione dei primi giardini, fortemente ispirati ai giardini cinesi.
263-11;Giardino giapponese;2;Quale principio proveniva dalla funzione religiosa dei primi proto-giardini?;Simbolismo;Asimmetria;Prospettiva;Occultamento;Tra le frequenti rappresentazioni simboliche troviamo il Monte Shumisen del Buddismo o il Monte Horai del Taoismo.
263-12;Giardino giapponese;2;Quanti scatti utilizza la tecnica del paesaggio presa in prestito?;Quattro;Tre;Cinque;Sei;Il primo piano, minore, il secondo piano, accuratamente posizionato, il terzo piano che delimita il terreno e il paesaggio stesso preso in prestito.
263-13;Giardino giapponese;2;Intorno a cosa è spesso organizzato un giardino giapponese?;Costruzione;Stagno;Montagna;Albero;Al di là dell'architettura specifica dell'edificio (una residenza o un tempio), troviamo la maggior parte degli elementi di molti giardini.
263-16;Giardino giapponese;2;Quali rocce dall'aspetto ruvido spesso simboleggiano le montagne?;Magmatico;Sedimentario;Metamorfico;Friabile;Le rocce magmatiche, di aspetto piuttosto grezzo, servono anche come trampolini di lancio, ma soprattutto hanno un forte accento.
263-17;Giardino giapponese;2;Su quale elemento del giardino giapponese sono disegnati i motivi?;Sabbia o ghiaia;Argilla;Acqua stagnante;Foglia morta;I motivi ondulati disegnati sulla sabbia danno un'impressione di movimento e offrono un netto contrasto con le rocce.
263-18;Giardino giapponese;2;Quale principio impedisce a un oggetto di sbilanciare la composizione di un giardino?;Asimmetria;Geometria;Triangolazione;Orizzontalità;Il principio di asimmetria associa lo spettatore alla composizione, incoraggiandolo a guardare da un punto interessante all'altro.
263-20;Giardino giapponese;2;Cosa manca di solito alla maggior parte dei giardini aridi?;Piante;Schiuma;Sabbia;Ghiaia;Molti giardini a secco sono stati creati nei monasteri e nei templi Zen, da cui il nome comune di giardino Zen.
263-21;Giardino giapponese;3;Quale giardino giapponese si trova a Kanazawa, nella prefettura di Ishikawa?;Kenroku-en;Aramaki;Maruyama;Murin-an;Insieme al Kairaku-en di Mito e al Koraku-en di Okayama, Kenroku-en è uno dei tre giardini più famosi del Giappone.
263-22;Giardino giapponese;3;In quale forma sono spesso disegnati i corpi d'acqua nei giardini giapponesi?;Sinogramme;Ovale;In otto;In un cerchio;I caratteri cinesi (o sinogrammi) costituiscono il più antico sistema di scrittura rimasto in uso continuo.
263-23;Giardino giapponese;3;Quale conifera rappresenta la longevità in un giardino giapponese?;Pino;Quercia;Faggio;Betulla;Un gran numero di specie di pino può vivere molto a lungo, una dozzina di specie che arriva fino a 1000 anni.
263-24;Giardino giapponese;3;Quale giardino è considerato il più grande giardino giapponese d'Europa?;Maulevrier;Charance;Malmaison;Séricourt;Situato in Francia, organizzato intorno ad un lago artificiale alimentato dal Monaco che lo attraversa, contiene le specie di circa 300 piante.
263-25;Giardino giapponese;3;Storicamente, su quale isola apparivano i diversi stili di giardini?;Honshu;Sado;Shikoku;Amani;Honshu (letteralmente la provincia principale) è l'isola più grande del Giappone, un tempo conosciuta in Occidente come Hondo.
263-28;Giardino giapponese;3;Quale giardino giapponese si trova su un banco di sabbia nel mezzo del fiume Asahi?;Koraku-en;Daigo-ji;Murin-an;Isahaya;Il Korakuen, completato nel 1863, fu costruito nel 1700 su richiesta di Ikeda Tsunamasa, daimyo di Okayama.
263-30;Giardino giapponese;3;Qual è il giardino giapponese più famoso delle Americhe?;Buenos Aires;Lima;Santiago;Caracas;Il giardino è stato realizzato in occasione della visita in Argentina dell'allora principe ereditario Akihito, attuale imperatore del Giappone.
264-1;Calcio 2010-2020;1;Quale giocatore tedesco ha segnato 16 gol nelle finali della Coppa del Mondo?;Miroslav Klose;Manuel Neuer;Marco Reus;Arjen Robben;L'8 luglio 2014, Miroslav Klose, un giocatore chiave della nazionale, ha segnato il suo 16 ° gol nelle finali della Coppa del Mondo.
264-3;Calcio 2010-2020;1;Quale centrocampista ha a lungo portato in testa uno scoiattolo morto?;Paul Pogba;Renato Sanches;Mario Balotelli;Alexandre Pato;È stato trasferito dalla Juventus al suo ex club di Premier League per la somma di 105 milioni di euro + 5 milioni.
264-4;Calcio 2010-2020;1;Chi è stato votato miglior giocatore della Confederations Cup nel 2013?;Neymar;Cavani;Ibrahimovic;Pericolo;Dal 2017 gioca per il Paris Saint-Germain, diventando il giocatore più costoso del calcio con un trasferimento a 222 milioni di euro.
264-5;Calcio 2010-2020;1;Quale miglior portiere dell'anno 2015 ha boicottato i voti per il Pallone d'Oro?;Gianluigi Buffon;Manuel Neuer;Iker Casillas;Oliver Kahn;Non tra i primi 23 giocatori, se è stato nominato per il Pallone d'Oro otto volte, arrivando secondo nel 2006.
264-6;Calcio 2010-2020;1;Quali club hanno dominato l'Europa League tra il 2010 e il 2015?;Spagnolo;Tedeschi;Belgi;Italiani;L'Atlético Madrid è il campione in carica, mentre il Sevilla FC è il club di maggior successo nella storia della competizione con cinque vittorie.
264-7;Calcio 2010-2020;1;Quale calciatore rappresenta la più grande vendita nella storia del Lille?;Eden Hazard;Yoann Gourcuff;Karim Benzema;Edinson Cavani;Arrivato dal Belgio al Lille OSC nel 2005 per completare la sua formazione, Hazard esploderà lì ai massimi livelli come ala sinistra.
264-8;Calcio 2010-2020;1;Quale allenatore ha mangiato le sue caccole ai Mondiali 2010?;Joachim Löw;Franz Beckenbauer;Sepp Herberger;Stefan Reisch;Joachim Löw ha vinto con la nazionale tedesca la Coppa del Mondo nel 2014 e la Confederations Cup nel 2017.
264-10;Calcio 2010-2020;1;Quali fratelli si sono affrontati nella finale di Coppa di Lega 2016?;Touré;Pardo;Cissé;Koutris;Yaya Touré, che gioca come centrocampista, è il fratello minore di Kolo Touré, con il quale ha giocato al Manchester City.
264-11;Calcio 2010-2020;2;Quale allenatore è andato dal Benfica Lisbona allo Sporting Lisbona?;Jorge Jesus;Pedro Miguel;Paulo Alves;Fernando Peres;Considerato un traditore, però, ha dato una nuova prospettiva al Benfica Lisbona grazie alla sua cultura tattica.
264-15;Calcio 2010-2020;2;Quale portiere ha giocato il libero contro l'Algeria ai Mondiali 2014?;Manuel Neuer;Hans Jakob;Lukas Raeder;Tom Starke;Manuel Neuer si distingue per i suoi parate di riflesso, i suoi rilanci, le sue uscite fuori area, così come la sua capacità di guidare la sua difesa.
264-16;Calcio 2010-2020;2;Cosa ha imparato Pep Guardiola prima di passare al Bayern Monaco nel 2013?;Tedesco;Per festeggiare;Una nascita;Mangiare ricco;Molto legato alla comunicazione, Pep Guardiola ha vinto in particolare il campionato tedesco nel 2014, 2015 e 2016.
264-17;Calcio 2010-2020;2;Quale giocatore dei Girondini è regolarmente capitano del club dal 2014?;Jaroslav Plasil;Youssouf Sabaly;Valentin Vada;Théo Pellenard;Il 31 maggio 2013 ha vinto la Coupe de France contro Évian Thonon Gaillard Football Club, il suo secondo titolo con i Girondini.
264-21;Calcio 2010-2020;3;In quale improbabile club il brasiliano Adriano ha quasi firmato a dicembre 2014?;Le Havre;Reims;Grenoble;Angers;Adriano Vieira Louzada, classe 1979, gioca come attaccante. È stato incoronato tre volte campione portoghese con l'FC Porto.
264-22;Calcio 2010-2020;3;Quale attaccante italiano ha sbagliato un rigore nella finale di Copa America nel 2015?;Gonzalo Higuarin;Edinson Cavani;Antonio Di Natale;Francesco Totti;Lionel Messi dopo aver segnato il primo rigore, Gonzalo Higuarin Higuain si occupa del secondo ma sbaglia il tiro.
264-23;Calcio 2010-2020;3;Qual è il nome di battesimo di Mbokani, trasferitosi a Monaco nel 2010-2011?;Dieumerci;Gennaio;Ahmed;Tidiane;Il 22 marzo 2016 Mbokani era presente all'aeroporto di Zaventem durante gli attacchi di Bruxelles. Se la cava liscia, ma sotto shock.
264-25;Calcio 2010-2020;3;Quale giocatore è diventato il secondo miglior realizzatore nella storia del Messico a 26 anni?;Chicharito;Villa;Alonso;Silvera;Deve il suo soprannome Chicharito (diminutivo di piselli) a suo padre che è stato soprannominato Chicharo con i suoi occhi verdi.
264-26;Calcio 2010-2020;3;Quale allenatore del Lille ha convinto di più con le sue maglie che in panchina?;Hervé Renard;Philippe Redon;Denis Renaud;Antoine Redin;L'ex giocatore francese, Hervé Renard ha giocato nel 2018 la sua prima Coppa del Mondo da allenatore con la selezione del Marocco.
264-28;Calcio 2010-2020;3;Quale club ha reclutato Fernandinho nel 2013 e Fernando nel 2014?;Manchester City;Liverpool;Chelsea;Arsenal;Il Manchester City Football Club ha vissuto i suoi periodi di maggior prosperità dalla fine degli anni '60 all'inizio degli anni '70.
264-29;Calcio 2010-2020;3;Quale giocatore OL ha piazzato 36 calci di punizione di fila nel 2013 e 2014?;Clement Grenier;Fabio Grosso;André Grillon;Marco Grassi;Prendendo se stesso per il nuovo Juninho, Clément Grenier si trasformerà rapidamente in un fantasma a causa di brutte ferite.
264-30;Calcio 2010-2020;3;Quale altro sport è cintura nera per l'attaccante Zlatan Ibrahimovic?;Taekwondo;Judo;Karate;Budo;È considerato uno dei centravanti più completi e uno dei migliori attaccanti della storia del calcio.
265-1;Alberti famosi;1;Quale umorista francese è noto per i suoi schizzi sul canale Canal +?;Albert Algoud;Albert Spaggiari;Albert Préjean;Albert Ferrasse;"In ""Nulle part ailleurs"", è apparso nella banda di attori che hanno preso parte alle riprese degli schizzi di Karl Zero."
265-2;Alberti famosi;1;Quale Albert ha scritto commedie, romanzi, racconti e poesie?;Albert Camus;Albert Uderzo;Albert Ducrocq;Albert Samain;Il vincitore del premio Nobel Albert Camus ha sviluppato un umanesimo basato sulla consapevolezza dell'assurdità della condizione umana.
265-4;Alberti famosi;1;Chi è stato successivamente tedesco, apolide, svizzero e svizzero americano?;Albert Einstein;Albert Schweitzer;Albert Batteux;Albert Fratellini;Albert Einstein pubblicò la sua teoria della relatività speciale nel 1905 e la sua teoria della gravità nota come relatività generale nel 1915.
265-6;Alberti famosi;1;"Chi è l'ideatore, con lo sceneggiatore René Goscinny, della serie ""Asterix""?";Albert Uderzo;Albert Calmette;Albert Ferrasse;Albert Ducrocq;"Essendo Albert Uderzo daltonico, la colorazione degli album di ""Asterix"" è stata fornita a lungo da suo fratello Marcel Uderzo."
265-7;Alberti famosi;1;Chi era con i suoi due fratelli un clown di fama mondiale?;Albert Fratellini;Albert Ferrasse;Albert Dieudonné;Albert Dupontel;Albert si è sposato con Amalia di Palma. Avevano una figlia Alberta-Luisa, sposata con il regista di circo olandese Ernest Carré.
265-8;Alberti famosi;1;"Quale Albert ha proposto schizzi di culto come ""Le Bac"" o ""Rambo""?";Albert Dupontel;Albert Algoud;Alberto Contador;Albert Canet;Desiderando preservare la sua famiglia e in particolare suo padre, Philippe Guillaume ha scelto Albert Dupontel come nome d'arte.
265-9;Alberti famosi;1;Quale biologo è uno specialista in genetica delle popolazioni?;Albert Jacquard;Albert Samain;Albert Schweitzer;Albert Algoud;È anche membro del comitato di sponsorizzazione del Coordinamento francese per il decennio della cultura della pace e della non violenza.
265-11;Alberti famosi;2;Quale medico e pastore ha ricevuto il Premio Nobel per la Pace nel 1952?;Albert Schweitzer;Albert Costa;Albert Lamorisse;Albert Finney;L'ospedale che ha sviluppato nella foresta equatoriale sulle rive dell'Ogooué dal 1913 lo ha reso noto in tutto il mondo.
265-12;Alberti famosi;2;Chi è noto per essere stato l'artefice della rapina del secolo nel 1976?;Albert Spaggiari;Albert Costa;Albert Jacquard;Albert Canet;Sostenitore dell'OAS, scrittore e fotografo, è fuggito dalla polizia francese durante la sua corsa che è durata fino alla morte.
265-13;Alberti famosi;2;Quale di queste proposizioni non designa un romanzo di Albert Cohen?;"""Mission""";"""Solal""";"""Mangeclous""";"""Les Valeureux""";"Dapprima diplomatico, pubblicò il suo primo romanzo nel 1930, ma fu solo nel 1968 che divenne famoso con ""Belle du Seigneur""."
265-14;Alberti famosi;2;Quale tennista spagnolo ha vinto al Roland Garros nel 2002?;Albert Costa;Albert Préjean;Albert Samain;Albert DeSalvo;Specialista in terra battuta, ha vinto 12 tornei ATP, tutti su questa superficie, battendo Juan Carlos Ferrero in finale nel 2002.
265-15;Alberti famosi;2;A chi si deve la vaccinazione contro la tubercolosi con BCG?;Albert Calmette;Albert Spaggiari;Albert Schweitzer;Albert Einstein;Era il fratello di Émile Calmette, ispettore medico generale delle forze armate, e Gaston Calmette, direttore di Le Figaro.
265-17;Alberti famosi;2;Chi ha interpretato Ernest Hemingway e Winston Churchill in televisione?;Albert Finney;Albert Algoud;Albert Canet;Albert Samain;Attore, regista, produttore e cantante, è stato nominato due volte ai Tony Awards per il ruolo di Martin Luther.
265-18;Alberti famosi;2;"Chi è l'attore principale di ""Napoleon"", un film di Abel Gance?";Albert Dieudonné;Albert Calmette;Albert Dupontel;Albert Algoud;Secondo Jean Tulard, sarebbe stato così segnato dal suo ruolo che negli anni sarebbe arrivato a pensare a se stesso come all'imperatore.
265-19;Alberti famosi;2;Quale Albert era presidente della Federazione francese di tennis?;Albert Canet;Albert Jacquard;Albert Lebrun;Albert Decourtray;Figlio dell'ingegnere Gustave Canet, progettista del famoso cannone Canet, Albert Canet fu presidente della FFT dal 1925 al 1930.
265-21;Alberti famosi;3;"Chi ha raccolto una collezione iconografica intitolata ""Archivi del Pianeta""?";Albert Kahn;Albert Calmette;Albert Jacquard;Albert Lamorisse;Questa collezione composta da autocromi (fotografie a colori su lastre di vetro) è la più grande del mondo.
265-23;Alberti famosi;3;Chi è uno dei tre migliori allenatori di calcio francesi del XX secolo?;Albert Batteux;Albert Finney;Albert Dieudonné;Albert Lebrun;Quando Batteux divenne allenatore dello Stade de Reims, creò uno stile di gioco che chiameremmo gioco di reims.
265-24;Alberti famosi;3;Chi era Monsieur Loyal nel primo circo Jean Richard?;Albert Préjean;Albert Ducrocq;Albert Costa;Albert Kahn;Ha confidato i suoi ricordi al figlio Patrick Préjean, in un libro pubblicato nel 1979.
265-26;Alberti famosi;3;Chi è l'inventore di un sistema di fotografia aerea, l'Hélivision?;Albert Lamorisse;Albert Decourtray;Albert Calmette;Albert Lebrun;"Questa tecnica pionieristica dei sistemi antivibranti per riprese aeree è stata utilizzata nel primo "" James Bond \u003c/I\u003e."
265-27;Alberti famosi;3;Quale Albert fu campione francese di rugby nel 1945?;Albert Ferrasse;Albert Samain;Albert Batteux;Albert Calmette;Dopo aver giocato sulla seconda linea a sinistra a SU Agen, Albert Ferrasse è stato un eccellente ricevitore di touchdown a causa del suo relax.
265-28;Alberti famosi;3;A quale cibernetico, tra gli altri, dobbiamo la volpe elettronica?;Albert Ducrocq;Albert Jacquard;Albert Spaggiari;Albert Kahn;Ducrocq lo aveva dotato di un senso capacitivo per mezzo di un dispositivo di rilevamento di massa recuperato da un rilevatore di mine.
265-30;Alberti famosi;3;Quale serial killer ha strangolato tredici donne tra il 1962 e il 1964?;Albert DeSalvo;Albert Ducrocq;Albert Dieudonné;Albert Kahn;È stato anche soprannominato l'Uomo in Verde in riferimento al colore del suo vestito da operaio che effettua le riparazioni.
267-1;La casa di carta;1;"In quale paese è stata girata la serie ""La Casa de Papel""?";Spagna;Francia;Italia;Portogallo;Ci sono voluti più di tre mesi e una quarantina di professionisti per costruire i set per gli interni della fabbrica.
267-2;La casa di carta;1;"Su quale piattaforma di streaming abbiamo visto ""La Casa de Papel""?";Netflix;PeerTube;Megavideo;Vimeo;L'idea di Netflix è nata da una frustrazione dopo aver dovuto pagare $ 40 per un film noleggiato ma realizzato troppo tardi.
267-3;La casa di carta;1;"Quanti criminali ha reclutato il professore da ""La Casa de Papel""?";Otto;Sei;Dieci;Dodici;Gli otto rapinatori iniziali della serie sono Tokyo, Rio, Berlino, Mosca, Denver, Nairobi, Helsinki e Oslo.
267-4;La casa di carta;1;"A quale pittore sono ispirate le maschere indossate in ""La Casa de Papel""?";Salvador Dalì;Joan Miro;René Magritte;Max Ernst;Dalì è considerato uno dei principali rappresentanti del surrealismo e uno dei pittori più famosi del XX secolo.
267-5;La casa di carta;1;"Quali nomi usano i ladri di ""La Casa de Papel""?";Nomi di città;Nomi dei paesi;Nomi di fiori;Nomi di pittori;Un giorno, un membro della produzione è arrivato con una maglietta con scritto Tokyo! Ecco come è iniziato.
267-6;La casa di carta;1;Quale personaggio è anche il narratore di questo straordinario furto?;Tokyo;Nairobi;Rio;Denver;Tokyo, che è anche la protagonista femminile principale dello spettacolo, condivide le sue impressioni durante la sua narrazione.
267-7;La casa di carta;1;"Quale qualificazione identifica meglio Berlino nella serie ""La Casa de Papel""?";Psicopatico;Utile;Puntuale;Attento;Berlin si impegna a seguire le regole definite dal Professore, sebbene sia stato il primo ad averle dirottate facendo uccidere un ostaggio.
267-9;La casa di carta;1;In quale oggetto appartenente ad Angel i ladri hanno messo un microfono?;I suoi occhiali;La sua penna;Il suo computer;Il suo telefono;Impersonando un'infermiera, Angel ha fatto irruzione nella fabbrica per analizzare la situazione dall'interno.
267-10;La casa di carta;1;"Quale serbo è il cugino di Helsinki nella serie ""La Casa de Papel""?";Oslo;Rio;Denver;Berlino;Il suo vero nome è Radko Dragic, ma è anche noto alla polizia come Dimitri Mostovoi.
267-12;La casa di carta;2;"Chi è visto come il Mozart dei computer nella serie ""La Casa de Papel""?";Rio;Nairobi;Mosca;Helsinki;In una relazione con Tokyo, Rio programma i computer e gestisce gli esplosivi e il loro posizionamento strategico.
267-13;La casa di carta;2;"Su quale canale iberico è stata trasmessa la serie ""La Casa de Papel""?";Antena 3;Cuatro;Boing;Canal Club;Antena 3 è un canale televisivo di interesse generale commerciale privato spagnolo appartenente al gruppo Atresmedia.
267-14;La casa di carta;2;"Quante persone sono state prese in ostaggio a ""La Casa de Papel""?";67;55;42;39;Gli ostaggi spesso indossano gli stessi abiti e le stesse maschere dei ladri, così possono essere confusi.
267-15;La casa di carta;2;Come si chiama l'assistente ispettore, collega e amico di Raquel?;Angelo;Alberto;Pablo;Francisco;Sposato con Mari Carmen, Angel Rubio è stato un subispettore di polizia, lavorando in collaborazione con l'ispettore Raquel Murillo per quindici anni.
267-16;La casa di carta;2;Quale macchina ha fatto fatica a nascondere El Profesor alla polizia?;Seat Ibiza;Ford Escort;Audi 100;Renault Clio;Il Professore andrà lui stesso sulla scena per coprire le impronte, fingendosi un vagabondo.
267-17;La casa di carta;2;"Quale di queste città non designa uno dei personaggi di ""La Casa de Papel""?";Dallas;Oslo;Helsinki;Nairobi;I rapinatori si sono dati nomi di città per non dover rivelare la loro vera identità ad altri soggetti interessati.
267-18;La casa di carta;2;"Di chi è il figlio Denver nella serie ""La Casa de Papel""?";Mosca;Oslo;Berlino;Washington;Mosca ha portato con sé suo figlio nel piano del professore perché ha problemi con alcuni trafficanti.
267-20;La casa di carta;2;Qual è il nome del segretario del direttore della fabbrica?;Monica;Silene;Mercedes;Ariadna;Ben educata e gentile, Monica è considerata il tipico tipo di donna che spesso fa scelte sbagliate.
267-21;La casa di carta;3;"Quale festa ha mostrato Netflix ""La Casa de Papel"" prima nel 2017?";Natale;Pasqua;Halloween;Festa nazionale;Il colosso di internet ha chiesto agli sceneggiatori di disegnare altre due stagioni, che saranno quindi le quattro.
267-22;La casa di carta;3;Quanto tempo vivevano i ladri in isolamento?;Cinque mesi;Venti giorni;Due anni;Dieci mesi;Il professore ha colto l'occasione per rivelare tutto ciò che i suoi ladri avevano bisogno di sapere per ottenere questo colpo di stato del secolo.
267-23;La casa di carta;3;"Quale sceneggiatore spagnolo ha creato la serie TV di successo ""La Casa de Papel""?";Alex Pina;Juan Bas;Luis Tosar;Enrique Gato;Alex Pina ha iniziato la sua carriera come giornalista sulla stampa e successivamente con l'agenzia di stampa Europa.
267-24;La casa di carta;3;"Qual è il vero nome di Tokyo nella serie ""La Casa de Papel""?";Silene;Raquel;Agata;Monica;Silene Oliveira non ha nulla da perdere contribuendo a questo furto perché non ha niente o nessuno di importante nella sua vita.
267-25;La casa di carta;3;Quale attore interpreta Salvador Salva Martin, dice il professore?;Alvaro Morte;José Mota;Mario Morales;Alfredo Mayo;Nel 2012 Alvaro Morte ha fondato la compagnia teatrale 300 Pistolas con la quale dirige spettacoli.
267-28;La casa di carta;3;Quale canzone rivoluzionaria antifascista è diventata l'inno della serie?;"""Bella ciao""";"""Ruota Libera""";"""Adesso tu""";"""La Montanara""";Il testo della versione che fa riferimento agli eventi più antichi è stato fissato nel 1951 da Vasco Scansani.
268-1;Calcio 2000-2010;1;Qual è l'unica squadra ad aver battuto la Spagna durante Euro 2008?;Italia;Grecia;Germania;Francia;Il campione uscente, la Grecia, ha messo in gioco il titolo contro altre quindici nazioni, comprese le due nazioni ospitanti.
268-2;Calcio 2000-2010;1;Quale strumento di tortura ha quasi rovinato i Mondiali 2010?;Vuvuzela;Oporo;Trattare;Sodina;Questo corno è stato oggetto di polemiche a seguito del ronzio incessante generato durante le partite e la loro trasmissione.
268-5;Calcio 2000-2010;1;Quale città ha giocato la finale di Coppa del Mondo nel 2002?;Yokohama;Seoul;Osaka;Kobe;Nel 2018, il Nissan Stadium ha il maggior numero di posti in offerta in uno stadio in Giappone con 72.327 posti.
268-7;Calcio 2000-2010;1;Quanti gol ha segnato Thierry Henry durante la stagione 2003-2004?;39;29;49;59;Thierry Henry sarà votato giocatore dell'anno in Inghilterra, miglior giocatore francese dell'anno e vincerà la Scarpa d'Oro europea.
268-10;Calcio 2000-2010;1;In che anno la Coppa UEFA è diventata Europa League?;2009;2007;2011;2013;Dal 2015, il vincitore della competizione si è automaticamente qualificato per la UEFA Champions League.
268-11;Calcio 2000-2010;2;Quale giocatore con il grande naso è stato il capocannoniere della Liga nel 2002-2003?;Roy Makaay;Lucas Toni;Cristiano Ronaldo;Lionel Messi;Nel 2003, il Bayern Monaco ha fatto uno dei più grandi trasferimenti della sua storia acquistandolo per la somma di 20 milioni di euro.
268-12;Calcio 2000-2010;2;"Qual è la nazionalità di Santiago Munez, protagonista del film ""Goal""?";Messicano;Spagnolo;Italiano;Portoghese;"""Goal!"" sarà esteso in una trilogia con un film nel 2005, 2007 e infine nel 2009 con un film uscito solo su DVD."
268-13;Calcio 2000-2010;2;"Chi ha diretto il film ""Alla ricerca di Eric"", con Éric Cantona?";Ken Loach;Peter Lord;Alan Parker;Jack Rosenthal;Il titolo del film gioca sul nome del personaggio principale (Eric Bishop) e del suo idolo, il calciatore Eric Cantona.
268-14;Calcio 2000-2010;2;Quale animale avrebbe dovuto rappresentare la mascotte di Zakumi nel 2010?;Leopard;Orso;Delfino;Tartaruga;Il suo nome deriva da ZA, l'abbreviazione internazionale di Sud Africa, e kumi, una parola che significa dieci in Africa.
268-15;Calcio 2000-2010;2;In che anno si è ritirato il famoso arbitro Pierluigi Collina?;2005;2002;2008;1999;Euro 2004 sarà il suo ultimo torneo importante da quando raggiungerà l'età pensionabile fissata a 45 anni per gli arbitri internazionali.
268-16;Calcio 2000-2010;2;Quale portiere francese è diventato un pilota Porsche nel 2008?;Fabien Barthez;Rudy Riou;Jean Castaneda;Roland Amar;Ha 87 presenze con la squadra francese, ma è preceduto da un altro portiere, Hugo Lloris, che ha superato le cento.
268-19;Calcio 2000-2010;2;Quale nome è stato dato al calcio utilizzato ai Mondiali 2010?;Jabulani;Brazuca;Europass;Tango 12;Il portiere della Francia, Hugo Lloris, lo descriverà come un disastro, favorendo traiettorie casuali.
268-20;Calcio 2000-2010;2;Che numero indossava Lionel Messi sulla sua maglia da calcio quando ha debuttato?;30;20;10;7;È la somma dei numeri di Deco e Ronaldinho, i suoi amici che venivano a prenderlo ogni mattina per andare ad allenarsi.
268-21;Calcio 2000-2010;3;Quale ucraino ha manomesso il suo passaporto per giocare ad ASSE in Grecia?;Maksym Levytsky;Artem Dovbyk;Bohdan Butko;Denys Holaydo;Licenziato dal club, dopo aver intentato un'azione legale contro il club del Saint-Etienne, è stato licenziato il 27 settembre 2006.
268-24;Calcio 2000-2010;3;Da che anno Mourinho è diventato uno speciale?;2004;2006;2008;2002;Questo soprannome è stato dato durante una conferenza stampa, in riferimento ai titoli europei consecutivi ottenuti con l'FC Porto.
268-26;Calcio 2000-2010;3;Chi è stato votato il miglior giocatore di football degli anni 2000?;Koji Nakata;Naohiro Takahara;Seiichiro Maki;Yoichi Doi;Secondo un sondaggio della rivista France Football, Koji Nakata è una delle peggiori reclute nella storia dell'Olympique de Marseille.
268-28;Calcio 2000-2010;3;Chi è l'unico giocatore ad essersi trasferito dal Bayern Monaco all'Olympique Lyonnais?;Giovane Élber;Thomas Linke;Diego Contento;Hans Nowak;Dopo una prima stagione soddisfacente (10 gol in 27 partite), Élber si è infortunato all'inizio della sua seconda stagione a Lione.
268-29;Calcio 2000-2010;3;Secondo Zinedine Zidane, quale centrocampista è stato il migliore al mondo?;Paul Scholes;Wayne Rooney;Frank Lampard;Paul Robinson;Con 700 presenze, è il terzo giocatore più giocato per il Manchester United, dietro Ryan Giggs e Bobby Charlton.
269-1;Artisti elettronici;1;Quale DJ e cantautore americano è soprannominato il Padrino della House?;Frankie Knuckles;Tony Humphries;Ron Hardy;Larry Heard;Nel 2004, la città di Chicago ha onorato il famoso DJ dichiarando che il 25 agosto sarà ufficialmente il Frankie Knuckles Day.
269-2;Artisti elettronici;1;Quale DJ americano ha remixato Björk, Sting, Michael Jackson e Robert Plant?;Todd Terry;Junkie XL;Maurice Joshua;Junior Jack;"A lui dobbiamo uno dei migliori remix di ""Missing"" di Everything But the Girl, che rivelò la band allora poco conosciuta al grande pubblico."
269-5;Artisti elettronici;1;Quale DJ e produttore ha fondato e gestito l'etichetta francese F Communications?;Laurent Garnier;Frank Savannah;Étienne de Crécy;Didier Marouani;La carriera di Laurent Garnier è iniziata quando si è trasferito a Londra per diventare il cameriere dell'ambasciatore francese.
269-8;Artisti elettronici;1;"Chi è l'autore della traccia elettronica ""Infinity"", remixata dal DJ tedesco Klaas nel 2008?";Guru Josh;Tristan Garner;Joe Smooth;Rick Wade;Paul Walden, noto come Guru Josh, è morto il 28 dicembre 2015 all'età di 51 anni. La causa della sua morte sarebbe il suicidio.
269-10;Artisti elettronici;1;"Quale DJ ha collaborato con Superfunk nel 1999 sulla traccia ""Lucky Star""?";Ron Carroll;Morgan Page;Ian Pooley;Tomcraft;Ron Carroll ha lavorato con alcuni dei produttori più famosi, come E-Smoove, Maurice Joshua o Bob Sinclar.
269-11;Artisti elettronici;2;"Quale produttore e remixer ha firmato il prestigioso ""My Everything""?";Versus 5;Todd Terry;Alex Gopher;Emmanuel Top;All'inizio del 2013, all'età di 37 anni, Versus 5 ha preso una svolta e ha preso una direzione più underground negli stili House e Deep house.
269-12;Artisti elettronici;2;Quale di questi album non possiamo attribuire al DJ francese Alexkid?;"""Lemon""";"""Bienvenida""";"""Mint""";"""Caracol""";Alexkid ha firmato con F Communications nel 2002 per produrre le sue composizioni.
269-13;Artisti elettronici;2;Quale DJ c'è dietro i soprannomi Swan Lake, Orange Lemon o Royal House?;Todd Terry;Steve Hurley;Brian Cross;Larry Levan;Questo illustre DJ americano è rinomato per aver notevolmente contribuito all'evoluzione dell'house alla fine degli anni '80.
269-15;Artisti elettronici;2;"Chi ha pubblicato una traccia chiamata ""Idealism"" dopo dieci anni di silenzio musicale?";Emmanuel Top;Jay Alanski;Gaspard Augé;Wally Badarou;Nato il 30 ottobre 1971 a Tourcoing, Emmanuel Top ha iniziato la sua carriera alla fine degli anni '80 con l'etichetta belga DIKI Records.
269-16;Artisti elettronici;2;"Con quale nome Charles Webster pubblicò il suo primo album ""All Systems Gone""?";Presenza;Felix;Deorro;Llorca;Charles Webster ha gradualmente costruito una solida reputazione negli anni '80, fino a diventare un punto fermo negli anni '90.
269-17;Artisti elettronici;2;"Chi ha pubblicato tre EP prima di pubblicare l'album ""New Comer"" nel 2001?";Llorca;Junkie XL;Todd Terry;Tom Middleton;"Con successo sia di critica che commerciale, ""New Comer"" vendette 170.000 copie e fece conoscere Llorca a un vasto pubblico."
269-18;Artisti elettronici;2;"Quale DJ francese ha invitato Jean-Paul Gaultier nella sua clip ""Boys and Girls""?";Martin Solveig;Michel Geiss;Denis Dufour;DJ Radium;Da tempo si è pensato che avesse scelto il suo pseudonimo in omaggio a Solveig Dommartin, morto per un attacco di cuore.
269-20;Artisti elettronici;2;Quale DJ tedesco offre house influenzato dalla musica brasiliana?;Ian Pooley;Flume;Kevin Yost;Theo Parrish;Dopo una lunga collaborazione con l'etichetta V2 Records, Ian Pooley ha lanciato la sua casa, Pooled Music.
269-21;Artisti elettronici;3;Quale musicista francese forma il duo Trankilou con Ark?;Pépé Bradock;Franck Vigroux;Alex Gopher;Martin Solveig;"Pépé Bradock, il cui vero nome è Julien Auger, ha pubblicato il suo primo album ""Synthèse"" per l'etichetta francese Versatile Records nel 1998."
269-22;Artisti elettronici;3;"Chi ha firmato ""Move Your Body"" apparso in ""Grand Theft Auto: San Andreas""?";Marshall Jefferson;Mark Farina;Steve Hurley;Maurice Joshua;Compositore e produttore di musica elettronica, Marshall Jefferson è uno dei grandi maestri della musica house di Chicago.
269-24;Artisti elettronici;3;Quale DJ americano gestisce Madhouse Records, Inc.?;Kerri Chandler;Derrick Carter;Ron Carroll;Joe Smooth;Nata nel 1969, Kerri Chandler è considerata una delle fondatrici della deep house, al fianco di Larry Heard per esempio.
269-26;Artisti elettronici;3;"Quale rivelazione del 2010 c'è dietro la pista ""What They Say""?";Maya Jane Coles;Anne Dudley;Mira Calix;Ellie Goulding;È la figlia di Luriko e Michael Coles, graphic designer, autore tra gli altri della stragrande maggioranza delle copertine del gruppo Killing Joke.
269-27;Artisti elettronici;3;Quale DJ britannico collabora molto con l'australiano Mark Pritchard?;Tom Middleton;Tim Westwood;Tom Staar;Tim Lee;Tom Middleton, classe 1971, è anche conosciuto con lo pseudonimo E621, un codice preso in prestito da un esaltatore di sapidità molto comune.
269-28;Artisti elettronici;3;Quale di questi musicisti di musica house è nato a Lisbona, in Portogallo?;DJ Vibe;DJ Deep;DJ Deeon;DJ Assad;DJ Vibe ha già mixato in tutto il mondo, Londra (Ministry of Sound), Ibiza (Pacha), New York (Vinyl) e Madrid (Deep).
269-29;Artisti elettronici;3;Quale New Yorker gestisce l'etichetta musicale Dopewax Records?;Kenny Dope;Chicane;Vince Lawrence;Afrojack;Con lo pseudonimo di Masters At Work, le feste da lui organizzate hanno avuto molto successo e hanno attirato l'attenzione di Todd Terry.
272-1;Calcio 1990-2000;1;Quale di questi attaccanti non è stato portato da Aimé Jacquet a Euro 1996?;Anelka;Djorkaeff;Dugarry;Loko;Questa edizione, organizzata dall'Inghilterra tra l'8 giugno e il 30 giugno 1996, è stata la prima ad essere contestata da sedici nazioni.
272-2;Calcio 1990-2000;1;Quanti campionati italiani ha vinto il Milan tra il 1900 e il 1999?;Cinque;Quattro;Tre;Due;La sua grande rivale è l'Inter, l'altro club del capoluogo lombardo, i cui derby in Italia si chiamano derby della Madonnina.
272-3;Calcio 1990-2000;1;Quale Pallone d'Oro africano del 1998 aveva una capra dall'aspetto molto particolare?;Mustapha Hadji;Victor Ikbepa;Nwankwo Kanu;George Weah;Ex centrocampista della squadra di calcio del Marocco, Hadji è stato internazionale marocchino dal 1993 al 2002 con 12 gol segnati.
272-4;Calcio 1990-2000;1;"Con chi stava parlando Jean-Michel Larqué con il suo ormai leggendario ""Totally Thierry""?";Thierry Roland;Thierry Henry;Thierry Gilardi;Thierry Cazeneuve;Thierry Roland ha commentato durante la sua carriera 13 coppe del mondo, 9 campionati europei e 1360 partite di calcio.
272-6;Calcio 1990-2000;1;Chi ha avuto il tendine del ginocchio schiacciato durante la finale Bordeaux-Bayern nel 1996?;Bixente Lizarazu;Christophe Dugarry;Marcel Desailly;Lilian Thuram;Per la finale contro il Bayern Monaco, suo ultimo incontro con i Girondini, esce Lizarazu dopo un pericoloso contrasto di Emil Kostadinov.
272-9;Calcio 1990-2000;1;Chi ha preso il numero 9 dal giocatore dell'Inter Ivan Zamorano nel 1997?;Ronaldo;Klose;Rossi;Rivaldo;Capocannoniere ai Mondiali 2002 con otto reti, è stato il miglior giocatore nella finale durante la quale ha segnato due volte.
272-10;Calcio 1990-2000;1;Quale trofeo premia il miglior calciatore africano che gioca in Belgio?;Scarpa ebano;Stivale d'Oro;Scarpa in bronzo;Scarpa d'argento;Questo premio, la cui giuria comprende l'allenatore della nazionale, è stato creato nel 1992 dall'organizzazione senza scopo di lucro African Culture 
272-12;Calcio 1990-2000;2;Quale paese ha vinto la medaglia d'oro alle Olimpiadi di Barcellona 1992?;Spagna;Italia;Portogallo;Francia;Le partite sono state giocate in cinque stadi in cinque grandi città spagnole, con una competizione tutta maschile.
272-13;Calcio 1990-2000;2;"Contro chi segna Doc Gynéco nella clip ""Passing de pieds""?";Dino Zoff;Giuseppe Casari;Alberto Fontana;Luigi Sepe;"""Passement de pieds"" è tratto da ""Première Consultation"", il primo album di Doc Gynéco, pubblicato il 15 aprile 1996."
272-14;Calcio 1990-2000;2;Quale paese ha vinto la medaglia d'oro maschile alle Olimpiadi di Atlanta 1996?;Nigeria;Cina;Brasile;Norvegia;Per la prima volta, le squadre femminili partecipano ai Giochi Olimpici di calcio e, a differenza degli uomini, senza limiti di età.
272-15;Calcio 1990-2000;2;Qual era il numero di scarpe di Romario, talento dei Mondiali del 1994?;35;37;39;41;Soprannominato il piccolo, è famoso per aver vinto il Mondiale del 1994, in cui è stato nominato miglior giocatore.
272-16;Calcio 1990-2000;2;Nel 1998, chi ha prodotto lo spot Nike in cui la squadra brasiliana si diverte in un aeroporto?;John Woo;Michael Bay;James Cameron;Steven Spielberg;Si ritiene che John Woo abbia fortemente influenzato il cinema d'azione ed è noto per le sue sequenze d'azione caotiche.
272-17;Calcio 1990-2000;2;Quale consulente di lusso ha accompagnato Didier Roustan a commentare i Mondiali del 1994?;Eric Cantona;Bixente Lizarazu;Laurent Blanc;Didier Deschamps;"Didier Roustan è un giornalista sportivo francese specializzato in calcio che ha presentato e poi diretto lo spettacolo TF1 ""Téléfoot""."
272-19;Calcio 1990-2000;2;Quanti campionati inglesi ha vinto il Manchester United tra il 1900 e il 1999?;Cinque;Quattro;Tre;Sei;Il Manchester United Football Club è uno dei club più ricchi e supportati dai fan al mondo.
272-20;Calcio 1990-2000;2;Chi è stato votato miglior portiere del pianeta nel 1997 e 1998?;Jose Luis Chilavert;Walter Zenga;Oliver Kahn;Andreas Köpke;Con 67 gol segnati, è il secondo portiere ad aver segnato più gol (dopo il brasiliano Rogério Ceni ei suoi 132 gol).
272-21;Calcio 1990-2000;3;Chi ha sbagliato 3 rigori nella stessa partita nel 1999 al centro della Copa America?;Palermo;Figueroa;Cardetti;Fuertes;Martin Palermo è entrato così nel Guinness dei primati ottenendo questa pessima prestazione contro la Colombia.
272-22;Calcio 1990-2000;3;Chi è stato lo sponsor della maglia di Bayern Monaco, Milan e PSG nel 1996?;Opel;Volvo;Renault;Fiat;Il Bayern Monaco è stato sponsorizzato da Adidas (1974), Iveco (1978), Commodore (1984), Opel (1989) e Deutsche Telekom (2002).
272-23;Calcio 1990-2000;3;Quale grande giocatore rumeno è stato soprannominato il Carpatico Maradona?;Gheorghe Hagi;Gheroghe Popescu;Cosmin Contra;Adrian Mutu;È considerato uno dei migliori giocatori al mondo, soprattutto durante i suoi periodi al Real Madrid e all'FC Barcelona.
272-25;Calcio 1990-2000;3;"In che anno è stata lanciata la scarpa Adidas ""Predator""?";1994;1998;1990;2000;"Il ""Predator"" ha lamelle in gomma sulla parte anteriore dello scarpone che dovrebbero migliorare la potenza e la precisione dei colpi."
272-26;Calcio 1990-2000;3;Qual è il primo e unico gioco di calcio ad essere pubblicato su Game Gear?;"""Super Kick Off""";"""Libero Grande""";"""Sierra Soccer""";"""Actua Soccer""";"Il gioco ""Kick Off"" è stato ideato, programmato e disegnato da Dino Dini su Atari ST, che lo ha adattato con Steve Screech su Amiga."
272-28;Calcio 1990-2000;3;"Chi ha gestito la sezione ""Ramponi ad ago"" in ""Téléfoot""?";Marianne Mako;Charlotte Namura;Sophie Thalmann;Vanessa Caffin;"""Téléfoot"" è uno dei programmi televisivi più longevi della PAF, dopo ""Automoto"", ""Thalassa"" e ""Stage 2""."
272-29;Calcio 1990-2000;3;Quale giocatore inglese si è suicidato nel 1998 dopo aver dichiarato la sua omosessualità?;Justin Fashanu;Robbie Findley;Danny Fox;Trevor Francis;Accusato di aggressione, Justin Fashanu è stato trovato impiccato in un garage di Shoreditch il 2 maggio 1998, con una nota di suicidio.
272-30;Calcio 1990-2000;3;Quale guardia ha eseguito sulla sua linea un incredibile colpo di Scorpion nel 1995?;René Higuita;Jacobo Sanz;Albano Bizzarri;Sergio Asenjo;Un calcio di punizione e un rigore, Higuita ha segnato circa 40 gol nella sua carriera, di cui tre per la Colombia.
277-5;Halloween;1;Di che colore è, con il nero, tradizionalmente associato a Halloween?;Arancione;Verde;Blu;Rose;Per la storica Nadine Cretin, questi colori sono stati adottati dopo l'incontro di Halloween con l'antica festa dei morti del Messico.
277-6;Halloween;1;A casa, che denuncia certe voci contro la festa di Halloween?;Americanizzazione;Africanizzazione;Arabizzazione;Ispanizzazione;Questo termine è ampiamente usato per descrivere l'influenza esercitata dagli Stati Uniti sulla vita dei cittadini di altri paesi del mondo.
277-8;Halloween;1;Chi ha realizzato il film Halloween: Night of Masks pubblicato nel 1978?;John Carpenter;Ridley Scott;Joe Dante;Wes Craven;Questo lungometraggio prodotto da Moustapha Akkad fa parte della serie di film Halloween, che è l'opera originale.
277-9;Halloween;1;Quale personaggio è probabilmente il più popolare di Halloween?;Jack-o'-lantern;Siegfried;Aymon;Bayard;Illuminato da un carbone ardente posto in una rape infossata, Jack fu condannato a vagare senza meta fino al giorno del giudizio.
277-11;Halloween;2;Quale serie TV è il sesto episodio della seconda stagione, intitolato Halloween?;Buffy;Charmed;Fallen;Glitch;In un sondaggio organizzato da Syfy nel 2012, il pubblico televisivo si è classificato al 16 ° posto nei migliori episodi della serie.
277-12;Halloween;2;L'iconica lanterna di Halloween è da una leggenda di quale paese?;Irlanda;Norvegia;Svezia;Finlandia;Una lanterna è una rapa accesa e illuminata dall'interno con una candela e in cui è stata tagliata una faccia.
277-14;Halloween;2;Qual è il personaggio centrale della serie di film Halloween?;Michael Myers;Jigsaw;Norman Bates;Damien Thorn;Il personaggio Michael Myers appare in nove film, oltre a romanzi, un videogioco e in diversi fumetti.
277-15;Halloween;2;In Irlanda, cosa ottieni in tutto il paese per festeggiare Halloween?;Fuochi d'artificio;Lingua;Un colpo;Le stringhe;In Irlanda, Halloween è una festa molto popolare, conosciuta come la gaelica Oche Shamhna (la notte della fine dell'estate).
277-16;Halloween;2;Quanto viene speso ogni anno negli Stati Uniti per Halloween?;8 miliardi;6 miliardi;4 miliardi;2 miliardi;In diversi paesi che tradizionalmente non festeggiano Halloween, la sua introduzione ha scatenato più o meno opposizione.
277-17;Halloween;2;In quale città è proibito celebrare Halloween nelle scuole?;Mosca;Berlino;Amsterdam;Londra;In Russia, il Cremlino e la Chiesa ortodossa stanno cercando di frenare la crescente popolarità di Halloween.
277-18;Halloween;2;Quale compagnia organizzò nel 1999 un Halloween Party allo Zénith de Paris?;Coca-Cola;Lego;Playmobil;Nestlé;Il marchio Coca-Cola ha organizzato contemporaneamente più di 400 operazioni nei bar e nelle discoteche della Francia.
277-19;Halloween;2;In quale serie televisiva Halloween è il giorno più magico dell'anno?;Charmed;Fallen;Glitch;Heroes;È con questa magia che i demoni sconfitti nell'ultimo anno possono tornare dai morti per la giornata.
277-21;Halloween;3;Quale altra celebrazione è la tradizione di Halloween in eredità?;Samain;Beltaine;Imbolc;Tralee;Questo festival è stato celebrato all'inizio del autunno dai Celti ed è stato per loro una specie di festa di Capodanno.
277-22;Halloween;3;In Irlanda, quale torta di frutta leggera è stata cucinata e assaggiata durante Halloween?;Barmbrack;Koulitch;Joffre;Rombosse;Un anello è stato inserito nella torta prima della cottura e chiunque abbia trovato l'anello avrebbe trovato il vero amore durante l'anno.
277-23;Halloween;3;Quando è nata l'usanza di Dolcetto o scherzetto negli Stati Uniti?;1930;1950;1970;1990;Oggi, Halloween è celebrato da uno su due americani, il 72% distribuisce caramelle e il 40% impazzisce.
277-24;Halloween;3;Chi ha fondato la società Optos-Opus in Francia per registrare il marchio Halloween?;Philippe Cahen;André Dumont;Pascal Barbier;Alexandre Aix;L'azienda vende dolciumi, bevande, torte e vari prodotti alimentari per migliorare l'immagine della festa.
277-25;Halloween;3;In Inghilterra, cosa hanno mangiato intorno al fuoco le famiglie ad Halloween?;Nocciole;Ciliegie;Banane;Albicocche;Halloween è stato criticato in Inghilterra durante il periodo delle riforme per essere contrario alla nozione di pre-destinazione.
277-27;Halloween;3;In Francia, tra il 1990 e il 2000, che torta è stata fatta per Halloween?;Samain;Mendicante;Vacherin;Chanteclair;Questa torta è stata quindi preparata con pasta sfoglia, mele, nocciole tostate, uvetta e caramello.
277-29;Halloween;3;Cosa fanno le auto per proteggere i bambini ad Halloween a Manitoba, Churchill?;Orsi polari;Ratti del gusto;Pipistrelli;Canguri;Con le luci lampeggianti, le macchine spaventano gli orsi, che a volte possono camminare in città al calar della notte.
294-4;San Nicola;1;Oltre al bianco, quale colore è spesso associato a San Nicola?;Rosso;Nero;Blu;Giallo;Era in color malva e bianco, con un calcio, originariamente dorato, poi rosso e bianco, che lo avvicina al Babbo Natale di oggi.
294-5;San Nicola;1;In cosa si reca Saint Nicolas nel Belgio francofono?;Asino magico;Renna volante;Elefante reale;Cavallo bianco;Nel nord come nel sud del paese, Saint Nicolas viene la notte dal 5 al 6 dicembre per consegnare regali e dolci.
294-6;San Nicola;1;Cosa troviamo nei panni dei bambini belgi nel giorno di San Nicola?;Speculoos;Cougnou;Falche;Torta di zucchero;Tradizionalmente, viene consumato più spesso durante l'Avvento e più in particolare durante la festa di San Nicola.
294-8;San Nicola;1;Qual è il nome dell'accolito di Saint-Nicolas nel folklore alsaziano?;Hans Trapp;Hermann Gessler;Guifred Estruch;Bos de Benac;All'origine di questo personaggio ci sarebbe il maresciallo Jean de Dratt (Hans von Trotha), un bruto assetato di sangue che terrorizzava la popolazio
294-10;San Nicola;1;Da quale dio scandinavo si sarebbero ispirati alcuni degli attributi di San Nicola?;Odino;Loki;Thor;Vali;Odino, infatti, è sempre accompagnato dai suoi due corvi che vedono tutto e dal suo fedele cavallo Sleipnir.
294-11;San Nicola;2;Nei Paesi Bassi, quale veicolo atterra Saint Nicolas dalla Spagna?;Barca;Aereo;Mongolfiera;Aliante;Arriva dalla Spagna su uno stoomboot chiamato Pakjesboot 12 (Small Packet Boat 12).
294-12;San Nicola;2;Da quale regione della Francia San Nicola è il patrono dal 1477?;Lorena;Limosino;Linguadoca;Lione;Infatti, mentre la Lorena era occupata dalla Borgogna, il duca Renato II chiese la vittoria (che ricevette) da San Nicola.
294-13;San Nicola;2;A Nancy, per quante settimane si diffondono le feste di Saint-Nicolas?;Due settimane;Una settimana;Tre settimane;Quattro settimane;In tutta la città ci sono gare, spettacoli di strada, un mercato contadino e persino il villaggio di La Marmaille.
294-14;San Nicola;2;Quante persone sono venute ad ascoltare San Nicola a Friburgo nel 2015?;25.000;15.000;5.000;35.000;Tradizionalmente, tiene un discorso lì che contiene passaggi satirici sugli eventi della città dell'anno passato.
294-15;San Nicola;2;In Ungheria, cosa mette San Nicola negli stivali dei bambini malvagi?;Un bastone;Una banana;Un martello;Un falso ratto;San Nicola è spesso accompagnato dai Krampusz, lo spaventoso aiutante che si occupa di rapire i bambini malvagi.
294-16;San Nicola;2;Quale professione esercitò Pierre Lenoir, che sarebbe diventato padre Fouettard?;Macellaio;Falegname;massone;Fabbro;Ha tagliato tre bambini in piccoli pezzi per metterli finalmente nella sua vasca di salatura per fare un po' di sale.
294-18;San Nicola;2;Oltre ai bambini, di chi è anche il patrono San Nicola?;Avvocati;Falegnami;Specialisti IT;Segretari;Oggi è il patrono di molte aziende come detenuti, avvocati, terapisti occupazionali e scapoli.
294-19;San Nicola;2;In Austria, quali personaggi che circondano San Nicola spaventano la folla?;Krampus;Kolobox;Curupira;Lagahoo;Indossando una maschera da diavolo cornuto e pellicce spesse, agitano le catene, inseguendo le persone con i bastoni.
294-20;San Nicola;2;Cosa rappresenta la reliquia di San Nicola a Saint-Nicolas-de-Port?;Falange;Cubito;Omero;Occipitale;La basilica è stata restaurata a partire dal 1983 grazie al notevole lascito della signora Camille Croué-Friedman, originaria della città.
294-23;San Nicola;3;In Lussemburgo, cosa distribuisce padre Fouettard ai bambini cattivi?;ramoscelli;Cardi;Ortiche;Rovi;In Lussemburgo, padre Fouettard è un uomo piccolo il cui volto non è visibile perché nascosto da un enorme cappuccio.
294-24;San Nicola;3;In quale paese la marcia Iffelträger indossa enormi mitra illuminate?;Svizzera;Belgio;Ungheria;Polonia;Sono accompagnati da centinaia di persone che agitano grandi campane e campanelli.
294-25;San Nicola;3;"Chi ha dipinto ""La Saint-Nicolas"", visibile al Rijksmuseum di Amsterdam?";Jan Steen;Jacobus Vrel;Cornelis Vroom;Andries Stock;Rappresentante del barocco, Jan Steen è uno dei più importanti pittori di genere olandesi del suo tempo.
294-26;San Nicola;3;"Chi ha pubblicato nel 2004 il fumetto ""Il santo patrono"" nella collezione Ciboulette?";Jochen Gerner;Paul Gillon;Jean Graton;Alain Goutal;Nato a Nancy nel 1970, Jochen Gerner si è laureato all'École nationale supérieure d'art de Nancy, dove ha studiato dal 1988 al 1993.
294-27;San Nicola;3;Cosa distribuisce Saint Nicolas ai bambini di Romont, nel cantone di Friburgo?;Biscotti;Bricchetti;Caracs;Cuchaules;Consumato nel nord della Svizzera, il biscôme è una specie di panpepato piatto, di colore marrone e dal sapore piccante.
294-28;San Nicola;3;Chi ha fatto rivivere la tradizione di Saint-Nicolas a Bulle, capoluogo del distretto della Gruyère?;Henri Gremaud;Nicolas Marchal;Joseph Bertrand;Ernest Bonnardel;Oggi l'organizzazione e l'animazione del festival sono nelle mani della compagnia teatrale Trétaux de Chalamala.
294-29;San Nicola;3;Da quale capoluogo del distretto di Sarine Saint Nicolas è il patrono della città?;Friburgo;corsetto;Avry;Ponthaux;La città svizzera è posta sotto il patronato di San Nicola di Mira, Santa Barbara e Santa Caterina d'Alessandria.
365-1;Microsoft;1;In quale città era nel 2018 la sede di Microsoft?;Redmond;New York;Parigi;Londra;Questa città dello stato di Washington ospita la sede del produttore di software Microsoft e la filiale americana di Nintendo.
365-2;Microsoft;1;Quale nome è la console per videogiochi progettata da Microsoft?;Xbox;Wii;PlayStation;Game Gear;In origine, una Xbox poteva eseguire solo i programmi Xbox da un supporto in formato Microsoft DVD proprietario.
365-3;Microsoft;1;Chi, con Bill Gates, è il co-fondatore di Microsoft?;Paul Allen;Larry Ellison;Elon Musk;Alex Spanos;Paul Allen è anche azionista di un impero finanziario di più società nei settori delle alte tecnologie.
365-4;Microsoft;1;Quale famoso simulatore di volo per PC è stato progettato da Microsoft?;Flight Simulator;Fight Simulator;Freight Simulator;Fog Simulator;Bill Gates è affascinato dal romanzo di Antoine de Saint Exupéry Night Flight, che racconta la storia di volare su un piccolo aereo.
365-5;Microsoft;1;Quale nome è stato scelto da Microsoft per la commercializzazione del suo smartphone?;Lumia;Loumnia;Lomna;Loubna;Questa serie di smartphone e un touch pad è il risultato della collaborazione con Nokia, il produttore di telefoni.
365-6;Microsoft;1;Quale sistema operativo è stato commercializzato tra Windows 98 e Windows XP?;Windows ME;Windows TE;Windows RE;Windows VE;Completamente basato su Windows 98, a sua volta basato su Windows 95, Windows ME era la famiglia Windows e il pendente multimediale.
365-7;Microsoft;1;Quale servizio di archiviazione online è stato inventato da Microsoft?;OneDrive;TwoDrive;ThreeDrive;FourDrive;Il servizio può essere utilizzato in due modi: tramite un browser Web o tramite il software OneDrive che consente la sincronizzazione.
365-8;Microsoft;1;Qual è il nome del tablet progettato dai designer Microsoft?;Superficie;Uragano;Tempesta;Tabsoft;La prima generazione di tablet è stata introdotta nel 2012 in cui sono presentate due versioni di Surface: Surface RT e Surface Pro.
365-9;Microsoft;1;In quale anno è stata fondata la società multinazionale Microsoft Corporation?;1975;1985;1995;2005;Il suo core business è lo sviluppo e la vendita di sistemi operativi, software e prodotti hardware.
365-10;Microsoft;1;Qual è la parola dietro la lettera O del sistema operativo MS-DOS?;Operativo;Operatore;Opera;Opale;Questo sistema in esecuzione in modalità reale, utente singolo e utente singolo, era richiesto da un'interfaccia della riga di comando.
365-11;Microsoft;2;Chi ha sostituito Bill Gates come amministratore delegato nel gennaio 2000?;Steve Ballmer;Steve Jobs;Steve Stones;Satya Nadella;Dal 2014, Steve Ballmer è il nuovo proprietario dei Clippers, una società di basket NBA con sede a Los Angeles.
365-12;Microsoft;2;Come si chiama la moglie di Bill Gates, nata a Dallas nel 1964?;Melinda;Melissa;Melanie;Mandy;Per la fondazione che ha co-presieduto dal 1999, Melinda Gates viaggia diverse volte all'anno in paesi dell'Africa e dell'Asia.
365-14;Microsoft;2;Quanto è aumentata la forza lavoro di Microsoft dal 2005 al 2014?;Raddoppiata;Triplé;Quadruplicato;Quintuplé;L'IPO di Microsoft ha fatto quattro miliardari e circa 12.000 milionari tra i dipendenti Microsoft.
365-15;Microsoft;2;In quale anno Microsoft ha acquistato il software Skype?;2011;2001;2008;2009;Skype è un software che consente agli utenti di effettuare videochiamate o videochiamate su Internet, oltre alla condivisione dello schermo.
365-17;Microsoft;2;Quale hardware può controllare un'interfaccia senza utilizzare un controller?;Kinect;Xbox Gun;PowerShot;Konect;Originariamente noto come Project Natal, il marchio Kinect deriva dalle parole inglesi kinetic (kinetic) e connect (connect).
365-18;Microsoft;2;Dopo quanti anni è stato commercializzato il successore di Windows XP?;5 anni;3 anni;4 anni;6 anni;Sostituito da Windows Vista, Windows XP (Home e Professional) è stato venduto a quasi 400 milioni di copie.
365-19;Microsoft;2;Quale GUI ha sostituito il tema Luna di Windows XP?;Aero;Zorro;Rollo;Doro;L'interfaccia Aero è stata progettata per essere più potente, più efficiente e più esteticamente gradevole del vecchio tema Luna.
365-20;Microsoft;2;Nel 2019, quante volte Microsoft ha adattato il suo logo commerciale sin dal suo inizio?;4 volte;3 volte;2 volte;1 volta;I prodotti dell'ultimo logo sono Office per il quadrato rosso, Xbox per il quadrato, Windows per il quadrato blu e Bing per il quadrato giallo.
365-23;Microsoft;3;Che progetto di realtà aumentata è stato presentato da Microsoft?;Skinput;Skinproject;Skinfall;Tinyput;Nel febbraio 2011, Microsoft Research ha presentato le sue prospettive in realtà aumentata, in particolare con i progetti Skinput e Light Space.
365-24;Microsoft;3;In quanti settori tecnici è composta la gamma Windows?;Cinque;Quattro;Tre;Due;I cinque rami tecnici di Windows sono il ramo a 16 bit, il ramo Windows 9x, il ramo NT, il ramo CE e il ramo NT.
365-25;Microsoft;3;Quale concorrente di Microsoft ha condannato quando ha rilasciato Internet Explorer 3.0?;Netscape;NetView;NetBrowser;NetPlan;Il supporto di Netscape Navigator è cessato nel 2008, ma è l'origine del browser Mozilla Firefox, ancora in fase di sviluppo.
365-26;Microsoft;3;Quale compagnia, nota per il suo gioco Minecraft, è stata acquistata da Microsoft nel 2014?;Mojang;Mojing;Mojung;Motang;Nel 2011, il fondatore di Napster ed ex presidente di Solidarity di Facebook, Sean Parker, propose di investire a Mojang.
365-27;Microsoft;3;Qual è il nome in codice del progetto associato al browser Microsoft Edge?;Spartan;John;Runny;Ben;Dal mese di febbraio 2018, Edge non è più un'esclusiva per Windows 10: Microsoft ha portato il browser su iOS e Android.
365-30;Microsoft;3;Qual è l'area approssimativa del Microsoft Redmond Campus?;80 km²;8 km²;900.000 m²;100.000 m²;I campus storici di oriente e occidente hanno più di 120 edifici di quasi 700.000 m² su oltre 200 ettari.
383-2;Sul campo da tennis;1;Quale tennista brasiliano professionista si chiama Kuga?;Gustavo Kuerten;Björn Borg;John McEnroe;Novak Djokovic;Gustavo Kuerten ha vinto venti titoli singoli sul circuito ATP, tra cui tre tornei Roland-Garros, un Masters e cinque Masters 1000.
383-3;Sul campo da tennis;1;Sebbene pieno d'aria, di che materiale sono fatte le palline da tennis?;Gomma;Vetro;Plastica;Cartone;Una palla da tennis è costituita da un guscio di gomma, chiamato nucleo, ricoperto di feltro, spesso di colore giallo o bianco.
383-4;Sul campo da tennis;1;Quale squadra ha vinto la Coppa Davis 2017, la 106a edizione di questo torneo?;Francia;Belgio;Svizzera;Italia;La Francia di Yannick Noah ha così vinto la sua decima Coppa Davis, tra l'altro grazie alla vittoria di Lucas Pouille su Steve Darcis.
383-5;Sul campo da tennis;1;Quale giocatore belga di piccole dimensioni ha comunque vinto il torneo Roland-Garros?;Justine Henin;Kim Clijsters;Elise Mertens;Nancy Feber;Grazie alla varietà del suo gioco, John McEnroe ha definito il suo rovescio il miglior rovescio del mondo, uomini e donne messi insieme.
383-6;Sul campo da tennis;1;Quanti campi ci sono al French Tennis Open?;17;12;24;8;I tre tribunali più grandi sono il tribunale Philip-Chatrier (o tribunale centrale), il castello di Suuzanne-Lenglen e il tribunale di Lione-Mathieu.
383-8;Sul campo da tennis;1;Alla fine del 2019, quante volte Rafael Nadal ha vinto il Roland-Garros?;Dodici;Undici;Sette;Tredici;Dopo aver vinto 19 tornei del Grande Slam, è l'unico giocatore ad aver vinto 12 titoli singoli in uno di questi quattro tornei principali.
383-9;Sul campo da tennis;1;Qual è la nazionalità del tennista professionista Roger Federer?;Svizzera;Austriaco;Svedese;Francese;Nato a Basilea, Federer detiene il record per 310 settimane trascorse al primo posto nella classifica del tennis ATP World Tour.
383-10;Sul campo da tennis;1;In quanti tornei principali è costituito il Grand Slam del tennis?;Quattro;Cinque;Tre;Sei;I quattro tornei sono gli Australian Open a Melbourne, il Roland-Garros a Parigi, gli US Open a New York e Wimbledon a Londra.
383-11;Sul campo da tennis;2;Quanti giocatori francesi hanno vinto il Roland-Garros tra il 1925 e il 2019?;Cinque;Dieci;Sette;Tre;I vincitori francesi del Roland-Garros sono dieci nomi: 5 giocatori francesi e 5 giocatori hanno vinto sull'argilla parigina.
383-12;Sul campo da tennis;2;Qual è la nazionalità della tennista Serena Williams?;Americano;Inglese;Brasiliano;Francese;Serena Jameka Williams, sorella del giocatore Venus Williams, è una tennista americana nata il 26 settembre 1981 a Saginaw.
383-13;Sul campo da tennis;2;Quale tennista francese possiamo vedere in una pubblicità di Kinder Bueno?;Jo-Wilfried Tsonga;Yannick Noah;Gael Monfils;Richard Gasquet;Jo-Wilfried Tsonga ha chiesto ai suoi sostenitori di interrompere le battute a volte incessanti sulla sua collaborazione con Kinder Bueno.
383-18;Sul campo da tennis;2;Quale tennista detiene il record piuttosto speciale per il numero di racchette rotte?;Marat Safin;John McEnroe;Marcos Baghdadis;Roger Federer;L'ex numero uno al mondo ha rotto 1.055 frame in 689 partite ufficiali durante la sua carriera, o 1,5 racchette per partita.
383-19;Sul campo da tennis;2;Nel tennis, qual è l'attuale record di velocità approssimativa registrato in servizio?;260 km / h;170 km / h;280 km / h;200 km / h;Secondo quanto riferito, uno sconosciuto tennista australiano ha battuto il record di velocità di servizio con 263 km / h.
383-20;Sul campo da tennis;2;Quale lavoro fu Roland Garros, che diede il nome allo stadio costruito nel 1928?;Aviatore;Calciatore;Navigatore;Avvocato;Aviatore francese, tenente pilota durante la prima guerra mondiale, Roland Garros nacque il 6 ottobre 1888 a Saint-Denis de La Réunion.
383-21;Sul campo da tennis;3;Nel 2019, chi ha detenuto il titolo mondiale nel tennis maschile?;Federer;Djokovic;Sampras;Nadal;Roger Federer è l'unico giocatore nella storia del tennis ad aver vinto tre tornei del Grande Slam almeno cinque volte.
383-22;Sul campo da tennis;3;In quanti set vincenti si giocano le partite del Grand Slam femminile?;Due;Tre;Quattro;Cinque;Gli uomini giocano il meglio dei cinque inning mentre le donne competono solo in due set vincenti.
383-23;Sul campo da tennis;3;Quante ore ci sono volute Nadal per superare la Roma di Federer nel 2006?;Cinque;Quattro;Due;Tre;I buoni risultati di Nadal gli permetteranno di prendere il posto di Roger Federer a capo della classifica ATP Race 2007 il 30 aprile.
383-24;Sul campo da tennis;3;Qual è la dimensione ufficiale di un campo da tennis?;23,77 x 8,23 m;15 x 5 m;21,52 x 8,15 m;24,73 x 9,17 m;Le linee di fondo di un campo da tennis misurano 8,23 metri. Le linee laterali, disegnate lungo la lunghezza, sono 23,77 metri.
383-25;Sul campo da tennis;3;Quanti decibel sono state pronunciate le grida di Maria Sharapova sul campo?;105 dbs;83 dbs;126 dbs;50 dbs;Oltre a questo rumore equivalente a quello dell'elica di un piccolo aereo in decollo, spinge curiose meditazioni tra ogni punto.
383-26;Sul campo da tennis;3;Quale tennista ha causato la morte di un arbitro per una delle sue palle che lo ha colpito?;Stefan Edberg;Jimmy Connors;Mats Wilander;Björn Borg;Il 10 settembre 1983, uno dei proiettili di Stefan Edberg colpì un guardalinee, Dick Wertheim, allora 61enne, con tutta la forza.
383-27;Sul campo da tennis;3;Nei single, al suo centro, una rete da tennis dovrebbe essere alta?;91 cm;75 cm;103 cm;88 cm;L'altezza della rete al centro deve essere saldamente trattenuta da una cinghia e offrire un'altezza di 0,914 metri o tre piedi.
383-29;Sul campo da tennis;3;Chi ha assegnato al vincitore il trofeo maschile Roland-Garros nel 2005?;Zinédine Zidane;Cedric Pioline;Tony Parker;Teddy Riner;Zidane ha consegnato la prima Coppa dei Moschettieri a Nadal, vincitore del torneo dopo la finale contro l'argentino Mariano Puerta.
403-2;iPhone;1;In quale anno è stato rilasciato il primo modello chiamato iPhone?;2007;2008;2009;2010;Dal 24 aprile 2020, dal 2007 sono stati commercializzati 25 diversi modelli di iPhone: uno all'anno fino al 2012, quindi due o tre.
403-3;iPhone;1;Quale azienda americana commercializza ancora oggi l'iPhone?;Apple;Microsoft;Dell;IBM;Tra i prodotti più noti dell'azienda ci sono computer Macintosh, iPod, iPhone e iPad, Apple Watch.
403-4;iPhone;1;Chi è stato il presentatore del primo modello di iPhone durante il Keynote in California?;Steve Jobs;Mark Zuckerberg;Tim Cook;Steve Ballmer;Dopo aver perso la sua lotta per il potere su Apple con John Sculley, Steve Jobs lasciò la società nel 1985 per fondare NeXT.
403-7;iPhone;1;In quale città si tiene la presentazione annuale di iPhone ogni anno?;San Francisco;New York;Los Angeles;Chicago;Il CEO di Apple ha presentato il dispositivo il 9 gennaio 2007 al discorso di apertura alla fiera Macworld di San Francisco.
403-10;iPhone;1;Chi gestisce lo sblocco di ciascun iPhone eventualmente collegato a un operatore?;Apple;L'operatore;L'utente;Persona;L'iPhone è l'unico smartphone in cui lo sblocco, che consente di modificare il provider di accesso, è gestito direttamente dal produttore.
403-11;iPhone;2;Nel 2020, quanti diversi modelli di iPhone sono stati commercializzati dalla sua creazione?;25;20;21;22;Tra le caratteristiche che distinguono l'iPhone dai prodotti della concorrenza c'è un'interfaccia composta da uno schermo multi-touch.
403-12;iPhone;2;Quante copie del primo iPhone sono state vendute negli Stati Uniti dopo tre settimane?;200.000;300.000;400.000;100.000;La principale innovazione dell'iPhone è la possibilità di poter interagire con lo schermo attraverso un'intuitiva interfaccia touch a due dita.
403-14;iPhone;2;Qual è stato il prezzo in euro dell'iPhone 6S 16 Go quando è stato lanciato nel 2015?;749;849;969;1.069;Le vendite di questo modello sono state incredibili, battendo tutti i record nella storia di Apple per un weekend di lancio di iPhone.
403-15;iPhone;2;Che abbiamo mitigato i tre microfoni installati su iPhone 5 dal 2012?;Rumore di fondo;Frizzante;Respiro;Larsen;Con la sua custodia in alluminio, l'iPhone 5 è il primo iPhone completamente sviluppato sotto la direzione di Tim Cook.
403-16;iPhone;2;Quale materiale resistente è stato utilizzato per lucidare i bordi di iPhone 5?;Diamante;Ferro;Titanio;Bolt;Il tempo di produzione dell'iPhone 5 sarà il più breve della gamma, con solo 1 anno, rompendo così l'abitudine dell'azienda.
403-17;iPhone;2;In quale anno la connettività tramite la presa mini-jack da 3,5 mm è scomparsa dall'iPhone?;2016;2017;2018;2019;La rimozione della spina mini-jack da 3,5 mm, rendendo difficile l
403-20;iPhone;2;Qual era il significato del 5C incluso nel nome iPhone 5C?;5 colori;5 sensori;5G;5 anni di garanzia;Questo iPhone adotta un nuovo design che incorpora una scocca in policarbonato disponibile in 5 colori: bianco, blu, giallo, rosa e verde.
403-21;iPhone;3;Fino al 2020, in quanti brevetti sono state descritte le innovazioni dell'iPhone?;300;400;500;600;Nell'aprile 2017, Apple confermerà il lavoro sulla progettazione delle proprie schede grafiche, finora fornite da Imagination Technologies.
403-24;iPhone;3;Nel 2020, quale iPhone aveva lo schermo più grande mai progettato finora?;11 Pro Max;11 Pro;XR;SE;Per ridurre l'impatto ambientale della produzione di iPhone 11, il 25 % del peso della terra rara dell'iPhone proviene dal riciclaggio.
403-25;iPhone;3;Quante pagine possono essere presenti nella schermata principale di iPhone?;12;11;10;9;Nel 2016, secondo Time Magazine, l'iPhone è stato uno dei cinquanta gadget tecnologici più influenti di tutti i tempi.
403-26;iPhone;3;Quale modello di iPhone ha avuto il SAR più elevato nel periodo 2007-2017?;iPhone 7;iPhone 6;iPhone 5;iPhone 5S;Il tasso di assorbimento specifico di iPhone 7 è 1,38 W / kg, oltre il 30 % in più rispetto al SAR di iPhone 6s e 6s Plus.
403-30;iPhone;3;Quale modello di iPhone è il più leggero dall'esistenza dello smartphone Apple?;iPhone SE 2016;iPhone SE 2020;iPhone 5S;iPhone 4;Con il suo design iPhone 5s, è disponibile in 4 colori (oro, argento, grigio spazio e oro rosa) con un logo SE inciso sul retro del dispositivo.
405-1;Folclore giapponese;1;Come si chiama oggi il tradizionale abito a forma di T giapponese?;Kimono;Keikogi;Tabi;Haori;Prima dell'introduzione dell'abbigliamento occidentale in Giappone, il termine kimono si riferiva a tutti i tipi di abbigliamento in base alle stagion
405-3;Folclore giapponese;1;Cosa significa o rappresenta uno Yokai nel folklore giapponese?;Spirito;Cane;Alcool;Albero;Uno yokai è raffigurato come uno spirito malvagio o semplicemente malizioso che dimostra fastidi quotidiani o insoliti.
405-4;Folclore giapponese;1;Quale cibo giapponese è fatto con fette di pesce fresco mangiate crude?;Sashimi;Sushi;Maki;Nigiri;Questo piatto tradizionale è troppo spesso equiparato al sushi, che viene anche mangiato con wasabi e salsa di soia.
405-5;Folclore giapponese;1;Quali ideogrammi di origine cinese sono usati nella lingua giapponese?;Kanji;Romaji;Katakanas;Hiraganas;Numero 2000 e sebbene correlati, ogni kanji ha una o più possibili espressioni fonologiche, chiamate letture.
405-6;Folclore giapponese;1;Quale animale e simbolo giapponese è spesso rappresentato in forma di origami?;Gru;Scimmia;Gatto;Drago;La leggenda delle mille gru racconta in Giappone che se pieghi un migliaio di gru di carta durante l'anno, potresti realizzare il tuo desiderio.
405-7;Folclore giapponese;1;Qual è il nome del capo di stato giapponese, erede di una successione ininterrotta?;Imperatore;Sovrano;Guida;Presidente;Secondo la Costituzione del 1947, l'imperatore ha solo un ruolo simbolico, il potere esecutivo è detenuto dal Primo Ministro.
405-8;Folclore giapponese;1;Quale albero ornamentale, chiamato anche Sakura, celebra la fioritura dei giapponesi?;Ciliegio;Se;Acero;Pino;Utilizzati come alberi ornamentali, questi ciliegi che segnano il ritorno della primavera non vengono piantati per i loro frutti.
405-10;Folclore giapponese;1;Quale di queste arti marziali non è di origine giapponese?;Kung-fu;Judo;Karate;Ju-jitsu;Il termine Kung fu, introdotto in Europa negli anni '70, viene usato dagli occidentali per riferirsi alle arti marziali cinesi.
405-11;Folclore giapponese;2;Come si chiamano i membri della mafia giapponese?;Yakuza;Onizuka;Udon;Onigiri;L'universo di Yakuza è un'importante fonte di ispirazione per la cultura giapponese, che funge anche da base per alcuni sceneggiatori.
405-12;Folclore giapponese;2;Qual è lo sport più popolare e praticato in Giappone?;Baseball;Sumo;Piede;Tennis;Il baseball, comunemente noto come yakyu, è uno sport che richiede lavoro di squadra e concentrazione, che ai giapponesi piace molto.
405-14;Folclore giapponese;2;Quali donne della casa dedicano la loro vita alle arti tradizionali giapponesi?;Geisha;Zashiki;Hanamachi;Geta;Coltivando raffinatezza, le geishe offrono supporto e servizi di intrattenimento per una clientela molto ricca.
405-15;Folclore giapponese;2;Fino al XIX secolo, chi deteneva il potere militare e civile in Giappone?;Shogun;Edo;Azuchi;Daimyo;Il titolo di grande pacificatore generale dei barbari fu abolito nel 1868, il potere effettivo fu restituito all'imperatore e ai suoi delegati.
405-16;Folclore giapponese;2;Quale cibo è tofu il formaggio dalla cagliata?;Fagioli di soia;Riso;Miso;Orzo;Il tofu è una pasta bianca, morbida, poco odorifera dal gusto piuttosto neutro, che costituisce una base importante della dieta asiatica.
405-17;Folclore giapponese;2;Quali sono gli Onsen, luoghi di relax radicati nella tradizione giapponese?;Bagni termali;Sale da tè;Giardini fioriti;Aste grigie;L'acqua per questi bagni caldi generalmente comuni proviene da fonti vulcaniche a volte rinomate per le loro proprietà terapeutiche.
405-18;Folclore giapponese;2;Quale suffisso onorario viene utilizzato per rivolgersi a un professore o un artista?;Sensei;Senpai;San;Kun;Per impostazione predefinita, usiamo San, che è il suffisso più elementare in giapponese, questi suffissi possono generalmente essere tradotti come Mo
405-19;Folclore giapponese;2;Come si raccomanda di festeggiare il Natale in Giappone?;In amore;Con la famiglia;Tra colleghi;Solo;La festa di Natale viene importata dall'Occidente, quindi è puramente commerciale e considerata come una sorta di secondo San Valentino.
405-20;Folclore giapponese;2;Qual è Raijin (o Raiden) il dio nella mitologia giapponese?;Tuono;Morte;Coraggio;Sole;Fu Raiden a essere ritenuto responsabile del fallimento del tentativo di invasione mongola in Giappone nel 1274 quando creò il tifone Kamikaze.
405-21;Folclore giapponese;3;In Giappone, cosa stai rischiando attaccando le bacchette nel cibo durante un pasto?;Cattivo presagio;Malcontento;Prigione;Esclusione;Le bacchette giapponesi, corte, con punta appuntita, generalmente realizzate in legno laccato, vengono consumate al ritmo di 400 bacchette usa e getta
405-22;Folclore giapponese;3;Come è organizzato a salutarsi cordialmente in Giappone?;Inchino;Gridare;Baciando;In ginocchio;Il grado di inclinazione dipende dalla persona che desideri salutare, con l'obiettivo di evitare il più possibile il contatto fisico.
405-23;Folclore giapponese;3;Quale studio cinematografico animato è stato fondato da Hayao Miyazaki?;Ghibli;Madhouse;Toei;Pierrot;"Ben noti al grande pubblico, le sue opere principali sono ""Il castello errante di Howl"", ""Spirited Away"" o persino ""Principessa Mononoke""."
405-24;Folclore giapponese;3;Cosa sono l'hara-kiri e il seppuku, usati da una persona disonorata?;Suicidio;Teatro;Prigione;Sabre;L'hara-kiri fu usato da una persona disonorata (adulterio, tradimento, ...) e poi rese possibile riconquistare e lavare il suo onore.
405-25;Folclore giapponese;3;In Giappone, quale numero ha la stessa reputazione del numero 13 in Occidente?;Quattro;Sette;Tre;Novità;In Cina, Giappone e Corea, c'è una superstizione molto comune, la tetrafobia o la paura del numero 4 (che è dichiarato morto).
405-26;Folclore giapponese;3;"Cosa ti dice un giapponese che dice le parole ""Ohayou gozaimasu""?";Ciao;Addio;Mille Grazie;A domani;"In Giappone, le parole ""Ohayou gozaimasu"" vengono utilizzate prima di mezzogiorno, mentre la parola ""Konichiha"" viene utilizzata principalmente nel po"
405-27;Folclore giapponese;3;Cosa è meglio rimuovere in Giappone prima di entrare in una casa?;Le sue scarpe;I suoi pantaloni;Il suo cappello;I suoi occhiali;Anche l'ingresso di una casa è molto spesso rialzato, il che rende possibile distinguere il luogo in cui è necessario rimuovere le scarpe.
405-30;Folclore giapponese;3;Sado è la cerimonia di preparazione per quale bevanda?;Tè verde;Sake;Caffè;Succo di ciliegia;Ispirato in parte al buddismo Zen, usando il matcha, una polvere di tè verde macinato, Sado è una vera arte tradizionale in Giappone.
413-1;Colombofilia;1;Lo sport del piccione riguarda l'allevamento di quali animali?;Piccioni;Uccelli;Anatre;Galline;Lo sport dei piccioni è anche l'arte di far competere i piccioni viaggiatori attraverso uno sport non ufficiale e poco conosciuto.
413-3;Colombofilia;1;Qual è il peso medio generale di un piccione viaggiatore?;400 g;1 kg;100 g;2 kg;In una competizione difficile a causa del tempo, il piccione viaggiatore può perdere quasi la metà del suo peso.
413-4;Colombofilia;1;All'incirca a che età un giovane uccello può essere separato dai suoi genitori?;3 settimane;8 mesi;6 mesi;1 anno;Nel gergo dei piccioni, un bambino può essere svezzato dopo circa tre o quattro settimane.
413-5;Colombofilia;1;Secondo una frase rimasta famosa per gli appassionati di piccioni, cosa fanno i corrieri?;Stanno aspettando;Piangono;Corrono;Pregano;Al giorno d'oggi, gli appassionati di piccioni consultano Internet per informazioni aggiornate relative al rilascio di piccioni.
413-6;Colombofilia;1;Come si chiamano le grandi e rigide penne delle ali di piccione?;Remiges;Remi;Giù;Piumaggio;Ogni specie ha penne di volo di diverse forme o colori, il che rende possibile identificare gli uccelli.
413-10;Colombofilia;1;Quale malattia spesso costringe l'allevatore di piccioni a confinare i suoi piccioni?;Influenza aviaria;Coronavirus;Bronchite;Meningite;I virus aviari che sono diffusi negli uccelli a volte possono infettare gli esseri umani: questo è il caso del virus H5N1.
413-11;Colombofilia;2;Quante dita ha il piccione su ciascuna gamba?;Quattro;Sei;Otto;Due;La zampa del piccione, presente in tutti i continenti, poggia su tre dita nella parte anteriore e su un dito nella parte posteriore.
413-13;Colombofilia;2;Quale città rappresenta la distanza più lunga percorsa dai piccioni olandesi e belgi?;Barcellona;Lille;Parigi;Casablanca;La competizione internazionale di Barcellona è un appuntamento imperdibile per molti appassionati di piccioni.
413-15;Colombofilia;2;Quale acronimo designa il corpo centrale dello sport del piccione belga?;R.F.C.B.;S.C.B.;F.G.T.B.;A.C.B.;La Federazione reale belga colombiana è stata fondata in occasione del congresso internazionale degli appassionati di piccioni il 16 ottobre 1910.
413-18;Colombofilia;2;Quante uova depone solitamente la femmina di piccione per covata?;Due;Quattro;Sei;Otto;Se, ad esempio, le uova sono rotte, la femmina di solito depone di nuovo le uova dopo una decina di giorni.
413-19;Colombofilia;2;Quanti chilometri può percorrere un piccione viaggiatore in un giorno?;1.000 km;200 km;500 km;50 km;Un piccione liberato la mattina a 1000 km da casa è in grado di raggiungere il suo loft lo stesso giorno al calar della notte.
413-20;Colombofilia;2;Quanto velocemente può raggiungere un piccione viaggiatore con un forte vento in spinta?;120 km / h;50 km / h;20 km / h;200 km / h;Un piccione viaggiatore può percorrere 1.200 chilometri in 16 ore, il record è di 11.590 km in 24 giorni tra Saigon e Lille.
413-21;Colombofilia;3;Dov'è la ghiandola uropigiana del piccione, la specifica ghiandola intradermica degli uccelli?;Groppa;Testa;Collo;Ali;Questa ghiandola, che viene utilizzata principalmente per il mantenimento del piumaggio, viene costantemente utilizzata durante le sessioni di toelett
413-23;Colombofilia;3;A che ora del giorno la zecca del piccione si nutre del suo sangue?;Notte;Giorno;Mattina;Pomeriggio;Il nome scientifico per la zecca del piccione è Argas reflexus. A volte questo segno di spunta si nutre anche di esseri umani.
413-27;Colombofilia;3;Quante penne volanti ci sono nell'ala del piccione viaggiatore?;Dieci;Quindici;Venti;Venticinque;Le remiganti, queste grandi penne alari rigide, sono talvolta in numero di 11 e sono dirette verso l'esterno e la parte posteriore dell'ala.
413-28;Colombofilia;3;Quanti appassionati di piccioni belgi ci sono ancora in attività?;20.000;2.000;200.000;100.000;Lo sport dei piccioni sta perdendo le piume in Belgio: il numero di appassionati di piccioni dopo la seconda guerra mondiale era di 250 000.
413-29;Colombofilia;3;Come si chiamano le gare di piccioni viaggiatori su 800 km in Belgio?;Sfondo grande;Velocità;Mezza distanza;Sfondo;Le gare sono così distribuite: velocità compresa tra 50 e 200 km, media distanza tra 250 e 500 km e lunga distanza tra 600 e 750 km.
413-30;Colombofilia;3;Per quale importo record è stato venduto il piccione viaggiatore più costoso del mondo?;1.252.000 ;473.000 ;45 850 ;10.500 ;In un'asta nel 2019, il piccione fiammingo Armando è stato venduto per 1.252.000 euro a un appassionato di piccioni cinese.
